algorithm,instance,family,type,seed,run_idx,distance,vehicles,time_ms,iters,feasible,ref_dinamics,gap_pct
grasp,C101,C,1,1,0,827.3,10,1013,133,1,827.3,0.000
grasp,C101,C,1,2,1,827.3,10,1015,133,1,827.3,0.000
grasp,C101,C,1,3,2,827.3,10,1018,133,1,827.3,0.000
grasp,C101,C,1,4,3,827.3,10,1012,133,1,827.3,0.000
grasp,C101,C,1,5,4,827.3,10,1027,133,1,827.3,0.000
grasp,C101,C,1,6,5,827.3,10,1016,133,1,827.3,0.000
grasp,C101,C,1,7,6,827.3,10,1030,133,1,827.3,0.000
grasp,C101,C,1,8,7,827.3,10,1023,133,1,827.3,0.000
grasp,C101,C,1,9,8,827.3,10,1006,133,1,827.3,0.000
grasp,C101,C,1,10,9,827.3,10,1023,133,1,827.3,0.000
grasp,C101,C,1,11,10,827.3,10,1016,133,1,827.3,0.000
grasp,C101,C,1,12,11,827.3,10,1025,133,1,827.3,0.000
grasp,C101,C,1,13,12,827.3,10,1012,133,1,827.3,0.000
grasp,C101,C,1,14,13,827.3,10,1024,133,1,827.3,0.000
grasp,C101,C,1,15,14,827.3,10,952,133,1,827.3,0.000
grasp,C101,C,1,16,15,827.3,10,959,133,1,827.3,0.000
grasp,C101,C,1,17,16,827.3,10,1019,133,1,827.3,0.000
grasp,C101,C,1,18,17,827.3,10,961,133,1,827.3,0.000
grasp,C101,C,1,19,18,827.3,10,1016,133,1,827.3,0.000
grasp,C101,C,1,20,19,827.3,10,958,133,1,827.3,0.000
grasp,C101,C,1,21,20,827.3,10,958,133,1,827.3,0.000
grasp,C101,C,1,22,21,827.3,10,948,133,1,827.3,0.000
grasp,C101,C,1,23,22,827.3,10,1017,133,1,827.3,0.000
grasp,C101,C,1,24,23,827.3,10,945,133,1,827.3,0.000
grasp,C101,C,1,25,24,827.3,10,1014,133,1,827.3,0.000
grasp,C101,C,1,26,25,827.3,10,1016,133,1,827.3,0.000
grasp,C101,C,1,27,26,827.3,10,949,133,1,827.3,0.000
grasp,C101,C,1,28,27,827.3,10,1009,133,1,827.3,0.000
grasp,C101,C,1,29,28,827.3,10,965,133,1,827.3,0.000
grasp,C101,C,1,30,29,827.3,10,1013,133,1,827.3,0.000
i1,C101,C,1,1,0,922.0,10,0,0,1,827.3,11.447
rgrasp,C101,C,1,1,0,827.3,10,2899,132,1,827.3,0.000
rgrasp,C101,C,1,2,1,827.3,10,2847,132,1,827.3,0.000
rgrasp,C101,C,1,3,2,827.3,10,2723,132,1,827.3,0.000
rgrasp,C101,C,1,4,3,827.3,10,2698,132,1,827.3,0.000
rgrasp,C101,C,1,5,4,827.3,10,2815,132,1,827.3,0.000
rgrasp,C101,C,1,6,5,827.3,10,2725,132,1,827.3,0.000
rgrasp,C101,C,1,7,6,827.3,10,2924,132,1,827.3,0.000
rgrasp,C101,C,1,8,7,827.3,10,2798,132,1,827.3,0.000
rgrasp,C101,C,1,9,8,827.3,10,2605,132,1,827.3,0.000
rgrasp,C101,C,1,10,9,827.3,10,2474,132,1,827.3,0.000
rgrasp,C101,C,1,11,10,827.3,10,2617,132,1,827.3,0.000
rgrasp,C101,C,1,12,11,827.3,10,2671,132,1,827.3,0.000
rgrasp,C101,C,1,13,12,827.3,10,2969,132,1,827.3,0.000
rgrasp,C101,C,1,14,13,827.3,10,2723,132,1,827.3,0.000
rgrasp,C101,C,1,15,14,827.3,10,2886,132,1,827.3,0.000
rgrasp,C101,C,1,16,15,827.3,10,2938,132,1,827.3,0.000
rgrasp,C101,C,1,17,16,827.3,10,2872,132,1,827.3,0.000
rgrasp,C101,C,1,18,17,827.3,10,2607,132,1,827.3,0.000
rgrasp,C101,C,1,19,18,827.3,10,2617,132,1,827.3,0.000
rgrasp,C101,C,1,20,19,827.3,10,2631,132,1,827.3,0.000
rgrasp,C101,C,1,21,20,827.3,10,2887,132,1,827.3,0.000
rgrasp,C101,C,1,22,21,827.3,10,2494,132,1,827.3,0.000
rgrasp,C101,C,1,23,22,827.3,10,2725,132,1,827.3,0.000
rgrasp,C101,C,1,24,23,827.3,10,2723,132,1,827.3,0.000
rgrasp,C101,C,1,25,24,827.3,10,2938,132,1,827.3,0.000
rgrasp,C101,C,1,26,25,827.3,10,2826,132,1,827.3,0.000
rgrasp,C101,C,1,27,26,827.3,10,2699,132,1,827.3,0.000
rgrasp,C101,C,1,28,27,827.3,10,2774,132,1,827.3,0.000
rgrasp,C101,C,1,29,28,827.3,10,2712,132,1,827.3,0.000
rgrasp,C101,C,1,30,29,827.3,10,2773,132,1,827.3,0.000
tabu,C101,C,1,1,0,827.3,10,88,17,1,827.3,0.000
vnd,C101,C,1,1,0,827.3,10,8,0,1,827.3,0.000
grasp,C102,C,1,1,0,827.3,10,2368,133,1,827.3,0.000
grasp,C102,C,1,2,1,827.3,10,2481,133,1,827.3,0.000
grasp,C102,C,1,3,2,827.3,10,2225,133,1,827.3,0.000
grasp,C102,C,1,4,3,827.3,10,2393,134,1,827.3,0.000
grasp,C102,C,1,5,4,827.3,10,2398,134,1,827.3,0.000
grasp,C102,C,1,6,5,827.3,10,2297,136,1,827.3,0.000
grasp,C102,C,1,7,6,827.3,10,2578,136,1,827.3,0.000
grasp,C102,C,1,8,7,827.3,10,2378,135,1,827.3,0.000
grasp,C102,C,1,9,8,827.3,10,2448,133,1,827.3,0.000
grasp,C102,C,1,10,9,827.3,10,2360,133,1,827.3,0.000
grasp,C102,C,1,11,10,827.3,10,2383,133,1,827.3,0.000
grasp,C102,C,1,12,11,827.3,10,2397,133,1,827.3,0.000
grasp,C102,C,1,13,12,827.3,10,2610,136,1,827.3,0.000
grasp,C102,C,1,14,13,827.3,10,2384,133,1,827.3,0.000
grasp,C102,C,1,15,14,827.3,10,2425,133,1,827.3,0.000
grasp,C102,C,1,16,15,827.3,10,2415,133,1,827.3,0.000
grasp,C102,C,1,17,16,827.3,10,2356,133,1,827.3,0.000
grasp,C102,C,1,18,17,827.3,10,2415,136,1,827.3,0.000
grasp,C102,C,1,19,18,827.3,10,2350,133,1,827.3,0.000
grasp,C102,C,1,20,19,827.3,10,2289,133,1,827.3,0.000
grasp,C102,C,1,21,20,827.3,10,2461,133,1,827.3,0.000
grasp,C102,C,1,22,21,827.3,10,2369,133,1,827.3,0.000
grasp,C102,C,1,23,22,827.3,10,2537,135,1,827.3,0.000
grasp,C102,C,1,24,23,827.3,10,2487,136,1,827.3,0.000
grasp,C102,C,1,25,24,827.3,10,2334,134,1,827.3,0.000
grasp,C102,C,1,26,25,827.3,10,2256,135,1,827.3,0.000
grasp,C102,C,1,27,26,827.3,10,2423,137,1,827.3,0.000
grasp,C102,C,1,28,27,827.3,10,2585,135,1,827.3,0.000
grasp,C102,C,1,29,28,827.3,10,2334,133,1,827.3,0.000
grasp,C102,C,1,30,29,827.3,10,2420,134,1,827.3,0.000
i1,C102,C,1,1,0,1039.7,10,0,0,1,827.3,25.674
rgrasp,C102,C,1,1,0,827.3,10,4307,132,1,827.3,0.000
rgrasp,C102,C,1,2,1,827.3,10,4116,132,1,827.3,0.000
rgrasp,C102,C,1,3,2,827.3,10,4298,132,1,827.3,0.000
rgrasp,C102,C,1,4,3,827.3,10,4374,133,1,827.3,0.000
rgrasp,C102,C,1,5,4,827.3,10,4440,138,1,827.3,0.000
rgrasp,C102,C,1,6,5,827.3,10,4425,132,1,827.3,0.000
rgrasp,C102,C,1,7,6,827.3,10,4451,132,1,827.3,0.000
rgrasp,C102,C,1,8,7,827.3,10,4186,132,1,827.3,0.000
rgrasp,C102,C,1,9,8,827.3,10,4440,132,1,827.3,0.000
rgrasp,C102,C,1,10,9,827.3,10,4507,135,1,827.3,0.000
rgrasp,C102,C,1,11,10,827.3,10,4196,133,1,827.3,0.000
rgrasp,C102,C,1,12,11,827.3,10,3929,132,1,827.3,0.000
rgrasp,C102,C,1,13,12,827.3,10,4396,133,1,827.3,0.000
rgrasp,C102,C,1,14,13,827.3,10,4113,132,1,827.3,0.000
rgrasp,C102,C,1,15,14,827.3,10,4260,133,1,827.3,0.000
rgrasp,C102,C,1,16,15,827.3,10,4709,132,1,827.3,0.000
rgrasp,C102,C,1,17,16,827.3,10,4485,132,1,827.3,0.000
rgrasp,C102,C,1,18,17,827.3,10,4420,132,1,827.3,0.000
rgrasp,C102,C,1,19,18,827.3,10,4728,134,1,827.3,0.000
rgrasp,C102,C,1,20,19,827.3,10,4250,132,1,827.3,0.000
rgrasp,C102,C,1,21,20,827.3,10,4486,132,1,827.3,0.000
rgrasp,C102,C,1,22,21,827.3,10,4399,132,1,827.3,0.000
rgrasp,C102,C,1,23,22,827.3,10,4180,132,1,827.3,0.000
rgrasp,C102,C,1,24,23,827.3,10,4425,133,1,827.3,0.000
rgrasp,C102,C,1,25,24,827.3,10,4470,132,1,827.3,0.000
rgrasp,C102,C,1,26,25,827.3,10,4210,132,1,827.3,0.000
rgrasp,C102,C,1,27,26,827.3,10,4222,132,1,827.3,0.000
rgrasp,C102,C,1,28,27,827.3,10,4438,134,1,827.3,0.000
rgrasp,C102,C,1,29,28,827.3,10,4427,132,1,827.3,0.000
rgrasp,C102,C,1,30,29,827.3,10,4423,133,1,827.3,0.000
tabu,C102,C,1,1,0,827.3,10,4250,936,1,827.3,0.000
vnd,C102,C,1,1,0,841.1,10,10,0,1,827.3,1.668
grasp,C103,C,1,1,0,826.3,10,3500,136,1,826.3,0.000
grasp,C103,C,1,2,1,826.3,10,3514,135,1,826.3,0.000
grasp,C103,C,1,3,2,826.3,10,3565,134,1,826.3,0.000
grasp,C103,C,1,4,3,826.3,10,3481,133,1,826.3,0.000
grasp,C103,C,1,5,4,826.3,10,3638,139,1,826.3,0.000
grasp,C103,C,1,6,5,826.3,10,3542,136,1,826.3,0.000
grasp,C103,C,1,7,6,826.3,10,3456,133,1,826.3,0.000
grasp,C103,C,1,8,7,826.3,10,3506,133,1,826.3,0.000
grasp,C103,C,1,9,8,826.3,10,3845,137,1,826.3,0.000
grasp,C103,C,1,10,9,826.3,10,3582,133,1,826.3,0.000
grasp,C103,C,1,11,10,826.3,10,3599,136,1,826.3,0.000
grasp,C103,C,1,12,11,826.3,10,3707,133,1,826.3,0.000
grasp,C103,C,1,13,12,826.3,10,3697,134,1,826.3,0.000
grasp,C103,C,1,14,13,826.3,10,3536,133,1,826.3,0.000
grasp,C103,C,1,15,14,826.3,10,3626,135,1,826.3,0.000
grasp,C103,C,1,16,15,826.3,10,3691,139,1,826.3,0.000
grasp,C103,C,1,17,16,826.3,10,3472,138,1,826.3,0.000
grasp,C103,C,1,18,17,826.3,10,3263,135,1,826.3,0.000
grasp,C103,C,1,19,18,826.3,10,3647,138,1,826.3,0.000
grasp,C103,C,1,20,19,826.3,10,3532,133,1,826.3,0.000
grasp,C103,C,1,21,20,826.3,10,3883,137,1,826.3,0.000
grasp,C103,C,1,22,21,826.3,10,3351,136,1,826.3,0.000
grasp,C103,C,1,23,22,826.3,10,3480,134,1,826.3,0.000
grasp,C103,C,1,24,23,826.3,10,3609,138,1,826.3,0.000
grasp,C103,C,1,25,24,826.3,10,3555,136,1,826.3,0.000
grasp,C103,C,1,26,25,826.3,10,3889,139,1,826.3,0.000
grasp,C103,C,1,27,26,826.3,10,3574,135,1,826.3,0.000
grasp,C103,C,1,28,27,826.3,10,3425,134,1,826.3,0.000
grasp,C103,C,1,29,28,826.3,10,3877,133,1,826.3,0.000
grasp,C103,C,1,30,29,826.3,10,3886,151,1,826.3,0.000
i1,C103,C,1,1,0,1221.7,11,0,0,1,826.3,47.852
rgrasp,C103,C,1,1,0,826.3,10,5817,134,1,826.3,0.000
rgrasp,C103,C,1,2,1,826.3,10,6004,135,1,826.3,0.000
rgrasp,C103,C,1,3,2,826.3,10,7141,156,1,826.3,0.000
rgrasp,C103,C,1,4,3,826.3,10,6680,147,1,826.3,0.000
rgrasp,C103,C,1,5,4,826.3,10,6123,143,1,826.3,0.000
rgrasp,C103,C,1,6,5,826.3,10,8765,194,1,826.3,0.000
rgrasp,C103,C,1,7,6,826.3,10,7828,168,1,826.3,0.000
rgrasp,C103,C,1,8,7,826.3,10,7883,175,1,826.3,0.000
rgrasp,C103,C,1,9,8,826.3,10,6367,145,1,826.3,0.000
rgrasp,C103,C,1,10,9,826.3,10,6085,133,1,826.3,0.000
rgrasp,C103,C,1,11,10,826.3,10,7370,163,1,826.3,0.000
rgrasp,C103,C,1,12,11,826.3,10,5964,134,1,826.3,0.000
rgrasp,C103,C,1,13,12,826.3,10,6513,142,1,826.3,0.000
rgrasp,C103,C,1,14,13,826.3,10,7010,155,1,826.3,0.000
rgrasp,C103,C,1,15,14,826.3,10,6505,148,1,826.3,0.000
rgrasp,C103,C,1,16,15,826.3,10,6059,134,1,826.3,0.000
rgrasp,C103,C,1,17,16,826.3,10,7440,163,1,826.3,0.000
rgrasp,C103,C,1,18,17,826.3,10,6358,134,1,826.3,0.000
rgrasp,C103,C,1,19,18,826.3,10,6059,133,1,826.3,0.000
rgrasp,C103,C,1,20,19,826.3,10,6705,147,1,826.3,0.000
rgrasp,C103,C,1,21,20,826.3,10,7035,152,1,826.3,0.000
rgrasp,C103,C,1,22,21,826.3,10,6790,151,1,826.3,0.000
rgrasp,C103,C,1,23,22,826.3,10,6389,149,1,826.3,0.000
rgrasp,C103,C,1,24,23,826.3,10,6589,152,1,826.3,0.000
rgrasp,C103,C,1,25,24,826.3,10,6609,146,1,826.3,0.000
rgrasp,C103,C,1,26,25,826.3,10,6184,143,1,826.3,0.000
rgrasp,C103,C,1,27,26,826.3,10,6434,134,1,826.3,0.000
rgrasp,C103,C,1,28,27,826.3,10,6019,134,1,826.3,0.000
rgrasp,C103,C,1,29,28,826.3,10,6571,151,1,826.3,0.000
rgrasp,C103,C,1,30,29,826.3,10,6279,135,1,826.3,0.000
tabu,C103,C,1,1,0,826.3,10,5006,1023,1,826.3,0.000
vnd,C103,C,1,1,0,873.2,10,34,0,1,826.3,5.676
grasp,C104,C,1,1,0,822.9,10,4691,133,1,822.9,0.000
grasp,C104,C,1,2,1,822.9,10,5001,143,1,822.9,0.000
grasp,C104,C,1,3,2,822.9,10,5535,149,1,822.9,0.000
grasp,C104,C,1,4,3,822.9,10,5295,149,1,822.9,0.000
grasp,C104,C,1,5,4,822.9,10,5410,156,1,822.9,0.000
grasp,C104,C,1,6,5,822.9,10,4566,139,1,822.9,0.000
grasp,C104,C,1,7,6,822.9,10,5806,169,1,822.9,0.000
grasp,C104,C,1,8,7,822.9,10,4730,138,1,822.9,0.000
grasp,C104,C,1,9,8,822.9,10,5321,147,1,822.9,0.000
grasp,C104,C,1,10,9,822.9,10,5060,144,1,822.9,0.000
grasp,C104,C,1,11,10,822.9,10,6957,198,1,822.9,0.000
grasp,C104,C,1,12,11,822.9,10,5382,149,1,822.9,0.000
grasp,C104,C,1,13,12,822.9,10,5034,134,1,822.9,0.000
grasp,C104,C,1,14,13,822.9,10,5907,165,1,822.9,0.000
grasp,C104,C,1,15,14,822.9,10,4914,145,1,822.9,0.000
grasp,C104,C,1,16,15,822.9,10,4987,134,1,822.9,0.000
grasp,C104,C,1,17,16,822.9,10,5246,146,1,822.9,0.000
grasp,C104,C,1,18,17,822.9,10,5462,153,1,822.9,0.000
grasp,C104,C,1,19,18,822.9,10,4999,144,1,822.9,0.000
grasp,C104,C,1,20,19,822.9,10,4886,147,1,822.9,0.000
grasp,C104,C,1,21,20,822.9,10,5943,162,1,822.9,0.000
grasp,C104,C,1,22,21,822.9,10,4926,135,1,822.9,0.000
grasp,C104,C,1,23,22,822.9,10,4891,135,1,822.9,0.000
grasp,C104,C,1,24,23,822.9,10,4842,140,1,822.9,0.000
grasp,C104,C,1,25,24,822.9,10,5949,165,1,822.9,0.000
grasp,C104,C,1,26,25,822.9,10,4944,144,1,822.9,0.000
grasp,C104,C,1,27,26,822.9,10,4867,141,1,822.9,0.000
grasp,C104,C,1,28,27,822.9,10,4963,144,1,822.9,0.000
grasp,C104,C,1,29,28,822.9,10,5353,156,1,822.9,0.000
grasp,C104,C,1,30,29,822.9,10,4781,144,1,822.9,0.000
i1,C104,C,1,1,0,1148.2,10,0,0,1,822.9,39.531
rgrasp,C104,C,1,1,0,822.9,10,11062,198,1,822.9,0.000
rgrasp,C104,C,1,2,1,822.9,10,7807,134,1,822.9,0.000
rgrasp,C104,C,1,3,2,822.9,10,12768,231,1,822.9,0.000
rgrasp,C104,C,1,4,3,822.9,10,11399,204,1,822.9,0.000
rgrasp,C104,C,1,5,4,822.9,10,9947,185,1,822.9,0.000
rgrasp,C104,C,1,6,5,822.9,10,8965,169,1,822.9,0.000
rgrasp,C104,C,1,7,6,822.9,10,7338,136,1,822.9,0.000
rgrasp,C104,C,1,8,7,826.0,10,8411,152,1,822.9,0.377
rgrasp,C104,C,1,9,8,822.9,10,9124,165,1,822.9,0.000
rgrasp,C104,C,1,10,9,822.9,10,7455,147,1,822.9,0.000
rgrasp,C104,C,1,11,10,822.9,10,8619,161,1,822.9,0.000
rgrasp,C104,C,1,12,11,822.9,10,12231,219,1,822.9,0.000
rgrasp,C104,C,1,13,12,822.9,10,11819,214,1,822.9,0.000
rgrasp,C104,C,1,14,13,822.9,10,10574,192,1,822.9,0.000
rgrasp,C104,C,1,15,14,826.0,10,7845,143,1,822.9,0.377
rgrasp,C104,C,1,16,15,822.9,10,7451,132,1,822.9,0.000
rgrasp,C104,C,1,17,16,822.9,10,10073,186,1,822.9,0.000
rgrasp,C104,C,1,18,17,822.9,10,7106,133,1,822.9,0.000
rgrasp,C104,C,1,19,18,822.9,10,8086,151,1,822.9,0.000
rgrasp,C104,C,1,20,19,822.9,10,8483,144,1,822.9,0.000
rgrasp,C104,C,1,21,20,822.9,10,14751,269,1,822.9,0.000
rgrasp,C104,C,1,22,21,822.9,10,7258,132,1,822.9,0.000
rgrasp,C104,C,1,23,22,822.9,10,10120,180,1,822.9,0.000
rgrasp,C104,C,1,24,23,822.9,10,8724,159,1,822.9,0.000
rgrasp,C104,C,1,25,24,822.9,10,7320,135,1,822.9,0.000
rgrasp,C104,C,1,26,25,822.9,10,11859,210,1,822.9,0.000
rgrasp,C104,C,1,27,26,822.9,10,8219,155,1,822.9,0.000
rgrasp,C104,C,1,28,27,822.9,10,10015,185,1,822.9,0.000
rgrasp,C104,C,1,29,28,822.9,10,8681,159,1,822.9,0.000
rgrasp,C104,C,1,30,29,822.9,10,9669,177,1,822.9,0.000
tabu,C104,C,1,1,0,822.9,10,4706,1006,1,822.9,0.000
vnd,C104,C,1,1,0,898.2,10,48,0,1,822.9,9.151
grasp,C105,C,1,1,0,827.3,10,1066,133,1,827.3,0.000
grasp,C105,C,1,2,1,827.3,10,1025,133,1,827.3,0.000
grasp,C105,C,1,3,2,827.3,10,1074,133,1,827.3,0.000
grasp,C105,C,1,4,3,827.3,10,1063,133,1,827.3,0.000
grasp,C105,C,1,5,4,827.3,10,1063,133,1,827.3,0.000
grasp,C105,C,1,6,5,827.3,10,1081,133,1,827.3,0.000
grasp,C105,C,1,7,6,827.3,10,1049,133,1,827.3,0.000
grasp,C105,C,1,8,7,827.3,10,1081,133,1,827.3,0.000
grasp,C105,C,1,9,8,827.3,10,1044,133,1,827.3,0.000
grasp,C105,C,1,10,9,827.3,10,1069,133,1,827.3,0.000
grasp,C105,C,1,11,10,827.3,10,1042,133,1,827.3,0.000
grasp,C105,C,1,12,11,827.3,10,1058,133,1,827.3,0.000
grasp,C105,C,1,13,12,827.3,10,1080,133,1,827.3,0.000
grasp,C105,C,1,14,13,827.3,10,1050,133,1,827.3,0.000
grasp,C105,C,1,15,14,827.3,10,1053,133,1,827.3,0.000
grasp,C105,C,1,16,15,827.3,10,1081,133,1,827.3,0.000
grasp,C105,C,1,17,16,827.3,10,1037,133,1,827.3,0.000
grasp,C105,C,1,18,17,827.3,10,1062,133,1,827.3,0.000
grasp,C105,C,1,19,18,827.3,10,1064,133,1,827.3,0.000
grasp,C105,C,1,20,19,827.3,10,1063,133,1,827.3,0.000
grasp,C105,C,1,21,20,827.3,10,1010,133,1,827.3,0.000
grasp,C105,C,1,22,21,827.3,10,1081,133,1,827.3,0.000
grasp,C105,C,1,23,22,827.3,10,1042,133,1,827.3,0.000
grasp,C105,C,1,24,23,827.3,10,1050,133,1,827.3,0.000
grasp,C105,C,1,25,24,827.3,10,1068,133,1,827.3,0.000
grasp,C105,C,1,26,25,827.3,10,1068,133,1,827.3,0.000
grasp,C105,C,1,27,26,827.3,10,1028,133,1,827.3,0.000
grasp,C105,C,1,28,27,827.3,10,1033,133,1,827.3,0.000
grasp,C105,C,1,29,28,827.3,10,1067,133,1,827.3,0.000
grasp,C105,C,1,30,29,827.3,10,1051,133,1,827.3,0.000
i1,C105,C,1,1,0,878.9,10,0,0,1,827.3,6.237
rgrasp,C105,C,1,1,0,827.3,10,3834,132,1,827.3,0.000
rgrasp,C105,C,1,2,1,827.3,10,3501,132,1,827.3,0.000
rgrasp,C105,C,1,3,2,827.3,10,3453,132,1,827.3,0.000
rgrasp,C105,C,1,4,3,827.3,10,3186,132,1,827.3,0.000
rgrasp,C105,C,1,5,4,827.3,10,3386,132,1,827.3,0.000
rgrasp,C105,C,1,6,5,827.3,10,3482,132,1,827.3,0.000
rgrasp,C105,C,1,7,6,827.3,10,3449,132,1,827.3,0.000
rgrasp,C105,C,1,8,7,827.3,10,3546,132,1,827.3,0.000
rgrasp,C105,C,1,9,8,827.3,10,3045,132,1,827.3,0.000
rgrasp,C105,C,1,10,9,827.3,10,3549,132,1,827.3,0.000
rgrasp,C105,C,1,11,10,827.3,10,3450,132,1,827.3,0.000
rgrasp,C105,C,1,12,11,827.3,10,3542,132,1,827.3,0.000
rgrasp,C105,C,1,13,12,827.3,10,3680,132,1,827.3,0.000
rgrasp,C105,C,1,14,13,827.3,10,3576,132,1,827.3,0.000
rgrasp,C105,C,1,15,14,827.3,10,3485,132,1,827.3,0.000
rgrasp,C105,C,1,16,15,827.3,10,3787,132,1,827.3,0.000
rgrasp,C105,C,1,17,16,827.3,10,3658,132,1,827.3,0.000
rgrasp,C105,C,1,18,17,827.3,10,3483,132,1,827.3,0.000
rgrasp,C105,C,1,19,18,827.3,10,3409,132,1,827.3,0.000
rgrasp,C105,C,1,20,19,827.3,10,3545,132,1,827.3,0.000
rgrasp,C105,C,1,21,20,827.3,10,3769,132,1,827.3,0.000
rgrasp,C105,C,1,22,21,827.3,10,3065,132,1,827.3,0.000
rgrasp,C105,C,1,23,22,827.3,10,3142,132,1,827.3,0.000
rgrasp,C105,C,1,24,23,827.3,10,3276,132,1,827.3,0.000
rgrasp,C105,C,1,25,24,827.3,10,3920,132,1,827.3,0.000
rgrasp,C105,C,1,26,25,827.3,10,3328,132,1,827.3,0.000
rgrasp,C105,C,1,27,26,827.3,10,3149,132,1,827.3,0.000
rgrasp,C105,C,1,28,27,827.3,10,3462,132,1,827.3,0.000
rgrasp,C105,C,1,29,28,827.3,10,3625,132,1,827.3,0.000
rgrasp,C105,C,1,30,29,827.3,10,3581,132,1,827.3,0.000
tabu,C105,C,1,1,0,827.3,10,372,76,1,827.3,0.000
vnd,C105,C,1,1,0,827.3,10,7,0,1,827.3,0.000
grasp,C106,C,1,1,0,827.3,10,1373,133,1,827.3,0.000
grasp,C106,C,1,2,1,827.3,10,1472,134,1,827.3,0.000
grasp,C106,C,1,3,2,827.3,10,1454,133,1,827.3,0.000
grasp,C106,C,1,4,3,827.3,10,1490,134,1,827.3,0.000
grasp,C106,C,1,5,4,827.3,10,1512,134,1,827.3,0.000
grasp,C106,C,1,6,5,827.3,10,1524,133,1,827.3,0.000
grasp,C106,C,1,7,6,827.3,10,1402,133,1,827.3,0.000
grasp,C106,C,1,8,7,827.3,10,1496,133,1,827.3,0.000
grasp,C106,C,1,9,8,827.3,10,1549,133,1,827.3,0.000
grasp,C106,C,1,10,9,827.3,10,1415,134,1,827.3,0.000
grasp,C106,C,1,11,10,827.3,10,1522,133,1,827.3,0.000
grasp,C106,C,1,12,11,827.3,10,1606,133,1,827.3,0.000
grasp,C106,C,1,13,12,827.3,10,1595,133,1,827.3,0.000
grasp,C106,C,1,14,13,827.3,10,1518,133,1,827.3,0.000
grasp,C106,C,1,15,14,827.3,10,1447,133,1,827.3,0.000
grasp,C106,C,1,16,15,827.3,10,1447,133,1,827.3,0.000
grasp,C106,C,1,17,16,827.3,10,1502,133,1,827.3,0.000
grasp,C106,C,1,18,17,827.3,10,1446,133,1,827.3,0.000
grasp,C106,C,1,19,18,827.3,10,1416,133,1,827.3,0.000
grasp,C106,C,1,20,19,827.3,10,1551,133,1,827.3,0.000
grasp,C106,C,1,21,20,827.3,10,1409,133,1,827.3,0.000
grasp,C106,C,1,22,21,827.3,10,1499,133,1,827.3,0.000
grasp,C106,C,1,23,22,827.3,10,1507,133,1,827.3,0.000
grasp,C106,C,1,24,23,827.3,10,1501,133,1,827.3,0.000
grasp,C106,C,1,25,24,827.3,10,1484,133,1,827.3,0.000
grasp,C106,C,1,26,25,827.3,10,1477,137,1,827.3,0.000
grasp,C106,C,1,27,26,827.3,10,1425,133,1,827.3,0.000
grasp,C106,C,1,28,27,827.3,10,1416,133,1,827.3,0.000
grasp,C106,C,1,29,28,827.3,10,1488,133,1,827.3,0.000
grasp,C106,C,1,30,29,827.3,10,1520,134,1,827.3,0.000
i1,C106,C,1,1,0,951.2,11,0,0,1,827.3,14.976
rgrasp,C106,C,1,1,0,827.3,10,4163,132,1,827.3,0.000
rgrasp,C106,C,1,2,1,827.3,10,4088,132,1,827.3,0.000
rgrasp,C106,C,1,3,2,827.3,10,4236,132,1,827.3,0.000
rgrasp,C106,C,1,4,3,827.3,10,4071,132,1,827.3,0.000
rgrasp,C106,C,1,5,4,827.3,10,4121,132,1,827.3,0.000
rgrasp,C106,C,1,6,5,827.3,10,3828,132,1,827.3,0.000
rgrasp,C106,C,1,7,6,827.3,10,4140,132,1,827.3,0.000
rgrasp,C106,C,1,8,7,827.3,10,3692,132,1,827.3,0.000
rgrasp,C106,C,1,9,8,827.3,10,4160,132,1,827.3,0.000
rgrasp,C106,C,1,10,9,827.3,10,4480,132,1,827.3,0.000
rgrasp,C106,C,1,11,10,827.3,10,3863,132,1,827.3,0.000
rgrasp,C106,C,1,12,11,827.3,10,3952,132,1,827.3,0.000
rgrasp,C106,C,1,13,12,827.3,10,3815,132,1,827.3,0.000
rgrasp,C106,C,1,14,13,827.3,10,3847,132,1,827.3,0.000
rgrasp,C106,C,1,15,14,827.3,10,4134,132,1,827.3,0.000
rgrasp,C106,C,1,16,15,827.3,10,4053,132,1,827.3,0.000
rgrasp,C106,C,1,17,16,827.3,10,3846,132,1,827.3,0.000
rgrasp,C106,C,1,18,17,827.3,10,4179,132,1,827.3,0.000
rgrasp,C106,C,1,19,18,827.3,10,4159,132,1,827.3,0.000
rgrasp,C106,C,1,20,19,827.3,10,4282,132,1,827.3,0.000
rgrasp,C106,C,1,21,20,827.3,10,4371,132,1,827.3,0.000
rgrasp,C106,C,1,22,21,827.3,10,4516,132,1,827.3,0.000
rgrasp,C106,C,1,23,22,827.3,10,4218,132,1,827.3,0.000
rgrasp,C106,C,1,24,23,827.3,10,4036,132,1,827.3,0.000
rgrasp,C106,C,1,25,24,827.3,10,4159,132,1,827.3,0.000
rgrasp,C106,C,1,26,25,827.3,10,4035,132,1,827.3,0.000
rgrasp,C106,C,1,27,26,827.3,10,3752,132,1,827.3,0.000
rgrasp,C106,C,1,28,27,827.3,10,4191,132,1,827.3,0.000
rgrasp,C106,C,1,29,28,827.3,10,3958,132,1,827.3,0.000
rgrasp,C106,C,1,30,29,827.3,10,3776,132,1,827.3,0.000
tabu,C106,C,1,1,0,827.3,10,4312,932,1,827.3,0.000
vnd,C106,C,1,1,0,827.3,10,10,0,1,827.3,0.000
grasp,C107,C,1,1,0,827.3,10,1103,133,1,827.3,0.000
grasp,C107,C,1,2,1,827.3,10,1115,133,1,827.3,0.000
grasp,C107,C,1,3,2,827.3,10,1129,133,1,827.3,0.000
grasp,C107,C,1,4,3,827.3,10,1083,133,1,827.3,0.000
grasp,C107,C,1,5,4,827.3,10,1118,133,1,827.3,0.000
grasp,C107,C,1,6,5,827.3,10,1073,133,1,827.3,0.000
grasp,C107,C,1,7,6,827.3,10,1105,133,1,827.3,0.000
grasp,C107,C,1,8,7,827.3,10,1129,133,1,827.3,0.000
grasp,C107,C,1,9,8,827.3,10,1095,133,1,827.3,0.000
grasp,C107,C,1,10,9,827.3,10,1088,133,1,827.3,0.000
grasp,C107,C,1,11,10,827.3,10,1109,133,1,827.3,0.000
grasp,C107,C,1,12,11,827.3,10,1096,133,1,827.3,0.000
grasp,C107,C,1,13,12,827.3,10,1118,133,1,827.3,0.000
grasp,C107,C,1,14,13,827.3,10,1104,133,1,827.3,0.000
grasp,C107,C,1,15,14,827.3,10,1095,133,1,827.3,0.000
grasp,C107,C,1,16,15,827.3,10,1098,133,1,827.3,0.000
grasp,C107,C,1,17,16,827.3,10,1122,133,1,827.3,0.000
grasp,C107,C,1,18,17,827.3,10,1101,133,1,827.3,0.000
grasp,C107,C,1,19,18,827.3,10,1131,133,1,827.3,0.000
grasp,C107,C,1,20,19,827.3,10,1099,133,1,827.3,0.000
grasp,C107,C,1,21,20,827.3,10,1103,133,1,827.3,0.000
grasp,C107,C,1,22,21,827.3,10,1103,133,1,827.3,0.000
grasp,C107,C,1,23,22,827.3,10,1098,133,1,827.3,0.000
grasp,C107,C,1,24,23,827.3,10,1129,133,1,827.3,0.000
grasp,C107,C,1,25,24,827.3,10,1089,133,1,827.3,0.000
grasp,C107,C,1,26,25,827.3,10,1115,133,1,827.3,0.000
grasp,C107,C,1,27,26,827.3,10,1112,133,1,827.3,0.000
grasp,C107,C,1,28,27,827.3,10,1087,133,1,827.3,0.000
grasp,C107,C,1,29,28,827.3,10,1106,133,1,827.3,0.000
grasp,C107,C,1,30,29,827.3,10,1112,133,1,827.3,0.000
i1,C107,C,1,1,0,902.4,10,0,0,1,827.3,9.078
rgrasp,C107,C,1,1,0,827.3,10,4357,132,1,827.3,0.000
rgrasp,C107,C,1,2,1,827.3,10,3754,132,1,827.3,0.000
rgrasp,C107,C,1,3,2,827.3,10,4302,132,1,827.3,0.000
rgrasp,C107,C,1,4,3,827.3,10,4280,132,1,827.3,0.000
rgrasp,C107,C,1,5,4,827.3,10,3583,132,1,827.3,0.000
rgrasp,C107,C,1,6,5,827.3,10,4686,132,1,827.3,0.000
rgrasp,C107,C,1,7,6,827.3,10,4350,132,1,827.3,0.000
rgrasp,C107,C,1,8,7,827.3,10,3762,132,1,827.3,0.000
rgrasp,C107,C,1,9,8,827.3,10,4329,132,1,827.3,0.000
rgrasp,C107,C,1,10,9,827.3,10,3671,132,1,827.3,0.000
rgrasp,C107,C,1,11,10,827.3,10,3914,132,1,827.3,0.000
rgrasp,C107,C,1,12,11,827.3,10,4029,132,1,827.3,0.000
rgrasp,C107,C,1,13,12,827.3,10,4110,132,1,827.3,0.000
rgrasp,C107,C,1,14,13,827.3,10,4092,132,1,827.3,0.000
rgrasp,C107,C,1,15,14,827.3,10,3507,132,1,827.3,0.000
rgrasp,C107,C,1,16,15,827.3,10,4151,132,1,827.3,0.000
rgrasp,C107,C,1,17,16,827.3,10,4097,132,1,827.3,0.000
rgrasp,C107,C,1,18,17,827.3,10,4169,132,1,827.3,0.000
rgrasp,C107,C,1,19,18,827.3,10,4038,132,1,827.3,0.000
rgrasp,C107,C,1,20,19,827.3,10,4165,132,1,827.3,0.000
rgrasp,C107,C,1,21,20,827.3,10,4550,132,1,827.3,0.000
rgrasp,C107,C,1,22,21,827.3,10,4591,132,1,827.3,0.000
rgrasp,C107,C,1,23,22,827.3,10,4068,132,1,827.3,0.000
rgrasp,C107,C,1,24,23,827.3,10,3741,132,1,827.3,0.000
rgrasp,C107,C,1,25,24,827.3,10,3662,132,1,827.3,0.000
rgrasp,C107,C,1,26,25,827.3,10,3627,132,1,827.3,0.000
rgrasp,C107,C,1,27,26,827.3,10,3584,132,1,827.3,0.000
rgrasp,C107,C,1,28,27,827.3,10,4018,132,1,827.3,0.000
rgrasp,C107,C,1,29,28,827.3,10,4318,132,1,827.3,0.000
rgrasp,C107,C,1,30,29,827.3,10,3956,132,1,827.3,0.000
tabu,C107,C,1,1,0,827.3,10,4304,926,1,827.3,0.000
vnd,C107,C,1,1,0,827.3,10,7,0,1,827.3,0.000
grasp,C108,C,1,1,0,827.3,10,1776,133,1,827.3,0.000
grasp,C108,C,1,2,1,827.3,10,1804,133,1,827.3,0.000
grasp,C108,C,1,3,2,827.3,10,1851,133,1,827.3,0.000
grasp,C108,C,1,4,3,827.3,10,1754,133,1,827.3,0.000
grasp,C108,C,1,5,4,827.3,10,1713,133,1,827.3,0.000
grasp,C108,C,1,6,5,827.3,10,1729,133,1,827.3,0.000
grasp,C108,C,1,7,6,827.3,10,1831,133,1,827.3,0.000
grasp,C108,C,1,8,7,827.3,10,1908,133,1,827.3,0.000
grasp,C108,C,1,9,8,827.3,10,1702,133,1,827.3,0.000
grasp,C108,C,1,10,9,827.3,10,1763,133,1,827.3,0.000
grasp,C108,C,1,11,10,827.3,10,1823,133,1,827.3,0.000
grasp,C108,C,1,12,11,827.3,10,1735,133,1,827.3,0.000
grasp,C108,C,1,13,12,827.3,10,1781,133,1,827.3,0.000
grasp,C108,C,1,14,13,827.3,10,1789,133,1,827.3,0.000
grasp,C108,C,1,15,14,827.3,10,1831,133,1,827.3,0.000
grasp,C108,C,1,16,15,827.3,10,1748,133,1,827.3,0.000
grasp,C108,C,1,17,16,827.3,10,1790,134,1,827.3,0.000
grasp,C108,C,1,18,17,827.3,10,1744,133,1,827.3,0.000
grasp,C108,C,1,19,18,827.3,10,1692,133,1,827.3,0.000
grasp,C108,C,1,20,19,827.3,10,1703,133,1,827.3,0.000
grasp,C108,C,1,21,20,827.3,10,1800,133,1,827.3,0.000
grasp,C108,C,1,22,21,827.3,10,1789,133,1,827.3,0.000
grasp,C108,C,1,23,22,827.3,10,1820,134,1,827.3,0.000
grasp,C108,C,1,24,23,827.3,10,1782,134,1,827.3,0.000
grasp,C108,C,1,25,24,827.3,10,1806,133,1,827.3,0.000
grasp,C108,C,1,26,25,827.3,10,1747,133,1,827.3,0.000
grasp,C108,C,1,27,26,827.3,10,1862,133,1,827.3,0.000
grasp,C108,C,1,28,27,827.3,10,1807,133,1,827.3,0.000
grasp,C108,C,1,29,28,827.3,10,1822,133,1,827.3,0.000
grasp,C108,C,1,30,29,827.3,10,1827,133,1,827.3,0.000
i1,C108,C,1,1,0,975.2,10,0,0,1,827.3,17.877
rgrasp,C108,C,1,1,0,827.3,10,4848,132,1,827.3,0.000
rgrasp,C108,C,1,2,1,827.3,10,5190,133,1,827.3,0.000
rgrasp,C108,C,1,3,2,827.3,10,4626,132,1,827.3,0.000
rgrasp,C108,C,1,4,3,827.3,10,4941,132,1,827.3,0.000
rgrasp,C108,C,1,5,4,827.3,10,4594,132,1,827.3,0.000
rgrasp,C108,C,1,6,5,827.3,10,4550,132,1,827.3,0.000
rgrasp,C108,C,1,7,6,827.3,10,4866,132,1,827.3,0.000
rgrasp,C108,C,1,8,7,827.3,10,4752,133,1,827.3,0.000
rgrasp,C108,C,1,9,8,827.3,10,4610,133,1,827.3,0.000
rgrasp,C108,C,1,10,9,827.3,10,4454,132,1,827.3,0.000
rgrasp,C108,C,1,11,10,827.3,10,4902,134,1,827.3,0.000
rgrasp,C108,C,1,12,11,827.3,10,5135,134,1,827.3,0.000
rgrasp,C108,C,1,13,12,827.3,10,5077,134,1,827.3,0.000
rgrasp,C108,C,1,14,13,827.3,10,4457,134,1,827.3,0.000
rgrasp,C108,C,1,15,14,827.3,10,4484,132,1,827.3,0.000
rgrasp,C108,C,1,16,15,827.3,10,5039,132,1,827.3,0.000
rgrasp,C108,C,1,17,16,827.3,10,4895,132,1,827.3,0.000
rgrasp,C108,C,1,18,17,827.3,10,5035,134,1,827.3,0.000
rgrasp,C108,C,1,19,18,827.3,10,5037,135,1,827.3,0.000
rgrasp,C108,C,1,20,19,827.3,10,5162,133,1,827.3,0.000
rgrasp,C108,C,1,21,20,827.3,10,4533,133,1,827.3,0.000
rgrasp,C108,C,1,22,21,827.3,10,4909,134,1,827.3,0.000
rgrasp,C108,C,1,23,22,827.3,10,5657,148,1,827.3,0.000
rgrasp,C108,C,1,24,23,827.3,10,4549,133,1,827.3,0.000
rgrasp,C108,C,1,25,24,827.3,10,5203,132,1,827.3,0.000
rgrasp,C108,C,1,26,25,827.3,10,4736,134,1,827.3,0.000
rgrasp,C108,C,1,27,26,827.3,10,4937,132,1,827.3,0.000
rgrasp,C108,C,1,28,27,827.3,10,5137,132,1,827.3,0.000
rgrasp,C108,C,1,29,28,827.3,10,5169,133,1,827.3,0.000
rgrasp,C108,C,1,30,29,827.3,10,4599,132,1,827.3,0.000
tabu,C108,C,1,1,0,827.3,10,4278,939,1,827.3,0.000
vnd,C108,C,1,1,0,827.3,10,11,0,1,827.3,0.000
grasp,C109,C,1,1,0,827.3,10,2499,133,1,827.3,0.000
grasp,C109,C,1,2,1,827.3,10,2540,135,1,827.3,0.000
grasp,C109,C,1,3,2,827.3,10,2485,133,1,827.3,0.000
grasp,C109,C,1,4,3,827.3,10,2339,133,1,827.3,0.000
grasp,C109,C,1,5,4,827.3,10,2471,134,1,827.3,0.000
grasp,C109,C,1,6,5,827.3,10,2438,134,1,827.3,0.000
grasp,C109,C,1,7,6,827.3,10,2534,134,1,827.3,0.000
grasp,C109,C,1,8,7,827.3,10,2325,133,1,827.3,0.000
grasp,C109,C,1,9,8,827.3,10,2518,134,1,827.3,0.000
grasp,C109,C,1,10,9,827.3,10,2280,133,1,827.3,0.000
grasp,C109,C,1,11,10,827.3,10,2592,133,1,827.3,0.000
grasp,C109,C,1,12,11,827.3,10,2403,136,1,827.3,0.000
grasp,C109,C,1,13,12,827.3,10,2436,133,1,827.3,0.000
grasp,C109,C,1,14,13,827.3,10,2350,133,1,827.3,0.000
grasp,C109,C,1,15,14,827.3,10,2466,135,1,827.3,0.000
grasp,C109,C,1,16,15,827.3,10,2367,134,1,827.3,0.000
grasp,C109,C,1,17,16,827.3,10,2589,134,1,827.3,0.000
grasp,C109,C,1,18,17,827.3,10,2558,137,1,827.3,0.000
grasp,C109,C,1,19,18,827.3,10,2501,133,1,827.3,0.000
grasp,C109,C,1,20,19,827.3,10,2273,135,1,827.3,0.000
grasp,C109,C,1,21,20,827.3,10,2733,139,1,827.3,0.000
grasp,C109,C,1,22,21,827.3,10,2469,134,1,827.3,0.000
grasp,C109,C,1,23,22,827.3,10,2299,133,1,827.3,0.000
grasp,C109,C,1,24,23,827.3,10,2475,133,1,827.3,0.000
grasp,C109,C,1,25,24,827.3,10,2447,135,1,827.3,0.000
grasp,C109,C,1,26,25,827.3,10,2405,134,1,827.3,0.000
grasp,C109,C,1,27,26,827.3,10,2582,133,1,827.3,0.000
grasp,C109,C,1,28,27,827.3,10,2327,133,1,827.3,0.000
grasp,C109,C,1,29,28,827.3,10,2488,137,1,827.3,0.000
grasp,C109,C,1,30,29,827.3,10,2492,133,1,827.3,0.000
i1,C109,C,1,1,0,933.1,11,0,0,1,827.3,12.789
rgrasp,C109,C,1,1,0,827.3,10,5061,133,1,827.3,0.000
rgrasp,C109,C,1,2,1,827.3,10,5254,132,1,827.3,0.000
rgrasp,C109,C,1,3,2,827.3,10,5609,132,1,827.3,0.000
rgrasp,C109,C,1,4,3,827.3,10,5125,135,1,827.3,0.000
rgrasp,C109,C,1,5,4,827.3,10,5690,136,1,827.3,0.000
rgrasp,C109,C,1,6,5,827.3,10,4868,133,1,827.3,0.000
rgrasp,C109,C,1,7,6,827.3,10,4923,133,1,827.3,0.000
rgrasp,C109,C,1,8,7,827.3,10,4963,133,1,827.3,0.000
rgrasp,C109,C,1,9,8,827.3,10,5563,133,1,827.3,0.000
rgrasp,C109,C,1,10,9,827.3,10,5393,132,1,827.3,0.000
rgrasp,C109,C,1,11,10,827.3,10,5381,133,1,827.3,0.000
rgrasp,C109,C,1,12,11,827.3,10,5724,133,1,827.3,0.000
rgrasp,C109,C,1,13,12,827.3,10,5416,134,1,827.3,0.000
rgrasp,C109,C,1,14,13,827.3,10,4901,132,1,827.3,0.000
rgrasp,C109,C,1,15,14,827.3,10,5581,133,1,827.3,0.000
rgrasp,C109,C,1,16,15,827.3,10,5549,133,1,827.3,0.000
rgrasp,C109,C,1,17,16,827.3,10,5284,133,1,827.3,0.000
rgrasp,C109,C,1,18,17,827.3,10,5319,133,1,827.3,0.000
rgrasp,C109,C,1,19,18,827.3,10,4826,134,1,827.3,0.000
rgrasp,C109,C,1,20,19,827.3,10,5131,132,1,827.3,0.000
rgrasp,C109,C,1,21,20,827.3,10,4972,133,1,827.3,0.000
rgrasp,C109,C,1,22,21,827.3,10,5690,133,1,827.3,0.000
rgrasp,C109,C,1,23,22,827.3,10,5268,135,1,827.3,0.000
rgrasp,C109,C,1,24,23,827.3,10,4814,132,1,827.3,0.000
rgrasp,C109,C,1,25,24,827.3,10,4823,133,1,827.3,0.000
rgrasp,C109,C,1,26,25,827.3,10,5274,133,1,827.3,0.000
rgrasp,C109,C,1,27,26,827.3,10,5277,133,1,827.3,0.000
rgrasp,C109,C,1,28,27,827.3,10,5309,132,1,827.3,0.000
rgrasp,C109,C,1,29,28,827.3,10,5549,133,1,827.3,0.000
rgrasp,C109,C,1,30,29,827.3,10,5024,143,1,827.3,0.000
tabu,C109,C,1,1,0,827.3,10,4444,944,1,827.3,0.000
vnd,C109,C,1,1,0,880.2,11,11,0,1,827.3,6.394
grasp,C201,C,2,1,0,589.1,3,1221,133,1,589.1,0.000
grasp,C201,C,2,2,1,589.1,3,1271,133,1,589.1,0.000
grasp,C201,C,2,3,2,589.1,3,1243,133,1,589.1,0.000
grasp,C201,C,2,4,3,589.1,3,1207,133,1,589.1,0.000
grasp,C201,C,2,5,4,589.1,3,1203,133,1,589.1,0.000
grasp,C201,C,2,6,5,589.1,3,1296,133,1,589.1,0.000
grasp,C201,C,2,7,6,589.1,3,1194,133,1,589.1,0.000
grasp,C201,C,2,8,7,589.1,3,1262,133,1,589.1,0.000
grasp,C201,C,2,9,8,589.1,3,1260,133,1,589.1,0.000
grasp,C201,C,2,10,9,589.1,3,1275,133,1,589.1,0.000
grasp,C201,C,2,11,10,589.1,3,1264,133,1,589.1,0.000
grasp,C201,C,2,12,11,589.1,3,1242,133,1,589.1,0.000
grasp,C201,C,2,13,12,589.1,3,1234,133,1,589.1,0.000
grasp,C201,C,2,14,13,589.1,3,1256,133,1,589.1,0.000
grasp,C201,C,2,15,14,589.1,3,1199,133,1,589.1,0.000
grasp,C201,C,2,16,15,589.1,3,1214,133,1,589.1,0.000
grasp,C201,C,2,17,16,589.1,3,1251,133,1,589.1,0.000
grasp,C201,C,2,18,17,589.1,3,1197,133,1,589.1,0.000
grasp,C201,C,2,19,18,589.1,3,1285,133,1,589.1,0.000
grasp,C201,C,2,20,19,589.1,3,1247,133,1,589.1,0.000
grasp,C201,C,2,21,20,589.1,3,1275,133,1,589.1,0.000
grasp,C201,C,2,22,21,589.1,3,1277,133,1,589.1,0.000
grasp,C201,C,2,23,22,589.1,3,1234,133,1,589.1,0.000
grasp,C201,C,2,24,23,589.1,3,1194,133,1,589.1,0.000
grasp,C201,C,2,25,24,589.1,3,1277,133,1,589.1,0.000
grasp,C201,C,2,26,25,589.1,3,1209,133,1,589.1,0.000
grasp,C201,C,2,27,26,589.1,3,1204,133,1,589.1,0.000
grasp,C201,C,2,28,27,589.1,3,1259,133,1,589.1,0.000
grasp,C201,C,2,29,28,589.1,3,1200,133,1,589.1,0.000
grasp,C201,C,2,30,29,589.1,3,1269,133,1,589.1,0.000
i1,C201,C,2,1,0,609.1,3,0,0,1,589.1,3.395
rgrasp,C201,C,2,1,0,589.1,3,1681,132,1,589.1,0.000
rgrasp,C201,C,2,2,1,589.1,3,1917,132,1,589.1,0.000
rgrasp,C201,C,2,3,2,589.1,3,1814,132,1,589.1,0.000
rgrasp,C201,C,2,4,3,589.1,3,1973,132,1,589.1,0.000
rgrasp,C201,C,2,5,4,589.1,3,1699,132,1,589.1,0.000
rgrasp,C201,C,2,6,5,589.1,3,1650,132,1,589.1,0.000
rgrasp,C201,C,2,7,6,589.1,3,1995,132,1,589.1,0.000
rgrasp,C201,C,2,8,7,589.1,3,2001,132,1,589.1,0.000
rgrasp,C201,C,2,9,8,589.1,3,1854,132,1,589.1,0.000
rgrasp,C201,C,2,10,9,589.1,3,1910,132,1,589.1,0.000
rgrasp,C201,C,2,11,10,589.1,3,1768,132,1,589.1,0.000
rgrasp,C201,C,2,12,11,589.1,3,2079,132,1,589.1,0.000
rgrasp,C201,C,2,13,12,589.1,3,2045,132,1,589.1,0.000
rgrasp,C201,C,2,14,13,589.1,3,1915,132,1,589.1,0.000
rgrasp,C201,C,2,15,14,589.1,3,1872,132,1,589.1,0.000
rgrasp,C201,C,2,16,15,589.1,3,2025,132,1,589.1,0.000
rgrasp,C201,C,2,17,16,589.1,3,2063,132,1,589.1,0.000
rgrasp,C201,C,2,18,17,589.1,3,1866,132,1,589.1,0.000
rgrasp,C201,C,2,19,18,589.1,3,1702,132,1,589.1,0.000
rgrasp,C201,C,2,20,19,589.1,3,1879,132,1,589.1,0.000
rgrasp,C201,C,2,21,20,589.1,3,2088,132,1,589.1,0.000
rgrasp,C201,C,2,22,21,589.1,3,1712,132,1,589.1,0.000
rgrasp,C201,C,2,23,22,589.1,3,2043,132,1,589.1,0.000
rgrasp,C201,C,2,24,23,589.1,3,1728,132,1,589.1,0.000
rgrasp,C201,C,2,25,24,589.1,3,1821,132,1,589.1,0.000
rgrasp,C201,C,2,26,25,589.1,3,1888,132,1,589.1,0.000
rgrasp,C201,C,2,27,26,589.1,3,1873,132,1,589.1,0.000
rgrasp,C201,C,2,28,27,589.1,3,1974,132,1,589.1,0.000
rgrasp,C201,C,2,29,28,589.1,3,1751,132,1,589.1,0.000
rgrasp,C201,C,2,30,29,589.1,3,1799,132,1,589.1,0.000
tabu,C201,C,2,1,0,589.1,3,200,26,1,589.1,0.000
vnd,C201,C,2,1,0,589.1,3,9,0,1,589.1,0.000
grasp,C202,C,2,1,0,589.1,3,2993,134,1,589.1,0.000
grasp,C202,C,2,2,1,589.1,3,3274,141,1,589.1,0.000
grasp,C202,C,2,3,2,589.1,3,3417,138,1,589.1,0.000
grasp,C202,C,2,4,3,589.1,3,3079,133,1,589.1,0.000
grasp,C202,C,2,5,4,589.1,3,3010,136,1,589.1,0.000
grasp,C202,C,2,6,5,589.1,3,2971,134,1,589.1,0.000
grasp,C202,C,2,7,6,589.1,3,3066,133,1,589.1,0.000
grasp,C202,C,2,8,7,589.1,3,3058,136,1,589.1,0.000
grasp,C202,C,2,9,8,589.1,3,3257,134,1,589.1,0.000
grasp,C202,C,2,10,9,589.1,3,3197,134,1,589.1,0.000
grasp,C202,C,2,11,10,589.1,3,3132,133,1,589.1,0.000
grasp,C202,C,2,12,11,589.1,3,3028,136,1,589.1,0.000
grasp,C202,C,2,13,12,589.1,3,3007,137,1,589.1,0.000
grasp,C202,C,2,14,13,589.1,3,2979,139,1,589.1,0.000
grasp,C202,C,2,15,14,589.1,3,3257,134,1,589.1,0.000
grasp,C202,C,2,16,15,589.1,3,2958,136,1,589.1,0.000
grasp,C202,C,2,17,16,589.1,3,3172,133,1,589.1,0.000
grasp,C202,C,2,18,17,589.1,3,3350,137,1,589.1,0.000
grasp,C202,C,2,19,18,589.1,3,2892,134,1,589.1,0.000
grasp,C202,C,2,20,19,589.1,3,3239,134,1,589.1,0.000
grasp,C202,C,2,21,20,589.1,3,3168,137,1,589.1,0.000
grasp,C202,C,2,22,21,589.1,3,3059,139,1,589.1,0.000
grasp,C202,C,2,23,22,589.1,3,3092,139,1,589.1,0.000
grasp,C202,C,2,24,23,589.1,3,3242,133,1,589.1,0.000
grasp,C202,C,2,25,24,589.1,3,3228,138,1,589.1,0.000
grasp,C202,C,2,26,25,589.1,3,3144,135,1,589.1,0.000
grasp,C202,C,2,27,26,589.1,3,3108,133,1,589.1,0.000
grasp,C202,C,2,28,27,589.1,3,3146,134,1,589.1,0.000
grasp,C202,C,2,29,28,589.1,3,3152,133,1,589.1,0.000
grasp,C202,C,2,30,29,589.1,3,3138,133,1,589.1,0.000
i1,C202,C,2,1,0,793.0,4,0,0,1,589.1,34.612
rgrasp,C202,C,2,1,0,589.1,3,4281,136,1,589.1,0.000
rgrasp,C202,C,2,2,1,589.1,3,4113,139,1,589.1,0.000
rgrasp,C202,C,2,3,2,589.1,3,3757,133,1,589.1,0.000
rgrasp,C202,C,2,4,3,589.1,3,3861,136,1,589.1,0.000
rgrasp,C202,C,2,5,4,589.1,3,3642,133,1,589.1,0.000
rgrasp,C202,C,2,6,5,589.1,3,4087,138,1,589.1,0.000
rgrasp,C202,C,2,7,6,589.1,3,4153,134,1,589.1,0.000
rgrasp,C202,C,2,8,7,589.1,3,4240,135,1,589.1,0.000
rgrasp,C202,C,2,9,8,589.1,3,3779,133,1,589.1,0.000
rgrasp,C202,C,2,10,9,589.1,3,3995,137,1,589.1,0.000
rgrasp,C202,C,2,11,10,589.1,3,4333,133,1,589.1,0.000
rgrasp,C202,C,2,12,11,589.1,3,3985,138,1,589.1,0.000
rgrasp,C202,C,2,13,12,589.1,3,3654,137,1,589.1,0.000
rgrasp,C202,C,2,14,13,589.1,3,4225,134,1,589.1,0.000
rgrasp,C202,C,2,15,14,589.1,3,4101,133,1,589.1,0.000
rgrasp,C202,C,2,16,15,589.1,3,3933,133,1,589.1,0.000
rgrasp,C202,C,2,17,16,589.1,3,4692,149,1,589.1,0.000
rgrasp,C202,C,2,18,17,589.1,3,4236,136,1,589.1,0.000
rgrasp,C202,C,2,19,18,589.1,3,3987,134,1,589.1,0.000
rgrasp,C202,C,2,20,19,589.1,3,3894,135,1,589.1,0.000
rgrasp,C202,C,2,21,20,589.1,3,4071,134,1,589.1,0.000
rgrasp,C202,C,2,22,21,589.1,3,4084,136,1,589.1,0.000
rgrasp,C202,C,2,23,22,589.1,3,4417,138,1,589.1,0.000
rgrasp,C202,C,2,24,23,589.1,3,4094,135,1,589.1,0.000
rgrasp,C202,C,2,25,24,589.1,3,4347,135,1,589.1,0.000
rgrasp,C202,C,2,26,25,589.1,3,3749,134,1,589.1,0.000
rgrasp,C202,C,2,27,26,589.1,3,4202,133,1,589.1,0.000
rgrasp,C202,C,2,28,27,589.1,3,4121,137,1,589.1,0.000
rgrasp,C202,C,2,29,28,589.1,3,4516,140,1,589.1,0.000
rgrasp,C202,C,2,30,29,589.1,3,4088,133,1,589.1,0.000
tabu,C202,C,2,1,0,589.1,3,7202,945,1,589.1,0.000
vnd,C202,C,2,1,0,617.9,3,18,0,1,589.1,4.889
grasp,C203,C,2,1,0,597.7,3,5412,135,1,588.7,1.529
grasp,C203,C,2,2,1,597.7,3,6579,164,1,588.7,1.529
grasp,C203,C,2,3,2,588.7,3,8234,207,1,588.7,0.000
grasp,C203,C,2,4,3,588.7,3,11599,301,1,588.7,0.000
grasp,C203,C,2,5,4,597.7,3,5323,135,1,588.7,1.529
grasp,C203,C,2,6,5,597.7,3,5113,134,1,588.7,1.529
grasp,C203,C,2,7,6,597.7,3,5851,150,1,588.7,1.529
grasp,C203,C,2,8,7,588.7,3,8237,220,1,588.7,0.000
grasp,C203,C,2,9,8,597.7,3,5430,137,1,588.7,1.529
grasp,C203,C,2,10,9,588.7,3,5795,157,1,588.7,0.000
grasp,C203,C,2,11,10,597.7,3,5704,137,1,588.7,1.529
grasp,C203,C,2,12,11,588.7,3,9714,244,1,588.7,0.000
grasp,C203,C,2,13,12,597.7,3,7208,183,1,588.7,1.529
grasp,C203,C,2,14,13,588.7,3,5028,134,1,588.7,0.000
grasp,C203,C,2,15,14,597.7,3,5822,151,1,588.7,1.529
grasp,C203,C,2,16,15,597.7,3,6142,161,1,588.7,1.529
grasp,C203,C,2,17,16,597.7,3,6088,152,1,588.7,1.529
grasp,C203,C,2,18,17,597.7,3,5386,137,1,588.7,1.529
grasp,C203,C,2,19,18,588.7,3,6143,151,1,588.7,0.000
grasp,C203,C,2,20,19,597.7,3,5869,149,1,588.7,1.529
grasp,C203,C,2,21,20,588.7,3,7149,182,1,588.7,0.000
grasp,C203,C,2,22,21,597.7,3,6585,169,1,588.7,1.529
grasp,C203,C,2,23,22,597.7,3,5607,141,1,588.7,1.529
grasp,C203,C,2,24,23,597.7,3,5966,152,1,588.7,1.529
grasp,C203,C,2,25,24,597.7,3,5126,133,1,588.7,1.529
grasp,C203,C,2,26,25,588.7,3,9994,246,1,588.7,0.000
grasp,C203,C,2,27,26,597.7,3,5138,133,1,588.7,1.529
grasp,C203,C,2,28,27,588.7,3,8011,199,1,588.7,0.000
grasp,C203,C,2,29,28,588.7,3,9651,245,1,588.7,0.000
grasp,C203,C,2,30,29,588.7,3,5212,139,1,588.7,0.000
i1,C203,C,2,1,0,931.4,4,0,0,1,588.7,58.213
rgrasp,C203,C,2,1,0,597.7,3,6946,137,1,588.7,1.529
rgrasp,C203,C,2,2,1,597.7,3,7245,142,1,588.7,1.529
rgrasp,C203,C,2,3,2,597.7,3,9333,186,1,588.7,1.529
rgrasp,C203,C,2,4,3,588.7,3,11234,227,1,588.7,0.000
rgrasp,C203,C,2,5,4,597.7,3,7488,156,1,588.7,1.529
rgrasp,C203,C,2,6,5,588.7,3,12024,245,1,588.7,0.000
rgrasp,C203,C,2,7,6,597.7,3,6152,132,1,588.7,1.529
rgrasp,C203,C,2,8,7,597.7,3,6315,133,1,588.7,1.529
rgrasp,C203,C,2,9,8,588.7,3,10324,216,1,588.7,0.000
rgrasp,C203,C,2,10,9,597.7,3,7218,144,1,588.7,1.529
rgrasp,C203,C,2,11,10,597.7,3,6589,136,1,588.7,1.529
rgrasp,C203,C,2,12,11,597.7,3,6756,133,1,588.7,1.529
rgrasp,C203,C,2,13,12,597.7,3,6451,133,1,588.7,1.529
rgrasp,C203,C,2,14,13,588.7,3,10613,217,1,588.7,0.000
rgrasp,C203,C,2,15,14,597.7,3,6615,144,1,588.7,1.529
rgrasp,C203,C,2,16,15,597.7,3,8038,171,1,588.7,1.529
rgrasp,C203,C,2,17,16,597.7,3,7815,162,1,588.7,1.529
rgrasp,C203,C,2,18,17,588.7,3,7009,137,1,588.7,0.000
rgrasp,C203,C,2,19,18,597.7,3,6694,139,1,588.7,1.529
rgrasp,C203,C,2,20,19,588.7,3,10755,210,1,588.7,0.000
rgrasp,C203,C,2,21,20,597.7,3,7268,145,1,588.7,1.529
rgrasp,C203,C,2,22,21,597.7,3,7458,148,1,588.7,1.529
rgrasp,C203,C,2,23,22,597.7,3,7493,162,1,588.7,1.529
rgrasp,C203,C,2,24,23,597.7,3,6200,134,1,588.7,1.529
rgrasp,C203,C,2,25,24,597.7,3,6842,132,1,588.7,1.529
rgrasp,C203,C,2,26,25,597.7,3,6866,143,1,588.7,1.529
rgrasp,C203,C,2,27,26,597.7,3,7258,147,1,588.7,1.529
rgrasp,C203,C,2,28,27,597.7,3,6866,132,1,588.7,1.529
rgrasp,C203,C,2,29,28,597.7,3,6622,133,1,588.7,1.529
rgrasp,C203,C,2,30,29,588.7,3,13461,278,1,588.7,0.000
tabu,C203,C,2,1,0,588.7,3,7819,1031,1,588.7,0.000
vnd,C203,C,2,1,0,622.2,4,54,0,1,588.7,5.691
grasp,C204,C,2,1,0,610.3,3,14744,249,1,588.1,3.775
grasp,C204,C,2,2,1,600.5,3,11212,195,1,588.1,2.108
grasp,C204,C,2,3,2,600.2,3,8178,136,1,588.1,2.057
grasp,C204,C,2,4,3,618.1,3,10953,184,1,588.1,5.101
grasp,C204,C,2,5,4,613.3,3,7994,136,1,588.1,4.285
grasp,C204,C,2,6,5,608.1,3,22371,374,1,588.1,3.401
grasp,C204,C,2,7,6,608.7,3,16332,270,1,588.1,3.503
grasp,C204,C,2,8,7,615.8,3,9418,162,1,588.1,4.710
grasp,C204,C,2,9,8,613.1,3,21316,364,1,588.1,4.251
grasp,C204,C,2,10,9,615.8,3,14459,236,1,588.1,4.710
grasp,C204,C,2,11,10,609.8,3,9729,164,1,588.1,3.690
grasp,C204,C,2,12,11,612.5,3,14873,246,1,588.1,4.149
grasp,C204,C,2,13,12,599.9,3,18956,305,1,588.1,2.006
grasp,C204,C,2,14,13,610.3,3,10672,184,1,588.1,3.775
grasp,C204,C,2,15,14,594.0,3,11360,193,1,588.1,1.003
grasp,C204,C,2,16,15,608.1,3,8660,142,1,588.1,3.401
grasp,C204,C,2,17,16,612.5,3,19729,327,1,588.1,4.149
grasp,C204,C,2,18,17,594.3,3,19534,343,1,588.1,1.054
grasp,C204,C,2,19,18,608.1,3,19321,318,1,588.1,3.401
grasp,C204,C,2,20,19,618.8,3,7519,134,1,588.1,5.220
grasp,C204,C,2,21,20,614.8,3,21695,379,1,588.1,4.540
grasp,C204,C,2,22,21,618.8,3,13031,220,1,588.1,5.220
grasp,C204,C,2,23,22,618.8,3,17396,311,1,588.1,5.220
grasp,C204,C,2,24,23,608.1,3,24968,404,1,588.1,3.401
grasp,C204,C,2,25,24,594.0,3,19743,331,1,588.1,1.003
grasp,C204,C,2,26,25,608.1,3,22716,382,1,588.1,3.401
grasp,C204,C,2,27,26,611.7,3,32176,525,1,588.1,4.013
grasp,C204,C,2,28,27,610.3,3,14346,244,1,588.1,3.775
grasp,C204,C,2,29,28,612.8,3,17559,290,1,588.1,4.200
grasp,C204,C,2,30,29,605.4,3,18392,333,1,588.1,2.942
i1,C204,C,2,1,0,1138.4,4,0,0,1,588.1,93.573
rgrasp,C204,C,2,1,0,613.1,3,12116,185,1,588.1,4.251
rgrasp,C204,C,2,2,1,605.4,3,10556,146,1,588.1,2.942
rgrasp,C204,C,2,3,2,608.1,3,9187,142,1,588.1,3.401
rgrasp,C204,C,2,4,3,608.1,3,10471,152,1,588.1,3.401
rgrasp,C204,C,2,5,4,608.8,3,11699,180,1,588.1,3.520
rgrasp,C204,C,2,6,5,612.5,3,13488,195,1,588.1,4.149
rgrasp,C204,C,2,7,6,608.5,3,18424,284,1,588.1,3.469
rgrasp,C204,C,2,8,7,599.9,3,11336,177,1,588.1,2.006
rgrasp,C204,C,2,9,8,608.1,3,11367,180,1,588.1,3.401
rgrasp,C204,C,2,10,9,612.5,3,20917,310,1,588.1,4.149
rgrasp,C204,C,2,11,10,610.7,3,21691,317,1,588.1,3.843
rgrasp,C204,C,2,12,11,615.8,3,15718,227,1,588.1,4.710
rgrasp,C204,C,2,13,12,613.6,3,23983,375,1,588.1,4.336
rgrasp,C204,C,2,14,13,610.0,3,8705,136,1,588.1,3.724
rgrasp,C204,C,2,15,14,610.7,3,19805,300,1,588.1,3.843
rgrasp,C204,C,2,16,15,608.1,3,22007,322,1,588.1,3.401
rgrasp,C204,C,2,17,16,609.1,3,18319,258,1,588.1,3.571
rgrasp,C204,C,2,18,17,623.9,3,9423,135,1,588.1,6.087
rgrasp,C204,C,2,19,18,600.2,3,9572,145,1,588.1,2.057
rgrasp,C204,C,2,20,19,610.5,3,9307,141,1,588.1,3.809
rgrasp,C204,C,2,21,20,623.1,3,10943,169,1,588.1,5.951
rgrasp,C204,C,2,22,21,618.6,3,10173,149,1,588.1,5.186
rgrasp,C204,C,2,23,22,608.1,3,25439,390,1,588.1,3.401
rgrasp,C204,C,2,24,23,594.0,3,23119,346,1,588.1,1.003
rgrasp,C204,C,2,25,24,613.1,3,9858,152,1,588.1,4.251
rgrasp,C204,C,2,26,25,612.6,3,11542,168,1,588.1,4.166
rgrasp,C204,C,2,27,26,615.8,3,8265,132,1,588.1,4.710
rgrasp,C204,C,2,28,27,612.0,3,13582,193,1,588.1,4.064
rgrasp,C204,C,2,29,28,605.4,3,17853,259,1,588.1,2.942
rgrasp,C204,C,2,30,29,623.5,3,11259,160,1,588.1,6.019
tabu,C204,C,2,1,0,704.3,4,7371,1030,1,588.1,19.759
vnd,C204,C,2,1,0,770.0,4,72,0,1,588.1,30.930
grasp,C205,C,2,1,0,586.4,3,2149,134,1,586.4,0.000
grasp,C205,C,2,2,1,586.4,3,2146,133,1,586.4,0.000
grasp,C205,C,2,3,2,586.4,3,2052,133,1,586.4,0.000
grasp,C205,C,2,4,3,586.4,3,2116,136,1,586.4,0.000
grasp,C205,C,2,5,4,586.4,3,2073,133,1,586.4,0.000
grasp,C205,C,2,6,5,586.4,3,2179,133,1,586.4,0.000
grasp,C205,C,2,7,6,586.4,3,2190,134,1,586.4,0.000
grasp,C205,C,2,8,7,586.4,3,2194,133,1,586.4,0.000
grasp,C205,C,2,9,8,586.4,3,2382,134,1,586.4,0.000
grasp,C205,C,2,10,9,586.4,3,2117,133,1,586.4,0.000
grasp,C205,C,2,11,10,586.4,3,2168,134,1,586.4,0.000
grasp,C205,C,2,12,11,586.4,3,2238,136,1,586.4,0.000
grasp,C205,C,2,13,12,586.4,3,2144,133,1,586.4,0.000
grasp,C205,C,2,14,13,586.4,3,2289,139,1,586.4,0.000
grasp,C205,C,2,15,14,586.4,3,2123,135,1,586.4,0.000
grasp,C205,C,2,16,15,586.4,3,2157,133,1,586.4,0.000
grasp,C205,C,2,17,16,586.4,3,2260,133,1,586.4,0.000
grasp,C205,C,2,18,17,586.4,3,2129,134,1,586.4,0.000
grasp,C205,C,2,19,18,586.4,3,2225,139,1,586.4,0.000
grasp,C205,C,2,20,19,586.4,3,2296,134,1,586.4,0.000
grasp,C205,C,2,21,20,586.4,3,2294,133,1,586.4,0.000
grasp,C205,C,2,22,21,586.4,3,2175,137,1,586.4,0.000
grasp,C205,C,2,23,22,586.4,3,2181,133,1,586.4,0.000
grasp,C205,C,2,24,23,586.4,3,2147,133,1,586.4,0.000
grasp,C205,C,2,25,24,586.4,3,2084,133,1,586.4,0.000
grasp,C205,C,2,26,25,586.4,3,2254,135,1,586.4,0.000
grasp,C205,C,2,27,26,586.4,3,2208,139,1,586.4,0.000
grasp,C205,C,2,28,27,586.4,3,2144,136,1,586.4,0.000
grasp,C205,C,2,29,28,586.4,3,2198,134,1,586.4,0.000
grasp,C205,C,2,30,29,586.4,3,2148,133,1,586.4,0.000
i1,C205,C,2,1,0,667.6,4,0,0,1,586.4,13.847
rgrasp,C205,C,2,1,0,586.4,3,2940,132,1,586.4,0.000
rgrasp,C205,C,2,2,1,586.4,3,2922,133,1,586.4,0.000
rgrasp,C205,C,2,3,2,586.4,3,3092,138,1,586.4,0.000
rgrasp,C205,C,2,4,3,586.4,3,2887,134,1,586.4,0.000
rgrasp,C205,C,2,5,4,586.4,3,2846,133,1,586.4,0.000
rgrasp,C205,C,2,6,5,586.4,3,2710,134,1,586.4,0.000
rgrasp,C205,C,2,7,6,586.4,3,2862,134,1,586.4,0.000
rgrasp,C205,C,2,8,7,586.4,3,2709,133,1,586.4,0.000
rgrasp,C205,C,2,9,8,586.4,3,3392,139,1,586.4,0.000
rgrasp,C205,C,2,10,9,586.4,3,3085,135,1,586.4,0.000
rgrasp,C205,C,2,11,10,586.4,3,2866,135,1,586.4,0.000
rgrasp,C205,C,2,12,11,586.4,3,2954,135,1,586.4,0.000
rgrasp,C205,C,2,13,12,586.4,3,3083,133,1,586.4,0.000
rgrasp,C205,C,2,14,13,586.4,3,2742,137,1,586.4,0.000
rgrasp,C205,C,2,15,14,586.4,3,3014,135,1,586.4,0.000
rgrasp,C205,C,2,16,15,586.4,3,2771,134,1,586.4,0.000
rgrasp,C205,C,2,17,16,586.4,3,3139,133,1,586.4,0.000
rgrasp,C205,C,2,18,17,586.4,3,2838,133,1,586.4,0.000
rgrasp,C205,C,2,19,18,586.4,3,3119,133,1,586.4,0.000
rgrasp,C205,C,2,20,19,586.4,3,3106,134,1,586.4,0.000
rgrasp,C205,C,2,21,20,586.4,3,2822,134,1,586.4,0.000
rgrasp,C205,C,2,22,21,586.4,3,3089,133,1,586.4,0.000
rgrasp,C205,C,2,23,22,586.4,3,2937,133,1,586.4,0.000
rgrasp,C205,C,2,24,23,586.4,3,2711,134,1,586.4,0.000
rgrasp,C205,C,2,25,24,586.4,3,3005,133,1,586.4,0.000
rgrasp,C205,C,2,26,25,586.4,3,2868,132,1,586.4,0.000
rgrasp,C205,C,2,27,26,586.4,3,3328,134,1,586.4,0.000
rgrasp,C205,C,2,28,27,586.4,3,2846,132,1,586.4,0.000
rgrasp,C205,C,2,29,28,586.4,3,3179,137,1,586.4,0.000
rgrasp,C205,C,2,30,29,586.4,3,3250,133,1,586.4,0.000
tabu,C205,C,2,1,0,586.4,3,7092,932,1,586.4,0.000
vnd,C205,C,2,1,0,606.8,3,15,0,1,586.4,3.479
grasp,C206,C,2,1,0,586.0,3,2838,133,1,586.0,0.000
grasp,C206,C,2,2,1,586.0,3,2625,133,1,586.0,0.000
grasp,C206,C,2,3,2,586.0,3,2650,133,1,586.0,0.000
grasp,C206,C,2,4,3,586.0,3,2915,133,1,586.0,0.000
grasp,C206,C,2,5,4,586.0,3,2672,133,1,586.0,0.000
grasp,C206,C,2,6,5,586.0,3,2786,133,1,586.0,0.000
grasp,C206,C,2,7,6,586.0,3,2787,133,1,586.0,0.000
grasp,C206,C,2,8,7,586.0,3,2581,133,1,586.0,0.000
grasp,C206,C,2,9,8,586.0,3,2659,134,1,586.0,0.000
grasp,C206,C,2,10,9,586.0,3,2752,133,1,586.0,0.000
grasp,C206,C,2,11,10,586.0,3,2635,133,1,586.0,0.000
grasp,C206,C,2,12,11,586.0,3,2644,134,1,586.0,0.000
grasp,C206,C,2,13,12,586.0,3,2604,133,1,586.0,0.000
grasp,C206,C,2,14,13,586.0,3,2939,133,1,586.0,0.000
grasp,C206,C,2,15,14,586.0,3,2816,133,1,586.0,0.000
grasp,C206,C,2,16,15,586.0,3,2772,133,1,586.0,0.000
grasp,C206,C,2,17,16,586.0,3,2900,133,1,586.0,0.000
grasp,C206,C,2,18,17,586.0,3,2498,133,1,586.0,0.000
grasp,C206,C,2,19,18,586.0,3,2863,133,1,586.0,0.000
grasp,C206,C,2,20,19,586.0,3,2731,133,1,586.0,0.000
grasp,C206,C,2,21,20,586.0,3,2637,133,1,586.0,0.000
grasp,C206,C,2,22,21,586.0,3,2745,133,1,586.0,0.000
grasp,C206,C,2,23,22,586.0,3,2753,133,1,586.0,0.000
grasp,C206,C,2,24,23,586.0,3,2710,133,1,586.0,0.000
grasp,C206,C,2,25,24,586.0,3,2715,133,1,586.0,0.000
grasp,C206,C,2,26,25,586.0,3,2560,133,1,586.0,0.000
grasp,C206,C,2,27,26,586.0,3,2770,133,1,586.0,0.000
grasp,C206,C,2,28,27,586.0,3,2536,133,1,586.0,0.000
grasp,C206,C,2,29,28,586.0,3,2635,133,1,586.0,0.000
grasp,C206,C,2,30,29,586.0,3,2779,133,1,586.0,0.000
i1,C206,C,2,1,0,660.6,3,0,0,1,586.0,12.730
rgrasp,C206,C,2,1,0,586.0,3,3707,132,1,586.0,0.000
rgrasp,C206,C,2,2,1,586.0,3,3501,132,1,586.0,0.000
rgrasp,C206,C,2,3,2,586.0,3,3652,132,1,586.0,0.000
rgrasp,C206,C,2,4,3,586.0,3,3630,132,1,586.0,0.000
rgrasp,C206,C,2,5,4,586.0,3,3781,132,1,586.0,0.000
rgrasp,C206,C,2,6,5,586.0,3,3845,132,1,586.0,0.000
rgrasp,C206,C,2,7,6,586.0,3,3490,132,1,586.0,0.000
rgrasp,C206,C,2,8,7,586.0,3,3503,132,1,586.0,0.000
rgrasp,C206,C,2,9,8,586.0,3,3508,132,1,586.0,0.000
rgrasp,C206,C,2,10,9,586.0,3,3625,132,1,586.0,0.000
rgrasp,C206,C,2,11,10,586.0,3,3384,132,1,586.0,0.000
rgrasp,C206,C,2,12,11,586.0,3,3516,132,1,586.0,0.000
rgrasp,C206,C,2,13,12,586.0,3,3551,132,1,586.0,0.000
rgrasp,C206,C,2,14,13,586.0,3,3604,132,1,586.0,0.000
rgrasp,C206,C,2,15,14,586.0,3,3604,132,1,586.0,0.000
rgrasp,C206,C,2,16,15,586.0,3,3207,132,1,586.0,0.000
rgrasp,C206,C,2,17,16,586.0,3,3537,132,1,586.0,0.000
rgrasp,C206,C,2,18,17,586.0,3,3278,132,1,586.0,0.000
rgrasp,C206,C,2,19,18,586.0,3,3810,132,1,586.0,0.000
rgrasp,C206,C,2,20,19,586.0,3,3756,132,1,586.0,0.000
rgrasp,C206,C,2,21,20,586.0,3,3445,132,1,586.0,0.000
rgrasp,C206,C,2,22,21,586.0,3,3225,132,1,586.0,0.000
rgrasp,C206,C,2,23,22,586.0,3,3455,132,1,586.0,0.000
rgrasp,C206,C,2,24,23,586.0,3,3454,132,1,586.0,0.000
rgrasp,C206,C,2,25,24,586.0,3,3765,132,1,586.0,0.000
rgrasp,C206,C,2,26,25,586.0,3,3549,132,1,586.0,0.000
rgrasp,C206,C,2,27,26,586.0,3,3525,132,1,586.0,0.000
rgrasp,C206,C,2,28,27,586.0,3,3729,132,1,586.0,0.000
rgrasp,C206,C,2,29,28,586.0,3,3428,132,1,586.0,0.000
rgrasp,C206,C,2,30,29,586.0,3,3455,132,1,586.0,0.000
tabu,C206,C,2,1,0,586.0,3,7107,931,1,586.0,0.000
vnd,C206,C,2,1,0,586.0,3,16,0,1,586.0,0.000
grasp,C207,C,2,1,0,585.8,3,2704,134,1,585.8,0.000
grasp,C207,C,2,2,1,585.8,3,2604,133,1,585.8,0.000
grasp,C207,C,2,3,2,585.8,3,2826,134,1,585.8,0.000
grasp,C207,C,2,4,3,585.8,3,2907,133,1,585.8,0.000
grasp,C207,C,2,5,4,585.8,3,2647,134,1,585.8,0.000
grasp,C207,C,2,6,5,585.8,3,2670,134,1,585.8,0.000
grasp,C207,C,2,7,6,585.8,3,2616,133,1,585.8,0.000
grasp,C207,C,2,8,7,585.8,3,2603,133,1,585.8,0.000
grasp,C207,C,2,9,8,585.8,3,2941,134,1,585.8,0.000
grasp,C207,C,2,10,9,585.8,3,2701,134,1,585.8,0.000
grasp,C207,C,2,11,10,585.8,3,2749,134,1,585.8,0.000
grasp,C207,C,2,12,11,585.8,3,2966,134,1,585.8,0.000
grasp,C207,C,2,13,12,585.8,3,2846,133,1,585.8,0.000
grasp,C207,C,2,14,13,585.8,3,2642,133,1,585.8,0.000
grasp,C207,C,2,15,14,585.8,3,2735,133,1,585.8,0.000
grasp,C207,C,2,16,15,585.8,3,2943,134,1,585.8,0.000
grasp,C207,C,2,17,16,585.8,3,2561,134,1,585.8,0.000
grasp,C207,C,2,18,17,585.8,3,2600,133,1,585.8,0.000
grasp,C207,C,2,19,18,585.8,3,2651,133,1,585.8,0.000
grasp,C207,C,2,20,19,585.8,3,2744,133,1,585.8,0.000
grasp,C207,C,2,21,20,585.8,3,2895,136,1,585.8,0.000
grasp,C207,C,2,22,21,585.8,3,2878,133,1,585.8,0.000
grasp,C207,C,2,23,22,585.8,3,2738,133,1,585.8,0.000
grasp,C207,C,2,24,23,585.8,3,2709,133,1,585.8,0.000
grasp,C207,C,2,25,24,585.8,3,2572,133,1,585.8,0.000
grasp,C207,C,2,26,25,585.8,3,2569,133,1,585.8,0.000
grasp,C207,C,2,27,26,585.8,3,2903,133,1,585.8,0.000
grasp,C207,C,2,28,27,585.8,3,2737,133,1,585.8,0.000
grasp,C207,C,2,29,28,585.8,3,2586,133,1,585.8,0.000
grasp,C207,C,2,30,29,585.8,3,2625,134,1,585.8,0.000
i1,C207,C,2,1,0,747.1,3,0,0,1,585.8,27.535
rgrasp,C207,C,2,1,0,585.8,3,3332,132,1,585.8,0.000
rgrasp,C207,C,2,2,1,585.8,3,3620,132,1,585.8,0.000
rgrasp,C207,C,2,3,2,585.8,3,3679,133,1,585.8,0.000
rgrasp,C207,C,2,4,3,585.8,3,3447,132,1,585.8,0.000
rgrasp,C207,C,2,5,4,585.8,3,3165,133,1,585.8,0.000
rgrasp,C207,C,2,6,5,585.8,3,3433,132,1,585.8,0.000
rgrasp,C207,C,2,7,6,585.8,3,3575,132,1,585.8,0.000
rgrasp,C207,C,2,8,7,585.8,3,3382,132,1,585.8,0.000
rgrasp,C207,C,2,9,8,585.8,3,3444,132,1,585.8,0.000
rgrasp,C207,C,2,10,9,585.8,3,3252,132,1,585.8,0.000
rgrasp,C207,C,2,11,10,585.8,3,3604,132,1,585.8,0.000
rgrasp,C207,C,2,12,11,585.8,3,3709,134,1,585.8,0.000
rgrasp,C207,C,2,13,12,585.8,3,3531,132,1,585.8,0.000
rgrasp,C207,C,2,14,13,585.8,3,3370,132,1,585.8,0.000
rgrasp,C207,C,2,15,14,585.8,3,3399,132,1,585.8,0.000
rgrasp,C207,C,2,16,15,585.8,3,3294,132,1,585.8,0.000
rgrasp,C207,C,2,17,16,585.8,3,3253,133,1,585.8,0.000
rgrasp,C207,C,2,18,17,585.8,3,3645,132,1,585.8,0.000
rgrasp,C207,C,2,19,18,585.8,3,3576,134,1,585.8,0.000
rgrasp,C207,C,2,20,19,585.8,3,3551,132,1,585.8,0.000
rgrasp,C207,C,2,21,20,585.8,3,3683,133,1,585.8,0.000
rgrasp,C207,C,2,22,21,585.8,3,3551,132,1,585.8,0.000
rgrasp,C207,C,2,23,22,585.8,3,3357,133,1,585.8,0.000
rgrasp,C207,C,2,24,23,585.8,3,3518,132,1,585.8,0.000
rgrasp,C207,C,2,25,24,585.8,3,3205,132,1,585.8,0.000
rgrasp,C207,C,2,26,25,585.8,3,3479,132,1,585.8,0.000
rgrasp,C207,C,2,27,26,585.8,3,3186,132,1,585.8,0.000
rgrasp,C207,C,2,28,27,585.8,3,3444,132,1,585.8,0.000
rgrasp,C207,C,2,29,28,585.8,3,3572,132,1,585.8,0.000
rgrasp,C207,C,2,30,29,585.8,3,3416,132,1,585.8,0.000
tabu,C207,C,2,1,0,585.8,3,7194,935,1,585.8,0.000
vnd,C207,C,2,1,0,585.8,3,19,0,1,585.8,0.000
grasp,C208,C,2,1,0,585.8,3,3517,133,1,585.8,0.000
grasp,C208,C,2,2,1,585.8,3,3304,133,1,585.8,0.000
grasp,C208,C,2,3,2,585.8,3,3123,133,1,585.8,0.000
grasp,C208,C,2,4,3,585.8,3,3403,133,1,585.8,0.000
grasp,C208,C,2,5,4,585.8,3,3104,133,1,585.8,0.000
grasp,C208,C,2,6,5,585.8,3,3526,133,1,585.8,0.000
grasp,C208,C,2,7,6,585.8,3,3348,134,1,585.8,0.000
grasp,C208,C,2,8,7,585.8,3,3210,133,1,585.8,0.000
grasp,C208,C,2,9,8,585.8,3,3348,133,1,585.8,0.000
grasp,C208,C,2,10,9,585.8,3,3407,133,1,585.8,0.000
grasp,C208,C,2,11,10,585.8,3,3550,134,1,585.8,0.000
grasp,C208,C,2,12,11,585.8,3,3248,133,1,585.8,0.000
grasp,C208,C,2,13,12,585.8,3,3450,133,1,585.8,0.000
grasp,C208,C,2,14,13,585.8,3,3373,133,1,585.8,0.000
grasp,C208,C,2,15,14,585.8,3,3266,133,1,585.8,0.000
grasp,C208,C,2,16,15,585.8,3,3434,133,1,585.8,0.000
grasp,C208,C,2,17,16,585.8,3,3186,133,1,585.8,0.000
grasp,C208,C,2,18,17,585.8,3,3346,134,1,585.8,0.000
grasp,C208,C,2,19,18,585.8,3,3413,133,1,585.8,0.000
grasp,C208,C,2,20,19,585.8,3,3472,133,1,585.8,0.000
grasp,C208,C,2,21,20,585.8,3,3697,133,1,585.8,0.000
grasp,C208,C,2,22,21,585.8,3,3404,133,1,585.8,0.000
grasp,C208,C,2,23,22,585.8,3,3189,134,1,585.8,0.000
grasp,C208,C,2,24,23,585.8,3,3432,133,1,585.8,0.000
grasp,C208,C,2,25,24,585.8,3,3303,133,1,585.8,0.000
grasp,C208,C,2,26,25,585.8,3,3177,133,1,585.8,0.000
grasp,C208,C,2,27,26,585.8,3,3155,134,1,585.8,0.000
grasp,C208,C,2,28,27,585.8,3,3185,133,1,585.8,0.000
grasp,C208,C,2,29,28,585.8,3,3180,133,1,585.8,0.000
grasp,C208,C,2,30,29,585.8,3,3394,133,1,585.8,0.000
i1,C208,C,2,1,0,717.6,3,0,0,1,585.8,22.499
rgrasp,C208,C,2,1,0,585.8,3,4356,132,1,585.8,0.000
rgrasp,C208,C,2,2,1,585.8,3,4102,132,1,585.8,0.000
rgrasp,C208,C,2,3,2,585.8,3,4370,135,1,585.8,0.000
rgrasp,C208,C,2,4,3,585.8,3,4044,132,1,585.8,0.000
rgrasp,C208,C,2,5,4,585.8,3,3950,132,1,585.8,0.000
rgrasp,C208,C,2,6,5,585.8,3,4172,132,1,585.8,0.000
rgrasp,C208,C,2,7,6,585.8,3,4254,132,1,585.8,0.000
rgrasp,C208,C,2,8,7,585.8,3,4341,133,1,585.8,0.000
rgrasp,C208,C,2,9,8,585.8,3,4061,133,1,585.8,0.000
rgrasp,C208,C,2,10,9,585.8,3,3813,132,1,585.8,0.000
rgrasp,C208,C,2,11,10,585.8,3,4015,132,1,585.8,0.000
rgrasp,C208,C,2,12,11,585.8,3,4203,134,1,585.8,0.000
rgrasp,C208,C,2,13,12,585.8,3,3594,132,1,585.8,0.000
rgrasp,C208,C,2,14,13,585.8,3,4332,134,1,585.8,0.000
rgrasp,C208,C,2,15,14,585.8,3,4445,133,1,585.8,0.000
rgrasp,C208,C,2,16,15,585.8,3,4110,134,1,585.8,0.000
rgrasp,C208,C,2,17,16,585.8,3,3863,133,1,585.8,0.000
rgrasp,C208,C,2,18,17,585.8,3,4434,132,1,585.8,0.000
rgrasp,C208,C,2,19,18,585.8,3,4269,133,1,585.8,0.000
rgrasp,C208,C,2,20,19,585.8,3,4351,132,1,585.8,0.000
rgrasp,C208,C,2,21,20,585.8,3,4303,132,1,585.8,0.000
rgrasp,C208,C,2,22,21,585.8,3,3956,132,1,585.8,0.000
rgrasp,C208,C,2,23,22,585.8,3,3816,132,1,585.8,0.000
rgrasp,C208,C,2,24,23,585.8,3,4221,133,1,585.8,0.000
rgrasp,C208,C,2,25,24,585.8,3,3852,132,1,585.8,0.000
rgrasp,C208,C,2,26,25,585.8,3,4086,133,1,585.8,0.000
rgrasp,C208,C,2,27,26,585.8,3,4086,133,1,585.8,0.000
rgrasp,C208,C,2,28,27,585.8,3,4061,132,1,585.8,0.000
rgrasp,C208,C,2,29,28,585.8,3,3992,133,1,585.8,0.000
rgrasp,C208,C,2,30,29,585.8,3,4269,132,1,585.8,0.000
tabu,C208,C,2,1,0,585.8,3,6887,941,1,585.8,0.000
vnd,C208,C,2,1,0,632.3,3,20,0,1,585.8,7.938
grasp,R101,R,1,1,0,1641.5,20,8427,261,1,1637.7,0.232
grasp,R101,R,1,2,1,1642.8,20,5154,146,1,1637.7,0.311
grasp,R101,R,1,3,2,1642.7,20,13380,382,1,1637.7,0.305
grasp,R101,R,1,4,3,1645.0,20,5254,154,1,1637.7,0.446
grasp,R101,R,1,5,4,1643.0,20,11747,375,1,1637.7,0.324
grasp,R101,R,1,6,5,1644.3,20,7021,226,1,1637.7,0.403
grasp,R101,R,1,7,6,1643.5,20,4285,137,1,1637.7,0.354
grasp,R101,R,1,8,7,1644.9,20,4921,139,1,1637.7,0.440
grasp,R101,R,1,9,8,1643.5,20,6779,213,1,1637.7,0.354
grasp,R101,R,1,10,9,1644.9,20,7299,235,1,1637.7,0.440
grasp,R101,R,1,11,10,1641.4,20,10586,327,1,1637.7,0.226
grasp,R101,R,1,12,11,1643.3,20,9318,299,1,1637.7,0.342
grasp,R101,R,1,13,12,1641.5,20,6420,182,1,1637.7,0.232
grasp,R101,R,1,14,13,1642.9,20,9630,289,1,1637.7,0.318
grasp,R101,R,1,15,14,1641.5,20,7191,224,1,1637.7,0.232
grasp,R101,R,1,16,15,1643.3,20,11802,343,1,1637.7,0.342
grasp,R101,R,1,17,16,1639.5,20,12022,387,1,1637.7,0.110
grasp,R101,R,1,18,17,1643.3,20,6014,174,1,1637.7,0.342
grasp,R101,R,1,19,18,1651.8,20,6085,193,1,1637.7,0.861
grasp,R101,R,1,20,19,1641.0,20,6484,206,1,1637.7,0.202
grasp,R101,R,1,21,20,1643.7,20,5483,161,1,1637.7,0.366
grasp,R101,R,1,22,21,1651.3,20,4554,135,1,1637.7,0.830
grasp,R101,R,1,23,22,1639.3,20,8158,242,1,1637.7,0.098
grasp,R101,R,1,24,23,1642.0,20,11943,360,1,1637.7,0.263
grasp,R101,R,1,25,24,1642.7,20,7077,222,1,1637.7,0.305
grasp,R101,R,1,26,25,1643.0,20,5056,165,1,1637.7,0.324
grasp,R101,R,1,27,26,1641.2,20,7537,247,1,1637.7,0.214
grasp,R101,R,1,28,27,1640.8,20,5069,161,1,1637.7,0.189
grasp,R101,R,1,29,28,1643.5,20,13296,417,1,1637.7,0.354
grasp,R101,R,1,30,29,1642.9,20,4515,141,1,1637.7,0.318
i1,R101,R,1,1,0,1867.1,21,0,0,1,1637.7,14.007
rgrasp,R101,R,1,1,0,1645.1,20,5989,143,1,1637.7,0.452
rgrasp,R101,R,1,2,1,1640.3,20,5956,158,1,1637.7,0.159
rgrasp,R101,R,1,3,2,1640.5,20,8474,195,1,1637.7,0.171
rgrasp,R101,R,1,4,3,1644.8,20,12091,298,1,1637.7,0.434
rgrasp,R101,R,1,5,4,1639.3,20,15671,372,1,1637.7,0.098
rgrasp,R101,R,1,6,5,1643.0,20,7578,165,1,1637.7,0.324
rgrasp,R101,R,1,7,6,1641.0,20,9662,250,1,1637.7,0.202
rgrasp,R101,R,1,8,7,1638.2,20,11714,307,1,1637.7,0.031
rgrasp,R101,R,1,9,8,1644.8,20,15446,371,1,1637.7,0.434
rgrasp,R101,R,1,10,9,1650.2,20,6639,168,1,1637.7,0.763
rgrasp,R101,R,1,11,10,1645.3,20,6733,168,1,1637.7,0.464
rgrasp,R101,R,1,12,11,1641.7,20,9650,249,1,1637.7,0.244
rgrasp,R101,R,1,13,12,1640.3,20,9555,233,1,1637.7,0.159
rgrasp,R101,R,1,14,13,1647.1,20,8894,212,1,1637.7,0.574
rgrasp,R101,R,1,15,14,1642.0,20,7511,188,1,1637.7,0.263
rgrasp,R101,R,1,16,15,1642.9,20,10899,279,1,1637.7,0.318
rgrasp,R101,R,1,17,16,1645.1,20,10542,239,1,1637.7,0.452
rgrasp,R101,R,1,18,17,1640.1,20,13479,309,1,1637.7,0.147
rgrasp,R101,R,1,19,18,1645.1,20,5366,132,1,1637.7,0.452
rgrasp,R101,R,1,20,19,1641.0,20,13570,347,1,1637.7,0.202
rgrasp,R101,R,1,21,20,1639.5,20,15256,383,1,1637.7,0.110
rgrasp,R101,R,1,22,21,1642.9,20,10405,258,1,1637.7,0.318
rgrasp,R101,R,1,23,22,1643.4,20,9395,243,1,1637.7,0.348
rgrasp,R101,R,1,24,23,1641.2,20,6392,162,1,1637.7,0.214
rgrasp,R101,R,1,25,24,1643.0,20,8225,209,1,1637.7,0.324
rgrasp,R101,R,1,26,25,1642.1,20,6075,139,1,1637.7,0.269
rgrasp,R101,R,1,27,26,1643.4,20,10568,265,1,1637.7,0.348
rgrasp,R101,R,1,28,27,1642.1,20,11193,274,1,1637.7,0.269
rgrasp,R101,R,1,29,28,1640.6,20,9203,213,1,1637.7,0.177
rgrasp,R101,R,1,30,29,1639.9,20,9660,245,1,1637.7,0.134
tabu,R101,R,1,1,0,1644.3,20,3191,948,1,1637.7,0.403
vnd,R101,R,1,1,0,1670.0,21,48,0,1,1637.7,1.972
grasp,R102,R,1,1,0,1475.1,18,8426,215,1,1466.6,0.580
grasp,R102,R,1,2,1,1478.5,19,7901,204,1,1466.6,0.811
grasp,R102,R,1,3,2,1480.1,19,4916,137,1,1466.6,0.920
grasp,R102,R,1,4,3,1474.4,18,7671,208,1,1466.6,0.532
grasp,R102,R,1,5,4,1468.6,18,6360,172,1,1466.6,0.136
grasp,R102,R,1,6,5,1469.7,18,6236,170,1,1466.6,0.211
grasp,R102,R,1,7,6,1477.7,18,6398,176,1,1466.6,0.757
grasp,R102,R,1,8,7,1467.9,18,8357,216,1,1466.6,0.089
grasp,R102,R,1,9,8,1478.7,18,11147,299,1,1466.6,0.825
grasp,R102,R,1,10,9,1472.5,18,11103,303,1,1466.6,0.402
grasp,R102,R,1,11,10,1473.3,18,7864,227,1,1466.6,0.457
grasp,R102,R,1,12,11,1479.0,19,8223,217,1,1466.6,0.845
grasp,R102,R,1,13,12,1473.3,18,12762,350,1,1466.6,0.457
grasp,R102,R,1,14,13,1473.6,18,15314,423,1,1466.6,0.477
grasp,R102,R,1,15,14,1478.5,19,11110,290,1,1466.6,0.811
grasp,R102,R,1,16,15,1475.9,19,5490,139,1,1466.6,0.634
grasp,R102,R,1,17,16,1479.4,19,5265,143,1,1466.6,0.873
grasp,R102,R,1,18,17,1474.7,18,9917,273,1,1466.6,0.552
grasp,R102,R,1,19,18,1476.4,18,6878,186,1,1466.6,0.668
grasp,R102,R,1,20,19,1468.6,18,13698,383,1,1466.6,0.136
grasp,R102,R,1,21,20,1470.1,18,11557,316,1,1466.6,0.239
grasp,R102,R,1,22,21,1482.9,19,5531,144,1,1466.6,1.111
grasp,R102,R,1,23,22,1473.0,18,13998,363,1,1466.6,0.436
grasp,R102,R,1,24,23,1478.5,19,6969,192,1,1466.6,0.811
grasp,R102,R,1,25,24,1478.8,19,10246,288,1,1466.6,0.832
grasp,R102,R,1,26,25,1473.9,18,10700,276,1,1466.6,0.498
grasp,R102,R,1,27,26,1480.6,19,5197,137,1,1466.6,0.955
grasp,R102,R,1,28,27,1469.7,18,8633,228,1,1466.6,0.211
grasp,R102,R,1,29,28,1478.5,19,5860,155,1,1466.6,0.811
grasp,R102,R,1,30,29,1477.0,18,14508,400,1,1466.6,0.709
i1,R102,R,1,1,0,1711.0,19,0,0,1,1466.6,16.664
rgrasp,R102,R,1,1,0,1468.6,18,9936,216,1,1466.6,0.136
rgrasp,R102,R,1,2,1,1472.3,18,8365,190,1,1466.6,0.389
rgrasp,R102,R,1,3,2,1474.2,18,6043,142,1,1466.6,0.518
rgrasp,R102,R,1,4,3,1467.9,18,9640,240,1,1466.6,0.089
rgrasp,R102,R,1,5,4,1468.2,18,7196,174,1,1466.6,0.109
rgrasp,R102,R,1,6,5,1471.0,18,9860,242,1,1466.6,0.300
rgrasp,R102,R,1,7,6,1470.1,18,13979,332,1,1466.6,0.239
rgrasp,R102,R,1,8,7,1467.6,18,9463,237,1,1466.6,0.068
rgrasp,R102,R,1,9,8,1478.4,18,7107,164,1,1466.6,0.805
rgrasp,R102,R,1,10,9,1475.2,18,17231,403,1,1466.6,0.586
rgrasp,R102,R,1,11,10,1481.3,18,6998,161,1,1466.6,1.002
rgrasp,R102,R,1,12,11,1472.3,18,12688,298,1,1466.6,0.389
rgrasp,R102,R,1,13,12,1468.6,18,9514,218,1,1466.6,0.136
rgrasp,R102,R,1,14,13,1469.7,18,10653,254,1,1466.6,0.211
rgrasp,R102,R,1,15,14,1469.7,18,7402,165,1,1466.6,0.211
rgrasp,R102,R,1,16,15,1471.1,18,12658,312,1,1466.6,0.307
rgrasp,R102,R,1,17,16,1475.5,18,6522,145,1,1466.6,0.607
rgrasp,R102,R,1,18,17,1474.7,18,9309,227,1,1466.6,0.552
rgrasp,R102,R,1,19,18,1476.0,18,6313,140,1,1466.6,0.641
rgrasp,R102,R,1,20,19,1468.7,18,8616,202,1,1466.6,0.143
rgrasp,R102,R,1,21,20,1467.9,18,6381,158,1,1466.6,0.089
rgrasp,R102,R,1,22,21,1473.0,18,14519,320,1,1466.6,0.436
rgrasp,R102,R,1,23,22,1472.3,18,7661,168,1,1466.6,0.389
rgrasp,R102,R,1,24,23,1469.2,18,12542,299,1,1466.6,0.177
rgrasp,R102,R,1,25,24,1471.4,18,13669,324,1,1466.6,0.327
rgrasp,R102,R,1,26,25,1473.5,18,11494,268,1,1466.6,0.470
rgrasp,R102,R,1,27,26,1471.2,18,7156,169,1,1466.6,0.314
rgrasp,R102,R,1,28,27,1470.5,18,13196,320,1,1466.6,0.266
rgrasp,R102,R,1,29,28,1472.9,18,6437,148,1,1466.6,0.430
rgrasp,R102,R,1,30,29,1473.0,18,13298,306,1,1466.6,0.436
tabu,R102,R,1,1,0,1479.6,19,4041,1124,1,1466.6,0.886
vnd,R102,R,1,1,0,1509.5,19,19,0,1,1466.6,2.925
grasp,R103,R,1,1,0,1232.4,15,9678,274,1,1208.7,1.961
grasp,R103,R,1,2,1,1231.1,15,6828,186,1,1208.7,1.853
grasp,R103,R,1,3,2,1242.6,15,5274,149,1,1208.7,2.805
grasp,R103,R,1,4,3,1226.8,15,13246,373,1,1208.7,1.497
grasp,R103,R,1,5,4,1222.5,15,16096,455,1,1208.7,1.142
grasp,R103,R,1,6,5,1236.0,15,8288,237,1,1208.7,2.259
grasp,R103,R,1,7,6,1233.5,15,5516,156,1,1208.7,2.052
grasp,R103,R,1,8,7,1223.3,15,5193,140,1,1208.7,1.208
grasp,R103,R,1,9,8,1222.9,15,10643,293,1,1208.7,1.175
grasp,R103,R,1,10,9,1228.4,15,7161,201,1,1208.7,1.630
grasp,R103,R,1,11,10,1233.4,15,9664,254,1,1208.7,2.044
grasp,R103,R,1,12,11,1230.0,15,10027,266,1,1208.7,1.762
grasp,R103,R,1,13,12,1220.3,15,7302,211,1,1208.7,0.960
grasp,R103,R,1,14,13,1235.5,15,5422,153,1,1208.7,2.217
grasp,R103,R,1,15,14,1234.5,15,7038,194,1,1208.7,2.135
grasp,R103,R,1,16,15,1232.0,15,9604,263,1,1208.7,1.928
grasp,R103,R,1,17,16,1226.7,15,11225,313,1,1208.7,1.489
grasp,R103,R,1,18,17,1222.4,15,7150,192,1,1208.7,1.133
grasp,R103,R,1,19,18,1231.3,15,6992,189,1,1208.7,1.870
grasp,R103,R,1,20,19,1231.5,15,5370,155,1,1208.7,1.886
grasp,R103,R,1,21,20,1229.0,14,13394,373,1,1208.7,1.679
grasp,R103,R,1,22,21,1232.7,15,11459,327,1,1208.7,1.986
grasp,R103,R,1,23,22,1228.6,15,6589,182,1,1208.7,1.646
grasp,R103,R,1,24,23,1229.5,14,5515,151,1,1208.7,1.721
grasp,R103,R,1,25,24,1225.6,15,8005,224,1,1208.7,1.398
grasp,R103,R,1,26,25,1225.6,15,12981,349,1,1208.7,1.398
grasp,R103,R,1,27,26,1232.8,15,7950,226,1,1208.7,1.994
grasp,R103,R,1,28,27,1227.9,14,11967,328,1,1208.7,1.588
grasp,R103,R,1,29,28,1222.1,15,5020,142,1,1208.7,1.109
grasp,R103,R,1,30,29,1238.5,14,9205,253,1,1208.7,2.465
i1,R103,R,1,1,0,1550.0,16,0,0,1,1208.7,28.237
rgrasp,R103,R,1,1,0,1228.5,14,10748,254,1,1208.7,1.638
rgrasp,R103,R,1,2,1,1236.6,15,5624,143,1,1208.7,2.308
rgrasp,R103,R,1,3,2,1234.8,14,8236,196,1,1208.7,2.159
rgrasp,R103,R,1,4,3,1227.4,14,7242,168,1,1208.7,1.547
rgrasp,R103,R,1,5,4,1227.3,14,9912,240,1,1208.7,1.539
rgrasp,R103,R,1,6,5,1230.2,14,16558,401,1,1208.7,1.779
rgrasp,R103,R,1,7,6,1225.1,14,10327,258,1,1208.7,1.357
rgrasp,R103,R,1,8,7,1236.5,14,7998,188,1,1208.7,2.300
rgrasp,R103,R,1,9,8,1225.7,14,7533,182,1,1208.7,1.406
rgrasp,R103,R,1,10,9,1232.3,15,6969,172,1,1208.7,1.953
rgrasp,R103,R,1,11,10,1227.3,14,13212,314,1,1208.7,1.539
rgrasp,R103,R,1,12,11,1235.3,14,11171,278,1,1208.7,2.201
rgrasp,R103,R,1,13,12,1232.0,15,7318,174,1,1208.7,1.928
rgrasp,R103,R,1,14,13,1225.6,14,6429,157,1,1208.7,1.398
rgrasp,R103,R,1,15,14,1233.2,15,5664,133,1,1208.7,2.027
rgrasp,R103,R,1,16,15,1228.5,15,11737,290,1,1208.7,1.638
rgrasp,R103,R,1,17,16,1233.9,15,6192,152,1,1208.7,2.085
rgrasp,R103,R,1,18,17,1239.1,15,6194,151,1,1208.7,2.515
rgrasp,R103,R,1,19,18,1227.3,14,9110,218,1,1208.7,1.539
rgrasp,R103,R,1,20,19,1227.3,14,9116,230,1,1208.7,1.539
rgrasp,R103,R,1,21,20,1234.2,15,10479,254,1,1208.7,2.110
rgrasp,R103,R,1,22,21,1232.6,15,6829,164,1,1208.7,1.977
rgrasp,R103,R,1,23,22,1227.3,14,9147,202,1,1208.7,1.539
rgrasp,R103,R,1,24,23,1227.3,14,18106,432,1,1208.7,1.539
rgrasp,R103,R,1,25,24,1234.3,15,7939,186,1,1208.7,2.118
rgrasp,R103,R,1,26,25,1226.2,14,8224,193,1,1208.7,1.448
rgrasp,R103,R,1,27,26,1230.1,14,10413,259,1,1208.7,1.770
rgrasp,R103,R,1,28,27,1227.3,14,8931,217,1,1208.7,1.539
rgrasp,R103,R,1,29,28,1237.5,15,6486,157,1,1208.7,2.383
rgrasp,R103,R,1,30,29,1241.9,15,6776,164,1,1208.7,2.747
tabu,R103,R,1,1,0,1221.3,15,9590,2461,1,1208.7,1.042
vnd,R103,R,1,1,0,1308.7,16,30,0,1,1208.7,8.273
grasp,R104,R,1,1,0,1009.7,11,12007,335,1,971.5,3.932
grasp,R104,R,1,2,1,1013.4,12,6440,180,1,971.5,4.313
grasp,R104,R,1,3,2,1002.6,11,7699,210,1,971.5,3.201
grasp,R104,R,1,4,3,996.9,11,5101,140,1,971.5,2.615
grasp,R104,R,1,5,4,1009.7,11,9301,267,1,971.5,3.932
grasp,R104,R,1,6,5,1004.9,12,5254,149,1,971.5,3.438
grasp,R104,R,1,7,6,1011.2,12,9797,273,1,971.5,4.086
grasp,R104,R,1,8,7,1009.4,11,8428,228,1,971.5,3.901
grasp,R104,R,1,9,8,987.4,11,15958,446,1,971.5,1.637
grasp,R104,R,1,10,9,1011.8,11,9135,265,1,971.5,4.148
grasp,R104,R,1,11,10,1004.9,11,5966,171,1,971.5,3.438
grasp,R104,R,1,12,11,1013.1,11,5894,164,1,971.5,4.282
grasp,R104,R,1,13,12,1018.1,11,6296,174,1,971.5,4.797
grasp,R104,R,1,14,13,1001.5,11,6891,185,1,971.5,3.088
grasp,R104,R,1,15,14,1018.6,11,6227,175,1,971.5,4.848
grasp,R104,R,1,16,15,1005.4,11,5491,157,1,971.5,3.489
grasp,R104,R,1,17,16,1012.8,11,5252,150,1,971.5,4.251
grasp,R104,R,1,18,17,1010.4,12,7646,213,1,971.5,4.004
grasp,R104,R,1,19,18,1009.7,12,9534,262,1,971.5,3.932
grasp,R104,R,1,20,19,1008.7,12,13337,372,1,971.5,3.829
grasp,R104,R,1,21,20,1007.3,11,9454,268,1,971.5,3.685
grasp,R104,R,1,22,21,1008.0,11,7835,219,1,971.5,3.757
grasp,R104,R,1,23,22,1013.0,12,4895,136,1,971.5,4.272
grasp,R104,R,1,24,23,1003.8,11,12424,348,1,971.5,3.325
grasp,R104,R,1,25,24,1020.3,11,6236,172,1,971.5,5.023
grasp,R104,R,1,26,25,1010.1,11,7076,192,1,971.5,3.973
grasp,R104,R,1,27,26,1003.9,12,11679,333,1,971.5,3.335
grasp,R104,R,1,28,27,1019.3,11,5089,138,1,971.5,4.920
grasp,R104,R,1,29,28,1017.5,12,9270,257,1,971.5,4.735
grasp,R104,R,1,30,29,1005.0,11,7259,205,1,971.5,3.448
i1,R104,R,1,1,0,1267.5,12,0,0,1,971.5,30.468
rgrasp,R104,R,1,1,0,1021.8,12,5656,133,1,971.5,5.178
rgrasp,R104,R,1,2,1,1012.7,12,12174,280,1,971.5,4.241
rgrasp,R104,R,1,3,2,1008.1,12,9495,218,1,971.5,3.767
rgrasp,R104,R,1,4,3,1018.1,11,5749,138,1,971.5,4.797
rgrasp,R104,R,1,5,4,1001.1,12,8596,198,1,971.5,3.047
rgrasp,R104,R,1,6,5,1012.8,12,6847,155,1,971.5,4.251
rgrasp,R104,R,1,7,6,1011.3,12,6169,142,1,971.5,4.097
rgrasp,R104,R,1,8,7,1002.6,11,10513,241,1,971.5,3.201
rgrasp,R104,R,1,9,8,1012.0,12,16451,376,1,971.5,4.169
rgrasp,R104,R,1,10,9,1000.7,11,16262,374,1,971.5,3.006
rgrasp,R104,R,1,11,10,1007.9,11,15326,349,1,971.5,3.747
rgrasp,R104,R,1,12,11,1007.4,12,7999,177,1,971.5,3.695
rgrasp,R104,R,1,13,12,1005.9,11,7470,167,1,971.5,3.541
rgrasp,R104,R,1,14,13,1010.8,11,14456,334,1,971.5,4.045
rgrasp,R104,R,1,15,14,1011.6,12,12980,301,1,971.5,4.128
rgrasp,R104,R,1,16,15,1004.9,11,6558,153,1,971.5,3.438
rgrasp,R104,R,1,17,16,1003.6,11,7337,170,1,971.5,3.304
rgrasp,R104,R,1,18,17,1009.6,11,14447,339,1,971.5,3.922
rgrasp,R104,R,1,19,18,1007.4,11,7382,167,1,971.5,3.695
rgrasp,R104,R,1,20,19,1008.2,12,7188,165,1,971.5,3.778
rgrasp,R104,R,1,21,20,1005.8,11,9534,219,1,971.5,3.531
rgrasp,R104,R,1,22,21,1001.2,11,9903,227,1,971.5,3.057
rgrasp,R104,R,1,23,22,1004.8,11,20209,460,1,971.5,3.428
rgrasp,R104,R,1,24,23,1005.1,12,14874,331,1,971.5,3.459
rgrasp,R104,R,1,25,24,1025.1,12,8673,203,1,971.5,5.517
rgrasp,R104,R,1,26,25,1012.8,12,13166,300,1,971.5,4.251
rgrasp,R104,R,1,27,26,1002.3,12,11268,255,1,971.5,3.170
rgrasp,R104,R,1,28,27,1009.4,12,7286,164,1,971.5,3.901
rgrasp,R104,R,1,29,28,1014.1,11,6529,151,1,971.5,4.385
rgrasp,R104,R,1,30,29,1004.7,12,5816,133,1,971.5,3.417
tabu,R104,R,1,1,0,1004.3,12,5217,1254,1,971.5,3.376
vnd,R104,R,1,1,0,1048.4,12,48,0,1,971.5,7.916
grasp,R105,R,1,1,0,1385.3,16,3551,141,1,1355.3,2.214
grasp,R105,R,1,2,1,1385.1,15,7627,301,1,1355.3,2.199
grasp,R105,R,1,3,2,1382.7,16,5885,233,1,1355.3,2.022
grasp,R105,R,1,4,3,1378.3,16,4273,154,1,1355.3,1.697
grasp,R105,R,1,5,4,1384.2,15,3487,142,1,1355.3,2.132
grasp,R105,R,1,6,5,1387.1,15,4960,187,1,1355.3,2.346
grasp,R105,R,1,7,6,1375.1,15,5568,202,1,1355.3,1.461
grasp,R105,R,1,8,7,1395.5,15,3975,151,1,1355.3,2.966
grasp,R105,R,1,9,8,1387.8,16,3835,139,1,1355.3,2.398
grasp,R105,R,1,10,9,1386.6,16,3836,161,1,1355.3,2.309
grasp,R105,R,1,11,10,1376.3,15,7078,286,1,1355.3,1.549
grasp,R105,R,1,12,11,1386.9,16,3702,140,1,1355.3,2.332
grasp,R105,R,1,13,12,1379.8,15,8344,337,1,1355.3,1.808
grasp,R105,R,1,14,13,1368.8,16,6427,255,1,1355.3,0.996
grasp,R105,R,1,15,14,1388.3,15,4585,187,1,1355.3,2.435
grasp,R105,R,1,16,15,1378.4,16,4673,187,1,1355.3,1.704
grasp,R105,R,1,17,16,1376.8,15,14185,538,1,1355.3,1.586
grasp,R105,R,1,18,17,1390.5,15,7552,286,1,1355.3,2.597
grasp,R105,R,1,19,18,1386.9,16,3685,133,1,1355.3,2.332
grasp,R105,R,1,20,19,1380.8,15,6286,249,1,1355.3,1.882
grasp,R105,R,1,21,20,1385.8,16,4664,188,1,1355.3,2.250
grasp,R105,R,1,22,21,1374.2,15,11498,447,1,1355.3,1.395
grasp,R105,R,1,23,22,1380.3,15,4586,171,1,1355.3,1.845
grasp,R105,R,1,24,23,1374.0,16,5393,199,1,1355.3,1.380
grasp,R105,R,1,25,24,1389.2,16,4871,185,1,1355.3,2.501
grasp,R105,R,1,26,25,1377.7,15,3743,148,1,1355.3,1.653
grasp,R105,R,1,27,26,1382.3,15,4078,156,1,1355.3,1.992
grasp,R105,R,1,28,27,1373.7,15,5910,238,1,1355.3,1.358
grasp,R105,R,1,29,28,1390.6,15,6415,254,1,1355.3,2.605
grasp,R105,R,1,30,29,1388.6,16,7173,282,1,1355.3,2.457
i1,R105,R,1,1,0,1593.4,15,0,0,1,1355.3,17.568
rgrasp,R105,R,1,1,0,1372.3,16,11434,323,1,1355.3,1.254
rgrasp,R105,R,1,2,1,1390.0,15,7383,203,1,1355.3,2.560
rgrasp,R105,R,1,3,2,1392.1,16,4841,137,1,1355.3,2.715
rgrasp,R105,R,1,4,3,1372.9,16,6554,192,1,1355.3,1.299
rgrasp,R105,R,1,5,4,1389.3,16,5699,151,1,1355.3,2.509
rgrasp,R105,R,1,6,5,1377.7,15,6267,180,1,1355.3,1.653
rgrasp,R105,R,1,7,6,1373.7,16,6223,177,1,1355.3,1.358
rgrasp,R105,R,1,8,7,1376.6,15,15217,451,1,1355.3,1.572
rgrasp,R105,R,1,9,8,1389.6,16,4780,133,1,1355.3,2.531
rgrasp,R105,R,1,10,9,1385.0,15,9939,291,1,1355.3,2.191
rgrasp,R105,R,1,11,10,1381.7,15,7410,206,1,1355.3,1.948
rgrasp,R105,R,1,12,11,1372.3,16,5260,150,1,1355.3,1.254
rgrasp,R105,R,1,13,12,1373.0,16,4943,140,1,1355.3,1.306
rgrasp,R105,R,1,14,13,1389.2,16,7192,207,1,1355.3,2.501
rgrasp,R105,R,1,15,14,1383.0,15,6114,171,1,1355.3,2.044
rgrasp,R105,R,1,16,15,1371.3,15,19791,553,1,1355.3,1.181
rgrasp,R105,R,1,17,16,1380.3,15,14187,401,1,1355.3,1.845
rgrasp,R105,R,1,18,17,1368.0,16,8260,254,1,1355.3,0.937
rgrasp,R105,R,1,19,18,1386.7,15,11249,332,1,1355.3,2.317
rgrasp,R105,R,1,20,19,1371.5,16,8057,230,1,1355.3,1.195
rgrasp,R105,R,1,21,20,1379.9,16,6569,179,1,1355.3,1.815
rgrasp,R105,R,1,22,21,1385.9,16,5214,154,1,1355.3,2.258
rgrasp,R105,R,1,23,22,1370.8,16,9991,296,1,1355.3,1.144
rgrasp,R105,R,1,24,23,1380.9,15,5868,158,1,1355.3,1.889
rgrasp,R105,R,1,25,24,1381.0,15,5735,152,1,1355.3,1.896
rgrasp,R105,R,1,26,25,1385.1,15,4803,133,1,1355.3,2.199
rgrasp,R105,R,1,27,26,1374.0,16,11097,296,1,1355.3,1.380
rgrasp,R105,R,1,28,27,1384.3,16,9237,278,1,1355.3,2.140
rgrasp,R105,R,1,29,28,1384.3,15,4913,136,1,1355.3,2.140
rgrasp,R105,R,1,30,29,1376.4,15,7795,223,1,1355.3,1.557
tabu,R105,R,1,1,0,1371.4,15,5643,1347,1,1355.3,1.188
vnd,R105,R,1,1,0,1437.1,15,24,0,1,1355.3,6.036
grasp,R106,R,1,1,0,1268.3,13,4708,154,1,1234.6,2.730
grasp,R106,R,1,2,1,1257.6,13,10835,376,1,1234.6,1.863
grasp,R106,R,1,3,2,1256.4,13,12418,418,1,1234.6,1.766
grasp,R106,R,1,4,3,1259.1,13,5560,185,1,1234.6,1.984
grasp,R106,R,1,5,4,1263.7,13,10070,334,1,1234.6,2.357
grasp,R106,R,1,6,5,1265.9,13,8409,294,1,1234.6,2.535
grasp,R106,R,1,7,6,1251.3,13,4297,142,1,1234.6,1.353
grasp,R106,R,1,8,7,1258.3,13,12690,446,1,1234.6,1.920
grasp,R106,R,1,9,8,1257.8,14,3821,135,1,1234.6,1.879
grasp,R106,R,1,10,9,1263.0,14,6158,211,1,1234.6,2.300
grasp,R106,R,1,11,10,1265.3,13,7441,255,1,1234.6,2.487
grasp,R106,R,1,12,11,1259.1,13,7141,233,1,1234.6,1.984
grasp,R106,R,1,13,12,1272.9,13,4975,172,1,1234.6,3.102
grasp,R106,R,1,14,13,1268.9,13,7034,240,1,1234.6,2.778
grasp,R106,R,1,15,14,1263.8,13,5083,174,1,1234.6,2.365
grasp,R106,R,1,16,15,1256.1,13,8243,281,1,1234.6,1.741
grasp,R106,R,1,17,16,1261.9,13,7747,269,1,1234.6,2.211
grasp,R106,R,1,18,17,1258.3,14,5066,169,1,1234.6,1.920
grasp,R106,R,1,19,18,1257.1,13,6028,206,1,1234.6,1.822
grasp,R106,R,1,20,19,1254.1,13,9298,323,1,1234.6,1.579
grasp,R106,R,1,21,20,1251.8,13,7914,278,1,1234.6,1.393
grasp,R106,R,1,22,21,1260.7,13,8826,299,1,1234.6,2.114
grasp,R106,R,1,23,22,1260.4,13,8826,301,1,1234.6,2.090
grasp,R106,R,1,24,23,1251.0,13,4147,148,1,1234.6,1.328
grasp,R106,R,1,25,24,1257.0,13,7729,262,1,1234.6,1.814
grasp,R106,R,1,26,25,1253.4,13,4559,151,1,1234.6,1.523
grasp,R106,R,1,27,26,1262.4,13,10794,378,1,1234.6,2.252
grasp,R106,R,1,28,27,1258.6,13,7013,240,1,1234.6,1.944
grasp,R106,R,1,29,28,1263.7,13,5414,182,1,1234.6,2.357
grasp,R106,R,1,30,29,1262.9,14,5486,189,1,1234.6,2.292
i1,R106,R,1,1,0,1446.6,14,0,0,1,1234.6,17.172
rgrasp,R106,R,1,1,0,1261.4,14,14841,406,1,1234.6,2.171
rgrasp,R106,R,1,2,1,1242.9,13,8777,236,1,1234.6,0.672
rgrasp,R106,R,1,3,2,1260.2,13,6010,162,1,1234.6,2.074
rgrasp,R106,R,1,4,3,1262.9,14,7724,207,1,1234.6,2.292
rgrasp,R106,R,1,5,4,1265.1,13,5369,146,1,1234.6,2.470
rgrasp,R106,R,1,6,5,1265.4,13,6639,171,1,1234.6,2.495
rgrasp,R106,R,1,7,6,1258.8,13,6147,162,1,1234.6,1.960
rgrasp,R106,R,1,8,7,1262.3,13,13637,379,1,1234.6,2.244
rgrasp,R106,R,1,9,8,1263.4,13,11250,306,1,1234.6,2.333
rgrasp,R106,R,1,10,9,1261.3,13,8268,225,1,1234.6,2.163
rgrasp,R106,R,1,11,10,1266.7,13,7351,203,1,1234.6,2.600
rgrasp,R106,R,1,12,11,1259.7,13,6926,176,1,1234.6,2.033
rgrasp,R106,R,1,13,12,1265.5,14,8598,234,1,1234.6,2.503
rgrasp,R106,R,1,14,13,1266.3,13,7775,209,1,1234.6,2.568
rgrasp,R106,R,1,15,14,1258.6,14,8528,228,1,1234.6,1.944
rgrasp,R106,R,1,16,15,1261.9,14,7777,208,1,1234.6,2.211
rgrasp,R106,R,1,17,16,1272.1,13,7250,203,1,1234.6,3.037
rgrasp,R106,R,1,18,17,1258.8,13,13132,347,1,1234.6,1.960
rgrasp,R106,R,1,19,18,1267.6,14,5534,150,1,1234.6,2.673
rgrasp,R106,R,1,20,19,1263.5,13,8469,232,1,1234.6,2.341
rgrasp,R106,R,1,21,20,1266.9,13,10525,280,1,1234.6,2.616
rgrasp,R106,R,1,22,21,1258.8,13,7749,205,1,1234.6,1.960
rgrasp,R106,R,1,23,22,1265.6,14,10806,293,1,1234.6,2.511
rgrasp,R106,R,1,24,23,1248.4,13,9633,267,1,1234.6,1.118
rgrasp,R106,R,1,25,24,1251.9,13,13184,362,1,1234.6,1.401
rgrasp,R106,R,1,26,25,1260.2,13,6732,182,1,1234.6,2.074
rgrasp,R106,R,1,27,26,1267.6,14,7605,212,1,1234.6,2.673
rgrasp,R106,R,1,28,27,1267.4,14,9800,266,1,1234.6,2.657
rgrasp,R106,R,1,29,28,1263.7,13,6535,168,1,1234.6,2.357
rgrasp,R106,R,1,30,29,1263.4,14,9185,247,1,1234.6,2.333
tabu,R106,R,1,1,0,1251.8,14,10759,2710,1,1234.6,1.393
vnd,R106,R,1,1,0,1301.5,14,23,0,1,1234.6,5.419
grasp,R107,R,1,1,0,1106.0,12,12005,370,1,1064.6,3.889
grasp,R107,R,1,2,1,1107.7,12,12735,409,1,1064.6,4.048
grasp,R107,R,1,3,2,1113.4,12,5588,175,1,1064.6,4.584
grasp,R107,R,1,4,3,1103.7,12,10854,339,1,1064.6,3.673
grasp,R107,R,1,5,4,1114.9,12,6234,197,1,1064.6,4.725
grasp,R107,R,1,6,5,1105.5,12,7100,225,1,1064.6,3.842
grasp,R107,R,1,7,6,1087.1,11,8608,272,1,1064.6,2.113
grasp,R107,R,1,8,7,1114.4,12,5644,184,1,1064.6,4.678
grasp,R107,R,1,9,8,1106.3,12,10351,328,1,1064.6,3.917
grasp,R107,R,1,10,9,1108.2,12,4560,144,1,1064.6,4.095
grasp,R107,R,1,11,10,1107.6,12,10694,331,1,1064.6,4.039
grasp,R107,R,1,12,11,1117.6,12,4515,142,1,1064.6,4.978
grasp,R107,R,1,13,12,1108.6,12,7168,233,1,1064.6,4.133
grasp,R107,R,1,14,13,1107.7,12,9231,287,1,1064.6,4.048
grasp,R107,R,1,15,14,1103.7,12,4113,134,1,1064.6,3.673
grasp,R107,R,1,16,15,1111.5,11,7081,223,1,1064.6,4.405
grasp,R107,R,1,17,16,1096.8,12,11502,368,1,1064.6,3.025
grasp,R107,R,1,18,17,1101.3,11,6639,205,1,1064.6,3.447
grasp,R107,R,1,19,18,1108.2,12,13686,426,1,1064.6,4.095
grasp,R107,R,1,20,19,1115.2,13,5745,187,1,1064.6,4.753
grasp,R107,R,1,21,20,1101.7,12,11292,361,1,1064.6,3.485
grasp,R107,R,1,22,21,1110.4,12,4935,158,1,1064.6,4.302
grasp,R107,R,1,23,22,1104.3,12,5415,174,1,1064.6,3.729
grasp,R107,R,1,24,23,1108.2,12,8537,274,1,1064.6,4.095
grasp,R107,R,1,25,24,1106.8,12,5985,188,1,1064.6,3.964
grasp,R107,R,1,26,25,1114.7,12,5934,188,1,1064.6,4.706
grasp,R107,R,1,27,26,1105.3,12,8295,256,1,1064.6,3.823
grasp,R107,R,1,28,27,1110.9,11,5972,191,1,1064.6,4.349
grasp,R107,R,1,29,28,1113.8,12,6010,190,1,1064.6,4.621
grasp,R107,R,1,30,29,1089.4,11,4501,137,1,1064.6,2.330
i1,R107,R,1,1,0,1354.1,12,0,0,1,1064.6,27.193
rgrasp,R107,R,1,1,0,1120.5,12,5004,132,1,1064.6,5.251
rgrasp,R107,R,1,2,1,1106.7,12,8759,235,1,1064.6,3.955
rgrasp,R107,R,1,3,2,1113.5,12,5306,137,1,1064.6,4.593
rgrasp,R107,R,1,4,3,1099.7,12,6579,171,1,1064.6,3.297
rgrasp,R107,R,1,5,4,1100.7,11,11755,318,1,1064.6,3.391
rgrasp,R107,R,1,6,5,1101.2,12,5372,136,1,1064.6,3.438
rgrasp,R107,R,1,7,6,1100.1,12,11067,299,1,1064.6,3.335
rgrasp,R107,R,1,8,7,1105.9,12,10961,291,1,1064.6,3.879
rgrasp,R107,R,1,9,8,1101.7,12,7499,199,1,1064.6,3.485
rgrasp,R107,R,1,10,9,1107.7,11,6726,176,1,1064.6,4.048
rgrasp,R107,R,1,11,10,1111.8,12,5459,140,1,1064.6,4.434
rgrasp,R107,R,1,12,11,1105.6,12,5549,144,1,1064.6,3.851
rgrasp,R107,R,1,13,12,1094.8,12,13387,356,1,1064.6,2.837
rgrasp,R107,R,1,14,13,1109.3,13,6933,184,1,1064.6,4.199
rgrasp,R107,R,1,15,14,1105.7,12,11693,305,1,1064.6,3.861
rgrasp,R107,R,1,16,15,1102.1,12,8799,232,1,1064.6,3.522
rgrasp,R107,R,1,17,16,1097.8,12,7837,203,1,1064.6,3.119
rgrasp,R107,R,1,18,17,1109.8,12,7438,192,1,1064.6,4.246
rgrasp,R107,R,1,19,18,1105.1,12,12273,318,1,1064.6,3.804
rgrasp,R107,R,1,20,19,1108.8,12,7136,184,1,1064.6,4.152
rgrasp,R107,R,1,21,20,1098.6,12,6206,155,1,1064.6,3.194
rgrasp,R107,R,1,22,21,1102.1,12,5009,132,1,1064.6,3.522
rgrasp,R107,R,1,23,22,1109.8,12,11628,302,1,1064.6,4.246
rgrasp,R107,R,1,24,23,1094.7,12,9461,254,1,1064.6,2.827
rgrasp,R107,R,1,25,24,1105.0,12,9877,258,1,1064.6,3.795
rgrasp,R107,R,1,26,25,1102.6,12,5349,139,1,1064.6,3.569
rgrasp,R107,R,1,27,26,1107.3,12,6251,166,1,1064.6,4.011
rgrasp,R107,R,1,28,27,1112.8,13,6979,179,1,1064.6,4.528
rgrasp,R107,R,1,29,28,1099.2,12,16943,448,1,1064.6,3.250
rgrasp,R107,R,1,30,29,1099.3,12,6935,184,1,1064.6,3.259
tabu,R107,R,1,1,0,1089.3,12,9000,2219,1,1064.6,2.320
vnd,R107,R,1,1,0,1172.5,12,34,0,1,1064.6,10.135
grasp,R108,R,1,1,0,976.9,10,7406,214,1,932.1,4.806
grasp,R108,R,1,2,1,975.0,10,12066,340,1,932.1,4.603
grasp,R108,R,1,3,2,974.0,11,11588,324,1,932.1,4.495
grasp,R108,R,1,4,3,965.8,11,6071,172,1,932.1,3.615
grasp,R108,R,1,5,4,976.9,10,11665,336,1,932.1,4.806
grasp,R108,R,1,6,5,973.9,11,9394,269,1,932.1,4.484
grasp,R108,R,1,7,6,983.2,10,8488,238,1,932.1,5.482
grasp,R108,R,1,8,7,988.7,11,7959,226,1,932.1,6.072
grasp,R108,R,1,9,8,973.2,11,8625,235,1,932.1,4.409
grasp,R108,R,1,10,9,975.7,10,9772,280,1,932.1,4.678
grasp,R108,R,1,11,10,969.7,11,5366,151,1,932.1,4.034
grasp,R108,R,1,12,11,972.3,11,5044,141,1,932.1,4.313
grasp,R108,R,1,13,12,975.4,11,13471,388,1,932.1,4.645
grasp,R108,R,1,14,13,956.9,10,12663,357,1,932.1,2.661
grasp,R108,R,1,15,14,980.9,11,5962,172,1,932.1,5.235
grasp,R108,R,1,16,15,970.4,11,8050,222,1,932.1,4.109
grasp,R108,R,1,17,16,975.3,11,10264,287,1,932.1,4.635
grasp,R108,R,1,18,17,975.2,11,8733,248,1,932.1,4.624
grasp,R108,R,1,19,18,970.2,10,16204,449,1,932.1,4.088
grasp,R108,R,1,20,19,984.5,10,6464,187,1,932.1,5.622
grasp,R108,R,1,21,20,976.4,11,6018,168,1,932.1,4.753
grasp,R108,R,1,22,21,959.2,11,12083,346,1,932.1,2.907
grasp,R108,R,1,23,22,973.8,10,10869,307,1,932.1,4.474
grasp,R108,R,1,24,23,987.5,11,10115,290,1,932.1,5.944
grasp,R108,R,1,25,24,970.9,10,11269,324,1,932.1,4.163
grasp,R108,R,1,26,25,961.2,11,13846,389,1,932.1,3.122
grasp,R108,R,1,27,26,982.0,11,11227,321,1,932.1,5.354
grasp,R108,R,1,28,27,981.1,11,5719,165,1,932.1,5.257
grasp,R108,R,1,29,28,977.0,10,11273,310,1,932.1,4.817
grasp,R108,R,1,30,29,979.2,10,6030,170,1,932.1,5.053
i1,R108,R,1,1,0,1226.0,11,0,0,1,932.1,31.531
rgrasp,R108,R,1,1,0,970.7,11,8542,199,1,932.1,4.141
rgrasp,R108,R,1,2,1,969.7,11,8325,191,1,932.1,4.034
rgrasp,R108,R,1,3,2,978.0,11,7700,176,1,932.1,4.924
rgrasp,R108,R,1,4,3,963.9,11,8637,202,1,932.1,3.412
rgrasp,R108,R,1,5,4,972.3,11,18168,428,1,932.1,4.313
rgrasp,R108,R,1,6,5,977.4,10,6827,160,1,932.1,4.860
rgrasp,R108,R,1,7,6,970.3,10,9418,225,1,932.1,4.098
rgrasp,R108,R,1,8,7,982.5,10,9210,222,1,932.1,5.407
rgrasp,R108,R,1,9,8,975.0,11,7599,186,1,932.1,4.603
rgrasp,R108,R,1,10,9,971.4,11,8122,190,1,932.1,4.216
rgrasp,R108,R,1,11,10,986.5,11,9206,219,1,932.1,5.836
rgrasp,R108,R,1,12,11,982.8,11,7856,191,1,932.1,5.439
rgrasp,R108,R,1,13,12,981.0,11,8145,192,1,932.1,5.246
rgrasp,R108,R,1,14,13,974.8,11,5480,136,1,932.1,4.581
rgrasp,R108,R,1,15,14,982.0,11,12248,286,1,932.1,5.354
rgrasp,R108,R,1,16,15,953.1,11,13187,313,1,932.1,2.253
rgrasp,R108,R,1,17,16,967.7,11,13547,318,1,932.1,3.819
rgrasp,R108,R,1,18,17,975.8,11,6953,164,1,932.1,4.688
rgrasp,R108,R,1,19,18,968.7,11,12275,278,1,932.1,3.927
rgrasp,R108,R,1,20,19,978.4,11,5487,134,1,932.1,4.967
rgrasp,R108,R,1,21,20,969.9,10,13266,328,1,932.1,4.055
rgrasp,R108,R,1,22,21,976.1,11,13327,301,1,932.1,4.721
rgrasp,R108,R,1,23,22,965.9,11,10432,246,1,932.1,3.626
rgrasp,R108,R,1,24,23,977.1,10,7971,185,1,932.1,4.828
rgrasp,R108,R,1,25,24,970.7,11,9916,224,1,932.1,4.141
rgrasp,R108,R,1,26,25,979.5,11,6272,141,1,932.1,5.085
rgrasp,R108,R,1,27,26,975.0,11,18714,435,1,932.1,4.603
rgrasp,R108,R,1,28,27,965.5,11,11342,263,1,932.1,3.583
rgrasp,R108,R,1,29,28,966.1,11,16078,376,1,932.1,3.648
rgrasp,R108,R,1,30,29,972.8,11,10915,246,1,932.1,4.366
tabu,R108,R,1,1,0,974.7,11,8379,1823,1,932.1,4.570
vnd,R108,R,1,1,0,1121.2,11,32,0,1,932.1,20.288
grasp,R109,R,1,1,0,1181.7,13,8047,289,1,1146.9,3.034
grasp,R109,R,1,2,1,1174.0,13,5623,207,1,1146.9,2.363
grasp,R109,R,1,3,2,1182.3,13,4774,170,1,1146.9,3.087
grasp,R109,R,1,4,3,1178.8,13,5584,196,1,1146.9,2.781
grasp,R109,R,1,5,4,1182.6,13,11011,358,1,1146.9,3.113
grasp,R109,R,1,6,5,1172.5,13,8645,325,1,1146.9,2.232
grasp,R109,R,1,7,6,1188.7,13,8152,284,1,1146.9,3.645
grasp,R109,R,1,8,7,1194.8,13,4561,174,1,1146.9,4.176
grasp,R109,R,1,9,8,1172.7,13,9115,335,1,1146.9,2.250
grasp,R109,R,1,10,9,1173.9,13,6121,221,1,1146.9,2.354
grasp,R109,R,1,11,10,1179.9,13,4170,146,1,1146.9,2.877
grasp,R109,R,1,12,11,1166.6,13,9454,345,1,1146.9,1.718
grasp,R109,R,1,13,12,1185.9,13,6398,240,1,1146.9,3.400
grasp,R109,R,1,14,13,1189.2,13,7051,244,1,1146.9,3.688
grasp,R109,R,1,15,14,1186.5,13,9793,346,1,1146.9,3.453
grasp,R109,R,1,16,15,1176.9,13,6470,228,1,1146.9,2.616
grasp,R109,R,1,17,16,1192.7,13,4295,155,1,1146.9,3.993
grasp,R109,R,1,18,17,1197.6,13,3831,136,1,1146.9,4.421
grasp,R109,R,1,19,18,1181.8,13,5628,202,1,1146.9,3.043
grasp,R109,R,1,20,19,1181.0,13,7915,283,1,1146.9,2.973
grasp,R109,R,1,21,20,1175.8,13,4488,149,1,1146.9,2.520
grasp,R109,R,1,22,21,1179.0,13,7302,266,1,1146.9,2.799
grasp,R109,R,1,23,22,1180.1,13,6583,246,1,1146.9,2.895
grasp,R109,R,1,24,23,1182.8,13,6681,244,1,1146.9,3.130
grasp,R109,R,1,25,24,1194.2,13,5031,184,1,1146.9,4.124
grasp,R109,R,1,26,25,1186.0,13,5510,198,1,1146.9,3.409
grasp,R109,R,1,27,26,1182.8,13,9792,362,1,1146.9,3.130
grasp,R109,R,1,28,27,1193.9,13,5080,191,1,1146.9,4.098
grasp,R109,R,1,29,28,1165.3,13,8155,295,1,1146.9,1.604
grasp,R109,R,1,30,29,1172.3,13,6282,236,1,1146.9,2.215
i1,R109,R,1,1,0,1457.8,14,0,0,1,1146.9,27.108
rgrasp,R109,R,1,1,0,1174.9,13,5509,145,1,1146.9,2.441
rgrasp,R109,R,1,2,1,1174.6,13,10253,276,1,1146.9,2.415
rgrasp,R109,R,1,3,2,1181.7,13,5861,154,1,1146.9,3.034
rgrasp,R109,R,1,4,3,1187.4,13,6228,168,1,1146.9,3.531
rgrasp,R109,R,1,5,4,1191.3,13,8379,226,1,1146.9,3.871
rgrasp,R109,R,1,6,5,1180.7,13,7567,219,1,1146.9,2.947
rgrasp,R109,R,1,7,6,1175.1,13,12534,353,1,1146.9,2.459
rgrasp,R109,R,1,8,7,1196.4,13,5197,137,1,1146.9,4.316
rgrasp,R109,R,1,9,8,1169.2,13,5865,157,1,1146.9,1.944
rgrasp,R109,R,1,10,9,1183.5,13,9575,277,1,1146.9,3.191
rgrasp,R109,R,1,11,10,1190.4,14,7472,203,1,1146.9,3.793
rgrasp,R109,R,1,12,11,1181.2,13,13567,358,1,1146.9,2.991
rgrasp,R109,R,1,13,12,1177.1,13,10514,294,1,1146.9,2.633
rgrasp,R109,R,1,14,13,1184.9,14,5477,146,1,1146.9,3.313
rgrasp,R109,R,1,15,14,1184.4,13,9827,274,1,1146.9,3.270
rgrasp,R109,R,1,16,15,1179.9,13,6883,189,1,1146.9,2.877
rgrasp,R109,R,1,17,16,1177.2,13,11856,335,1,1146.9,2.642
rgrasp,R109,R,1,18,17,1185.5,13,7328,189,1,1146.9,3.366
rgrasp,R109,R,1,19,18,1182.3,13,7691,195,1,1146.9,3.087
rgrasp,R109,R,1,20,19,1192.2,13,8623,238,1,1146.9,3.950
rgrasp,R109,R,1,21,20,1171.5,13,10400,273,1,1146.9,2.145
rgrasp,R109,R,1,22,21,1179.0,13,7973,217,1,1146.9,2.799
rgrasp,R109,R,1,23,22,1185.7,13,8012,226,1,1146.9,3.383
rgrasp,R109,R,1,24,23,1177.7,14,8450,223,1,1146.9,2.686
rgrasp,R109,R,1,25,24,1177.2,13,11635,333,1,1146.9,2.642
rgrasp,R109,R,1,26,25,1184.7,14,8090,220,1,1146.9,3.296
rgrasp,R109,R,1,27,26,1193.5,13,8716,239,1,1146.9,4.063
rgrasp,R109,R,1,28,27,1182.4,13,6418,172,1,1146.9,3.095
rgrasp,R109,R,1,29,28,1182.0,14,11423,310,1,1146.9,3.060
rgrasp,R109,R,1,30,29,1186.8,12,11510,295,1,1146.9,3.479
tabu,R109,R,1,1,0,1211.3,14,3955,992,1,1146.9,5.615
vnd,R109,R,1,1,0,1278.4,14,24,0,1,1146.9,11.466
grasp,R110,R,1,1,0,1144.0,12,5383,183,1,1068.0,7.116
grasp,R110,R,1,2,1,1114.0,12,5410,195,1,1068.0,4.307
grasp,R110,R,1,3,2,1120.2,12,5748,198,1,1068.0,4.888
grasp,R110,R,1,4,3,1124.2,12,4831,167,1,1068.0,5.262
grasp,R110,R,1,5,4,1124.2,13,6525,227,1,1068.0,5.262
grasp,R110,R,1,6,5,1113.6,12,6119,221,1,1068.0,4.270
grasp,R110,R,1,7,6,1115.3,12,11236,383,1,1068.0,4.429
grasp,R110,R,1,8,7,1112.6,12,4028,145,1,1068.0,4.176
grasp,R110,R,1,9,8,1116.6,12,3947,134,1,1068.0,4.551
grasp,R110,R,1,10,9,1122.6,12,8224,294,1,1068.0,5.112
grasp,R110,R,1,11,10,1102.6,12,8676,302,1,1068.0,3.240
grasp,R110,R,1,12,11,1134.5,12,6373,228,1,1068.0,6.227
grasp,R110,R,1,13,12,1110.3,12,5003,170,1,1068.0,3.961
grasp,R110,R,1,14,13,1111.7,12,5447,193,1,1068.0,4.092
grasp,R110,R,1,15,14,1130.3,12,4601,163,1,1068.0,5.833
grasp,R110,R,1,16,15,1101.9,12,5284,187,1,1068.0,3.174
grasp,R110,R,1,17,16,1130.7,12,8027,288,1,1068.0,5.871
grasp,R110,R,1,18,17,1117.6,12,9510,339,1,1068.0,4.644
grasp,R110,R,1,19,18,1112.6,12,7170,253,1,1068.0,4.176
grasp,R110,R,1,20,19,1108.9,12,13927,489,1,1068.0,3.830
grasp,R110,R,1,21,20,1106.4,12,12522,441,1,1068.0,3.596
grasp,R110,R,1,22,21,1130.0,12,6401,219,1,1068.0,5.805
grasp,R110,R,1,23,22,1127.9,12,4814,168,1,1068.0,5.609
grasp,R110,R,1,24,23,1124.4,12,4221,147,1,1068.0,5.281
grasp,R110,R,1,25,24,1125.8,12,7937,280,1,1068.0,5.412
grasp,R110,R,1,26,25,1110.0,12,10852,389,1,1068.0,3.933
grasp,R110,R,1,27,26,1116.8,12,5992,219,1,1068.0,4.569
grasp,R110,R,1,28,27,1120.6,12,8246,285,1,1068.0,4.925
grasp,R110,R,1,29,28,1130.9,12,7739,268,1,1068.0,5.890
grasp,R110,R,1,30,29,1128.3,12,7311,253,1,1068.0,5.646
i1,R110,R,1,1,0,1339.0,12,0,0,1,1068.0,25.375
rgrasp,R110,R,1,1,0,1114.8,12,7651,213,1,1068.0,4.382
rgrasp,R110,R,1,2,1,1127.6,12,10664,295,1,1068.0,5.581
rgrasp,R110,R,1,3,2,1132.5,12,6094,160,1,1068.0,6.039
rgrasp,R110,R,1,4,3,1112.1,12,11913,319,1,1068.0,4.129
rgrasp,R110,R,1,5,4,1096.1,12,9043,252,1,1068.0,2.631
rgrasp,R110,R,1,6,5,1116.2,12,7533,205,1,1068.0,4.513
rgrasp,R110,R,1,7,6,1118.1,13,6641,171,1,1068.0,4.691
rgrasp,R110,R,1,8,7,1128.7,12,5150,138,1,1068.0,5.684
rgrasp,R110,R,1,9,8,1109.4,12,6253,168,1,1068.0,3.876
rgrasp,R110,R,1,10,9,1110.0,12,8170,223,1,1068.0,3.933
rgrasp,R110,R,1,11,10,1123.8,13,12925,352,1,1068.0,5.225
rgrasp,R110,R,1,12,11,1115.6,13,10685,292,1,1068.0,4.457
rgrasp,R110,R,1,13,12,1116.7,13,5731,161,1,1068.0,4.560
rgrasp,R110,R,1,14,13,1134.7,12,6468,174,1,1068.0,6.245
rgrasp,R110,R,1,15,14,1113.9,12,7264,202,1,1068.0,4.298
rgrasp,R110,R,1,16,15,1119.9,12,8838,241,1,1068.0,4.860
rgrasp,R110,R,1,17,16,1116.7,13,5654,158,1,1068.0,4.560
rgrasp,R110,R,1,18,17,1126.4,12,7204,196,1,1068.0,5.468
rgrasp,R110,R,1,19,18,1117.5,13,11681,317,1,1068.0,4.635
rgrasp,R110,R,1,20,19,1117.5,12,5499,157,1,1068.0,4.635
rgrasp,R110,R,1,21,20,1125.2,13,14512,404,1,1068.0,5.356
rgrasp,R110,R,1,22,21,1131.9,13,5169,142,1,1068.0,5.983
rgrasp,R110,R,1,23,22,1126.5,12,6179,171,1,1068.0,5.478
rgrasp,R110,R,1,24,23,1116.2,12,14401,395,1,1068.0,4.513
rgrasp,R110,R,1,25,24,1128.3,13,7451,206,1,1068.0,5.646
rgrasp,R110,R,1,26,25,1120.4,12,8474,229,1,1068.0,4.906
rgrasp,R110,R,1,27,26,1121.7,13,11621,322,1,1068.0,5.028
rgrasp,R110,R,1,28,27,1125.3,12,8289,220,1,1068.0,5.365
rgrasp,R110,R,1,29,28,1113.6,12,5962,160,1,1068.0,4.270
rgrasp,R110,R,1,30,29,1142.0,12,4684,133,1,1068.0,6.929
tabu,R110,R,1,1,0,1092.7,12,8303,1998,1,1068.0,2.313
vnd,R110,R,1,1,0,1196.2,12,28,0,1,1068.0,12.004
grasp,R111,R,1,1,0,1090.9,12,5654,202,1,1048.7,4.024
grasp,R111,R,1,2,1,1094.1,12,5165,177,1,1048.7,4.329
grasp,R111,R,1,3,2,1078.7,12,13325,469,1,1048.7,2.861
grasp,R111,R,1,4,3,1093.1,12,6473,224,1,1048.7,4.234
grasp,R111,R,1,5,4,1098.5,12,4356,158,1,1048.7,4.749
grasp,R111,R,1,6,5,1080.7,12,8993,317,1,1048.7,3.051
grasp,R111,R,1,7,6,1095.1,12,4092,137,1,1048.7,4.425
grasp,R111,R,1,8,7,1083.8,12,9332,333,1,1048.7,3.347
grasp,R111,R,1,9,8,1072.6,12,6363,221,1,1048.7,2.279
grasp,R111,R,1,10,9,1085.4,12,9413,330,1,1048.7,3.500
grasp,R111,R,1,11,10,1073.5,12,16335,578,1,1048.7,2.365
grasp,R111,R,1,12,11,1091.8,12,4483,158,1,1048.7,4.110
grasp,R111,R,1,13,12,1080.1,12,5767,210,1,1048.7,2.994
grasp,R111,R,1,14,13,1090.7,12,6057,211,1,1048.7,4.005
grasp,R111,R,1,15,14,1078.9,11,6915,243,1,1048.7,2.880
grasp,R111,R,1,16,15,1083.3,12,7590,271,1,1048.7,3.299
grasp,R111,R,1,17,16,1089.5,11,4726,162,1,1048.7,3.891
grasp,R111,R,1,18,17,1089.1,12,4995,172,1,1048.7,3.852
grasp,R111,R,1,19,18,1078.6,12,8977,319,1,1048.7,2.851
grasp,R111,R,1,20,19,1088.3,12,4786,170,1,1048.7,3.776
grasp,R111,R,1,21,20,1089.7,12,5481,194,1,1048.7,3.910
grasp,R111,R,1,22,21,1063.8,12,5336,188,1,1048.7,1.440
grasp,R111,R,1,23,22,1079.5,12,4906,173,1,1048.7,2.937
grasp,R111,R,1,24,23,1073.6,12,5241,186,1,1048.7,2.374
grasp,R111,R,1,25,24,1069.8,12,4009,139,1,1048.7,2.012
grasp,R111,R,1,26,25,1085.3,12,6343,227,1,1048.7,3.490
grasp,R111,R,1,27,26,1077.2,12,4646,165,1,1048.7,2.718
grasp,R111,R,1,28,27,1091.8,12,6603,230,1,1048.7,4.110
grasp,R111,R,1,29,28,1097.1,12,8673,307,1,1048.7,4.615
grasp,R111,R,1,30,29,1088.3,12,5711,207,1,1048.7,3.776
i1,R111,R,1,1,0,1276.6,12,0,0,1,1048.7,21.732
rgrasp,R111,R,1,1,0,1075.0,12,6410,176,1,1048.7,2.508
rgrasp,R111,R,1,2,1,1085.0,12,5933,159,1,1048.7,3.461
rgrasp,R111,R,1,3,2,1089.6,12,8172,221,1,1048.7,3.900
rgrasp,R111,R,1,4,3,1075.2,12,5774,150,1,1048.7,2.527
rgrasp,R111,R,1,5,4,1086.3,12,8963,248,1,1048.7,3.585
rgrasp,R111,R,1,6,5,1068.5,12,10628,286,1,1048.7,1.888
rgrasp,R111,R,1,7,6,1093.5,12,8035,222,1,1048.7,4.272
rgrasp,R111,R,1,8,7,1059.5,12,5553,140,1,1048.7,1.030
rgrasp,R111,R,1,9,8,1082.5,13,7552,204,1,1048.7,3.223
rgrasp,R111,R,1,10,9,1078.6,12,10644,285,1,1048.7,2.851
rgrasp,R111,R,1,11,10,1083.6,12,6968,197,1,1048.7,3.328
rgrasp,R111,R,1,12,11,1084.7,12,13855,366,1,1048.7,3.433
rgrasp,R111,R,1,13,12,1085.3,12,12615,338,1,1048.7,3.490
rgrasp,R111,R,1,14,13,1075.4,12,5904,158,1,1048.7,2.546
rgrasp,R111,R,1,15,14,1082.1,12,7415,200,1,1048.7,3.185
rgrasp,R111,R,1,16,15,1070.2,12,8111,216,1,1048.7,2.050
rgrasp,R111,R,1,17,16,1089.3,12,8223,226,1,1048.7,3.871
rgrasp,R111,R,1,18,17,1071.3,12,8568,238,1,1048.7,2.155
rgrasp,R111,R,1,19,18,1086.5,12,8623,243,1,1048.7,3.604
rgrasp,R111,R,1,20,19,1092.4,12,5540,145,1,1048.7,4.167
rgrasp,R111,R,1,21,20,1092.1,12,5371,143,1,1048.7,4.138
rgrasp,R111,R,1,22,21,1077.9,12,9601,261,1,1048.7,2.784
rgrasp,R111,R,1,23,22,1067.0,12,10088,280,1,1048.7,1.745
rgrasp,R111,R,1,24,23,1075.7,12,14200,385,1,1048.7,2.575
rgrasp,R111,R,1,25,24,1090.3,12,4914,139,1,1048.7,3.967
rgrasp,R111,R,1,26,25,1091.0,12,9454,258,1,1048.7,4.034
rgrasp,R111,R,1,27,26,1083.0,12,5162,137,1,1048.7,3.271
rgrasp,R111,R,1,28,27,1079.4,12,8563,236,1,1048.7,2.927
rgrasp,R111,R,1,29,28,1082.1,12,6044,165,1,1048.7,3.185
rgrasp,R111,R,1,30,29,1094.6,12,5498,154,1,1048.7,4.377
tabu,R111,R,1,1,0,1071.7,12,5625,1282,1,1048.7,2.193
vnd,R111,R,1,1,0,1134.3,12,28,0,1,1048.7,8.162
grasp,R112,R,1,1,0,1012.6,11,4714,159,1,948.6,6.747
grasp,R112,R,1,2,1,1003.5,11,7400,262,1,948.6,5.787
grasp,R112,R,1,3,2,997.1,11,4632,160,1,948.6,5.113
grasp,R112,R,1,4,3,995.8,11,10154,347,1,948.6,4.976
grasp,R112,R,1,5,4,983.7,11,10455,359,1,948.6,3.700
grasp,R112,R,1,6,5,998.2,11,5381,184,1,948.6,5.229
grasp,R112,R,1,7,6,1003.5,10,4090,147,1,948.6,5.787
grasp,R112,R,1,8,7,993.1,10,12698,434,1,948.6,4.691
grasp,R112,R,1,9,8,989.0,11,7407,257,1,948.6,4.259
grasp,R112,R,1,10,9,993.0,11,5008,181,1,948.6,4.681
grasp,R112,R,1,11,10,999.5,11,6552,226,1,948.6,5.366
grasp,R112,R,1,12,11,1004.0,11,4845,172,1,948.6,5.840
grasp,R112,R,1,13,12,1001.7,11,8801,296,1,948.6,5.598
grasp,R112,R,1,14,13,1008.4,10,5311,187,1,948.6,6.304
grasp,R112,R,1,15,14,986.2,10,6229,221,1,948.6,3.964
grasp,R112,R,1,16,15,1000.7,10,5133,177,1,948.6,5.492
grasp,R112,R,1,17,16,1019.6,11,4461,156,1,948.6,7.485
grasp,R112,R,1,18,17,998.5,10,10265,359,1,948.6,5.260
grasp,R112,R,1,19,18,995.2,11,13540,474,1,948.6,4.913
grasp,R112,R,1,20,19,984.6,11,5691,198,1,948.6,3.795
grasp,R112,R,1,21,20,998.5,10,4899,171,1,948.6,5.260
grasp,R112,R,1,22,21,993.8,11,7699,275,1,948.6,4.765
grasp,R112,R,1,23,22,988.3,10,5978,203,1,948.6,4.185
grasp,R112,R,1,24,23,994.5,11,6385,230,1,948.6,4.839
grasp,R112,R,1,25,24,994.3,10,6723,233,1,948.6,4.818
grasp,R112,R,1,26,25,985.5,10,6400,224,1,948.6,3.890
grasp,R112,R,1,27,26,1001.3,11,12360,423,1,948.6,5.556
grasp,R112,R,1,28,27,1007.6,10,7882,273,1,948.6,6.220
grasp,R112,R,1,29,28,1002.1,10,9645,335,1,948.6,5.640
grasp,R112,R,1,30,29,1000.4,11,5577,191,1,948.6,5.461
i1,R112,R,1,1,0,1188.1,11,0,0,1,948.6,25.248
rgrasp,R112,R,1,1,0,1010.4,11,5428,144,1,948.6,6.515
rgrasp,R112,R,1,2,1,1001.5,11,5285,141,1,948.6,5.577
rgrasp,R112,R,1,3,2,1012.2,11,13390,356,1,948.6,6.705
rgrasp,R112,R,1,4,3,1007.7,11,5089,134,1,948.6,6.230
rgrasp,R112,R,1,5,4,997.0,11,5689,146,1,948.6,5.102
rgrasp,R112,R,1,6,5,1003.1,10,13513,346,1,948.6,5.745
rgrasp,R112,R,1,7,6,987.3,10,16931,439,1,948.6,4.080
rgrasp,R112,R,1,8,7,995.0,11,8190,212,1,948.6,4.891
rgrasp,R112,R,1,9,8,986.0,11,15514,405,1,948.6,3.943
rgrasp,R112,R,1,10,9,1006.0,11,6928,172,1,948.6,6.051
rgrasp,R112,R,1,11,10,1003.1,11,10885,280,1,948.6,5.745
rgrasp,R112,R,1,12,11,1012.5,10,6865,180,1,948.6,6.736
rgrasp,R112,R,1,13,12,995.2,11,9482,243,1,948.6,4.913
rgrasp,R112,R,1,14,13,995.7,11,11505,297,1,948.6,4.965
rgrasp,R112,R,1,15,14,994.6,11,6796,184,1,948.6,4.849
rgrasp,R112,R,1,16,15,986.3,10,7294,194,1,948.6,3.974
rgrasp,R112,R,1,17,16,997.2,11,6135,158,1,948.6,5.123
rgrasp,R112,R,1,18,17,997.3,11,9240,247,1,948.6,5.134
rgrasp,R112,R,1,19,18,997.1,11,8403,215,1,948.6,5.113
rgrasp,R112,R,1,20,19,993.0,11,9938,245,1,948.6,4.681
rgrasp,R112,R,1,21,20,1005.8,11,5811,144,1,948.6,6.030
rgrasp,R112,R,1,22,21,1001.4,11,5240,133,1,948.6,5.566
rgrasp,R112,R,1,23,22,995.3,11,15162,393,1,948.6,4.923
rgrasp,R112,R,1,24,23,989.5,11,9589,240,1,948.6,4.312
rgrasp,R112,R,1,25,24,1000.2,11,5845,146,1,948.6,5.440
rgrasp,R112,R,1,26,25,1001.7,11,15218,396,1,948.6,5.598
rgrasp,R112,R,1,27,26,1000.3,11,14919,388,1,948.6,5.450
rgrasp,R112,R,1,28,27,987.5,10,9970,265,1,948.6,4.101
rgrasp,R112,R,1,29,28,991.1,11,9310,239,1,948.6,4.480
rgrasp,R112,R,1,30,29,992.6,11,11313,281,1,948.6,4.638
tabu,R112,R,1,1,0,969.3,10,11976,2577,1,948.6,2.182
vnd,R112,R,1,1,0,1051.9,11,24,0,1,948.6,10.890
grasp,R201,R,2,1,0,1226.5,5,9173,219,1,1143.2,7.287
grasp,R201,R,2,2,1,1223.3,5,10468,248,1,1143.2,7.007
grasp,R201,R,2,3,2,1225.5,5,6959,157,1,1143.2,7.199
grasp,R201,R,2,4,3,1236.8,5,9487,222,1,1143.2,8.188
grasp,R201,R,2,5,4,1229.4,5,6542,155,1,1143.2,7.540
grasp,R201,R,2,6,5,1223.2,5,11888,283,1,1143.2,6.998
grasp,R201,R,2,7,6,1233.4,5,6380,155,1,1143.2,7.890
grasp,R201,R,2,8,7,1236.4,5,8548,199,1,1143.2,8.153
grasp,R201,R,2,9,8,1228.8,5,16056,362,1,1143.2,7.488
grasp,R201,R,2,10,9,1239.1,5,10114,236,1,1143.2,8.389
grasp,R201,R,2,11,10,1219.5,5,10869,247,1,1143.2,6.674
grasp,R201,R,2,12,11,1241.3,5,8726,207,1,1143.2,8.581
grasp,R201,R,2,13,12,1217.6,5,12995,295,1,1143.2,6.508
grasp,R201,R,2,14,13,1215.3,5,11388,262,1,1143.2,6.307
grasp,R201,R,2,15,14,1234.9,5,5882,143,1,1143.2,8.021
grasp,R201,R,2,16,15,1239.1,5,15174,345,1,1143.2,8.389
grasp,R201,R,2,17,16,1223.6,5,13492,308,1,1143.2,7.033
grasp,R201,R,2,18,17,1247.9,5,6136,138,1,1143.2,9.159
grasp,R201,R,2,19,18,1240.6,5,6765,161,1,1143.2,8.520
grasp,R201,R,2,20,19,1216.0,5,9968,235,1,1143.2,6.368
grasp,R201,R,2,21,20,1203.7,5,5917,138,1,1143.2,5.292
grasp,R201,R,2,22,21,1236.8,5,9370,218,1,1143.2,8.188
grasp,R201,R,2,23,22,1220.5,5,8048,181,1,1143.2,6.762
grasp,R201,R,2,24,23,1228.5,5,14995,347,1,1143.2,7.462
grasp,R201,R,2,25,24,1223.6,5,17313,405,1,1143.2,7.033
grasp,R201,R,2,26,25,1208.6,5,19565,444,1,1143.2,5.721
grasp,R201,R,2,27,26,1242.8,5,10226,228,1,1143.2,8.712
grasp,R201,R,2,28,27,1225.1,5,7934,191,1,1143.2,7.164
grasp,R201,R,2,29,28,1216.4,6,11387,255,1,1143.2,6.403
grasp,R201,R,2,30,29,1238.0,5,8199,188,1,1143.2,8.293
i1,R201,R,2,1,0,1805.3,5,0,0,1,1143.2,57.916
rgrasp,R201,R,2,1,0,1225.2,5,10393,223,1,1143.2,7.173
rgrasp,R201,R,2,2,1,1239.8,5,9677,207,1,1143.2,8.450
rgrasp,R201,R,2,3,2,1230.6,5,7676,169,1,1143.2,7.645
rgrasp,R201,R,2,4,3,1243.8,5,11698,246,1,1143.2,8.800
rgrasp,R201,R,2,5,4,1222.6,5,10776,237,1,1143.2,6.945
rgrasp,R201,R,2,6,5,1219.0,5,17224,370,1,1143.2,6.631
rgrasp,R201,R,2,7,6,1225.6,5,7218,159,1,1143.2,7.208
rgrasp,R201,R,2,8,7,1228.2,5,12638,270,1,1143.2,7.435
rgrasp,R201,R,2,9,8,1242.7,5,6331,136,1,1143.2,8.704
rgrasp,R201,R,2,10,9,1219.8,5,7157,153,1,1143.2,6.700
rgrasp,R201,R,2,11,10,1228.5,5,8724,183,1,1143.2,7.462
rgrasp,R201,R,2,12,11,1258.0,5,6687,143,1,1143.2,10.042
rgrasp,R201,R,2,13,12,1235.7,5,20788,438,1,1143.2,8.091
rgrasp,R201,R,2,14,13,1222.5,5,17448,371,1,1143.2,6.937
rgrasp,R201,R,2,15,14,1238.4,5,10990,241,1,1143.2,8.328
rgrasp,R201,R,2,16,15,1235.5,5,18343,392,1,1143.2,8.074
rgrasp,R201,R,2,17,16,1239.8,6,7087,150,1,1143.2,8.450
rgrasp,R201,R,2,18,17,1223.7,5,13282,290,1,1143.2,7.042
rgrasp,R201,R,2,19,18,1224.7,5,15522,335,1,1143.2,7.129
rgrasp,R201,R,2,20,19,1238.3,5,6693,142,1,1143.2,8.319
rgrasp,R201,R,2,21,20,1248.7,5,8415,179,1,1143.2,9.228
rgrasp,R201,R,2,22,21,1258.7,5,7553,163,1,1143.2,10.103
rgrasp,R201,R,2,23,22,1234.8,5,7725,170,1,1143.2,8.013
rgrasp,R201,R,2,24,23,1219.5,5,7826,167,1,1143.2,6.674
rgrasp,R201,R,2,25,24,1219.8,5,8324,173,1,1143.2,6.700
rgrasp,R201,R,2,26,25,1239.3,5,6673,147,1,1143.2,8.406
rgrasp,R201,R,2,27,26,1234.5,6,13892,295,1,1143.2,7.986
rgrasp,R201,R,2,28,27,1223.0,5,9391,206,1,1143.2,6.980
rgrasp,R201,R,2,29,28,1240.4,5,9156,198,1,1143.2,8.502
rgrasp,R201,R,2,30,29,1221.9,5,7795,161,1,1143.2,6.884
tabu,R201,R,2,1,0,1231.4,5,6042,995,1,1143.2,7.715
vnd,R201,R,2,1,0,1332.9,5,53,0,1,1143.2,16.594
grasp,R202,R,2,1,0,1081.7,5,15249,289,1,1029.6,5.060
grasp,R202,R,2,2,1,1069.3,5,11217,202,1,1029.6,3.856
grasp,R202,R,2,3,2,1079.2,5,11574,208,1,1029.6,4.817
grasp,R202,R,2,4,3,1072.9,5,23214,422,1,1029.6,4.206
grasp,R202,R,2,5,4,1080.4,5,16871,331,1,1029.6,4.934
grasp,R202,R,2,6,5,1080.2,5,12241,222,1,1029.6,4.915
grasp,R202,R,2,7,6,1083.8,5,9423,172,1,1029.6,5.264
grasp,R202,R,2,8,7,1086.1,5,16450,301,1,1029.6,5.488
grasp,R202,R,2,9,8,1072.2,5,14391,259,1,1029.6,4.138
grasp,R202,R,2,10,9,1072.7,5,10666,208,1,1029.6,4.186
grasp,R202,R,2,11,10,1085.0,5,7928,146,1,1029.6,5.381
grasp,R202,R,2,12,11,1086.1,5,7578,142,1,1029.6,5.488
grasp,R202,R,2,13,12,1095.3,5,8411,162,1,1029.6,6.381
grasp,R202,R,2,14,13,1079.2,5,8409,159,1,1029.6,4.817
grasp,R202,R,2,15,14,1085.6,5,7703,146,1,1029.6,5.439
grasp,R202,R,2,16,15,1079.0,5,8889,166,1,1029.6,4.798
grasp,R202,R,2,17,16,1069.4,5,8074,144,1,1029.6,3.866
grasp,R202,R,2,18,17,1084.1,5,10666,196,1,1029.6,5.293
grasp,R202,R,2,19,18,1084.2,5,16743,303,1,1029.6,5.303
grasp,R202,R,2,20,19,1074.8,5,18841,339,1,1029.6,4.390
grasp,R202,R,2,21,20,1081.5,5,10635,201,1,1029.6,5.041
grasp,R202,R,2,22,21,1088.7,5,7986,147,1,1029.6,5.740
grasp,R202,R,2,23,22,1068.3,5,8652,159,1,1029.6,3.759
grasp,R202,R,2,24,23,1080.4,5,8313,157,1,1029.6,4.934
grasp,R202,R,2,25,24,1075.9,5,12318,237,1,1029.6,4.497
grasp,R202,R,2,26,25,1075.7,5,12738,230,1,1029.6,4.477
grasp,R202,R,2,27,26,1067.3,5,11478,204,1,1029.6,3.662
grasp,R202,R,2,28,27,1083.0,5,13428,247,1,1029.6,5.186
grasp,R202,R,2,29,28,1085.8,5,13442,255,1,1029.6,5.458
grasp,R202,R,2,30,29,1085.6,5,14970,276,1,1029.6,5.439
i1,R202,R,2,1,0,1585.0,4,0,0,1,1029.6,53.943
rgrasp,R202,R,2,1,0,1088.3,5,14371,238,1,1029.6,5.701
rgrasp,R202,R,2,2,1,1081.0,5,22429,380,1,1029.6,4.992
rgrasp,R202,R,2,3,2,1069.4,5,11118,200,1,1029.6,3.866
rgrasp,R202,R,2,4,3,1091.9,5,13785,235,1,1029.6,6.051
rgrasp,R202,R,2,5,4,1083.5,5,15625,274,1,1029.6,5.235
rgrasp,R202,R,2,6,5,1074.8,5,19461,349,1,1029.6,4.390
rgrasp,R202,R,2,7,6,1095.2,5,12362,213,1,1029.6,6.371
rgrasp,R202,R,2,8,7,1081.7,5,10771,188,1,1029.6,5.060
rgrasp,R202,R,2,9,8,1093.3,5,11499,201,1,1029.6,6.187
rgrasp,R202,R,2,10,9,1073.3,5,9582,174,1,1029.6,4.244
rgrasp,R202,R,2,11,10,1093.7,5,15741,264,1,1029.6,6.226
rgrasp,R202,R,2,12,11,1095.9,5,10011,186,1,1029.6,6.439
rgrasp,R202,R,2,13,12,1090.9,5,16644,288,1,1029.6,5.954
rgrasp,R202,R,2,14,13,1089.4,5,22834,386,1,1029.6,5.808
rgrasp,R202,R,2,15,14,1071.9,5,13340,239,1,1029.6,4.108
rgrasp,R202,R,2,16,15,1081.8,5,7899,136,1,1029.6,5.070
rgrasp,R202,R,2,17,16,1086.9,5,7978,138,1,1029.6,5.565
rgrasp,R202,R,2,18,17,1070.6,5,15939,273,1,1029.6,3.982
rgrasp,R202,R,2,19,18,1086.0,5,15133,258,1,1029.6,5.478
rgrasp,R202,R,2,20,19,1086.1,5,18496,318,1,1029.6,5.488
rgrasp,R202,R,2,21,20,1079.5,5,17362,298,1,1029.6,4.847
rgrasp,R202,R,2,22,21,1089.3,5,7795,136,1,1029.6,5.798
rgrasp,R202,R,2,23,22,1094.6,5,14967,269,1,1029.6,6.313
rgrasp,R202,R,2,24,23,1085.9,5,7568,133,1,1029.6,5.468
rgrasp,R202,R,2,25,24,1089.7,5,8294,150,1,1029.6,5.837
rgrasp,R202,R,2,26,25,1092.6,5,15010,255,1,1029.6,6.119
rgrasp,R202,R,2,27,26,1090.5,5,14202,244,1,1029.6,5.915
rgrasp,R202,R,2,28,27,1080.4,5,19785,349,1,1029.6,4.934
rgrasp,R202,R,2,29,28,1080.9,5,15464,263,1,1029.6,4.983
rgrasp,R202,R,2,30,29,1084.7,5,13220,232,1,1029.6,5.352
tabu,R202,R,2,1,0,1114.9,4,6958,1016,1,1029.6,8.285
vnd,R202,R,2,1,0,1160.7,4,44,0,1,1029.6,12.733
grasp,R203,R,2,1,0,940.8,4,32403,483,1,870.8,8.039
grasp,R203,R,2,2,1,949.0,4,10030,140,1,870.8,8.980
grasp,R203,R,2,3,2,940.9,4,12061,166,1,870.8,8.050
grasp,R203,R,2,4,3,945.0,4,20155,297,1,870.8,8.521
grasp,R203,R,2,5,4,937.8,4,17186,239,1,870.8,7.694
grasp,R203,R,2,6,5,945.4,4,13048,177,1,870.8,8.567
grasp,R203,R,2,7,6,952.3,4,16126,244,1,870.8,9.359
grasp,R203,R,2,8,7,942.4,4,13097,179,1,870.8,8.222
grasp,R203,R,2,9,8,937.4,4,16135,230,1,870.8,7.648
grasp,R203,R,2,10,9,947.2,4,11452,161,1,870.8,8.774
grasp,R203,R,2,11,10,935.4,4,14264,192,1,870.8,7.418
grasp,R203,R,2,12,11,934.4,4,23660,317,1,870.8,7.304
grasp,R203,R,2,13,12,934.7,4,23315,328,1,870.8,7.338
grasp,R203,R,2,14,13,931.6,4,22147,300,1,870.8,6.982
grasp,R203,R,2,15,14,951.5,4,18046,269,1,870.8,9.267
grasp,R203,R,2,16,15,943.2,4,12506,170,1,870.8,8.314
grasp,R203,R,2,17,16,936.2,4,25312,347,1,870.8,7.510
grasp,R203,R,2,18,17,946.7,4,12259,171,1,870.8,8.716
grasp,R203,R,2,19,18,937.2,4,15575,233,1,870.8,7.625
grasp,R203,R,2,20,19,937.9,4,11473,157,1,870.8,7.706
grasp,R203,R,2,21,20,938.1,4,19973,281,1,870.8,7.729
grasp,R203,R,2,22,21,946.3,4,11045,165,1,870.8,8.670
grasp,R203,R,2,23,22,944.7,4,14514,195,1,870.8,8.486
grasp,R203,R,2,24,23,932.5,4,21521,312,1,870.8,7.085
grasp,R203,R,2,25,24,935.3,4,30210,415,1,870.8,7.407
grasp,R203,R,2,26,25,937.8,4,9055,137,1,870.8,7.694
grasp,R203,R,2,27,26,945.3,4,12977,193,1,870.8,8.555
grasp,R203,R,2,28,27,946.1,4,17988,244,1,870.8,8.647
grasp,R203,R,2,29,28,931.6,4,26816,367,1,870.8,6.982
grasp,R203,R,2,30,29,944.2,4,10949,150,1,870.8,8.429
i1,R203,R,2,1,0,1534.3,4,0,0,1,870.8,76.194
rgrasp,R203,R,2,1,0,938.4,4,18782,256,1,870.8,7.763
rgrasp,R203,R,2,2,1,943.1,4,10577,139,1,870.8,8.303
rgrasp,R203,R,2,3,2,942.7,4,13273,191,1,870.8,8.257
rgrasp,R203,R,2,4,3,946.1,4,14156,193,1,870.8,8.647
rgrasp,R203,R,2,5,4,930.2,4,21360,298,1,870.8,6.821
rgrasp,R203,R,2,6,5,951.8,4,10572,145,1,870.8,9.302
rgrasp,R203,R,2,7,6,914.7,4,17717,254,1,870.8,5.041
rgrasp,R203,R,2,8,7,938.9,4,16686,221,1,870.8,7.820
rgrasp,R203,R,2,9,8,943.5,4,11704,157,1,870.8,8.349
rgrasp,R203,R,2,10,9,928.6,4,20263,267,1,870.8,6.638
rgrasp,R203,R,2,11,10,947.6,4,9669,137,1,870.8,8.819
rgrasp,R203,R,2,12,11,954.5,4,14281,207,1,870.8,9.612
rgrasp,R203,R,2,13,12,941.9,4,13063,187,1,870.8,8.165
rgrasp,R203,R,2,14,13,952.7,4,12250,161,1,870.8,9.405
rgrasp,R203,R,2,15,14,926.6,4,16871,226,1,870.8,6.408
rgrasp,R203,R,2,16,15,936.8,4,30671,414,1,870.8,7.579
rgrasp,R203,R,2,17,16,934.6,4,21903,310,1,870.8,7.327
rgrasp,R203,R,2,18,17,953.8,4,11217,152,1,870.8,9.531
rgrasp,R203,R,2,19,18,927.7,4,13198,190,1,870.8,6.534
rgrasp,R203,R,2,20,19,937.1,4,20820,283,1,870.8,7.614
rgrasp,R203,R,2,21,20,934.5,4,16058,215,1,870.8,7.315
rgrasp,R203,R,2,22,21,945.2,4,17792,250,1,870.8,8.544
rgrasp,R203,R,2,23,22,941.0,4,20175,261,1,870.8,8.062
rgrasp,R203,R,2,24,23,936.6,4,15036,204,1,870.8,7.556
rgrasp,R203,R,2,25,24,939.9,4,13936,185,1,870.8,7.935
rgrasp,R203,R,2,26,25,943.5,4,16943,223,1,870.8,8.349
rgrasp,R203,R,2,27,26,936.7,4,16715,241,1,870.8,7.568
rgrasp,R203,R,2,28,27,927.8,4,15008,209,1,870.8,6.546
rgrasp,R203,R,2,29,28,939.0,4,25001,353,1,870.8,7.832
rgrasp,R203,R,2,30,29,935.5,4,9626,138,1,870.8,7.430
tabu,R203,R,2,1,0,955.0,4,9350,1205,1,870.8,9.669
vnd,R203,R,2,1,0,1025.3,4,77,0,1,870.8,17.742
grasp,R204,R,2,1,0,766.7,3,10133,144,1,731.3,4.841
grasp,R204,R,2,2,1,763.7,3,13443,189,1,731.3,4.430
grasp,R204,R,2,3,2,763.8,4,12999,182,1,731.3,4.444
grasp,R204,R,2,4,3,757.7,3,12196,187,1,731.3,3.610
grasp,R204,R,2,5,4,753.2,3,19202,274,1,731.3,2.995
grasp,R204,R,2,6,5,762.2,3,23590,327,1,731.3,4.225
grasp,R204,R,2,7,6,774.0,3,13796,201,1,731.3,5.839
grasp,R204,R,2,8,7,764.8,3,19641,311,1,731.3,4.581
grasp,R204,R,2,9,8,765.0,3,17105,265,1,731.3,4.608
grasp,R204,R,2,10,9,764.7,3,38172,527,1,731.3,4.567
grasp,R204,R,2,11,10,774.3,3,12540,192,1,731.3,5.880
grasp,R204,R,2,12,11,767.0,3,14918,217,1,731.3,4.882
grasp,R204,R,2,13,12,764.9,3,11055,164,1,731.3,4.595
grasp,R204,R,2,14,13,764.0,3,13701,197,1,731.3,4.471
grasp,R204,R,2,15,14,757.5,3,20654,304,1,731.3,3.583
grasp,R204,R,2,16,15,757.7,3,10056,154,1,731.3,3.610
grasp,R204,R,2,17,16,769.5,3,9978,148,1,731.3,5.224
grasp,R204,R,2,18,17,761.7,3,11585,167,1,731.3,4.157
grasp,R204,R,2,19,18,773.6,3,9463,133,1,731.3,5.784
grasp,R204,R,2,20,19,756.7,3,24918,355,1,731.3,3.473
grasp,R204,R,2,21,20,760.3,3,15182,234,1,731.3,3.966
grasp,R204,R,2,22,21,758.0,3,21942,337,1,731.3,3.651
grasp,R204,R,2,23,22,764.7,3,19914,309,1,731.3,4.567
grasp,R204,R,2,24,23,762.2,3,10070,146,1,731.3,4.225
grasp,R204,R,2,25,24,764.4,3,20325,286,1,731.3,4.526
grasp,R204,R,2,26,25,761.3,3,9911,144,1,731.3,4.102
grasp,R204,R,2,27,26,758.6,3,22365,312,1,731.3,3.733
grasp,R204,R,2,28,27,764.3,3,22465,325,1,731.3,4.513
grasp,R204,R,2,29,28,754.6,3,12356,175,1,731.3,3.186
grasp,R204,R,2,30,29,759.6,3,13506,205,1,731.3,3.870
i1,R204,R,2,1,0,1155.2,4,0,0,1,731.3,57.965
rgrasp,R204,R,2,1,0,765.5,3,11593,153,1,731.3,4.677
rgrasp,R204,R,2,2,1,762.4,3,14779,208,1,731.3,4.253
rgrasp,R204,R,2,3,2,758.0,3,19099,249,1,731.3,3.651
rgrasp,R204,R,2,4,3,769.6,3,13214,168,1,731.3,5.237
rgrasp,R204,R,2,5,4,770.1,3,10059,136,1,731.3,5.306
rgrasp,R204,R,2,6,5,765.4,3,16933,212,1,731.3,4.663
rgrasp,R204,R,2,7,6,760.3,3,19314,270,1,731.3,3.966
rgrasp,R204,R,2,8,7,753.1,3,17016,244,1,731.3,2.981
rgrasp,R204,R,2,9,8,761.9,3,15876,204,1,731.3,4.184
rgrasp,R204,R,2,10,9,750.9,3,17075,222,1,731.3,2.680
rgrasp,R204,R,2,11,10,753.7,3,25194,316,1,731.3,3.063
rgrasp,R204,R,2,12,11,764.6,3,21016,279,1,731.3,4.554
rgrasp,R204,R,2,13,12,773.5,3,13846,170,1,731.3,5.771
rgrasp,R204,R,2,14,13,764.4,3,22460,291,1,731.3,4.526
rgrasp,R204,R,2,15,14,769.9,4,10435,146,1,731.3,5.278
rgrasp,R204,R,2,16,15,753.0,3,23783,331,1,731.3,2.967
rgrasp,R204,R,2,17,16,764.8,3,11465,142,1,731.3,4.581
rgrasp,R204,R,2,18,17,770.5,3,19430,267,1,731.3,5.360
rgrasp,R204,R,2,19,18,770.1,3,10327,135,1,731.3,5.306
rgrasp,R204,R,2,20,19,760.0,4,17105,226,1,731.3,3.925
rgrasp,R204,R,2,21,20,763.8,3,27765,364,1,731.3,4.444
rgrasp,R204,R,2,22,21,765.3,3,13427,185,1,731.3,4.649
rgrasp,R204,R,2,23,22,778.6,3,10332,142,1,731.3,6.468
rgrasp,R204,R,2,24,23,756.0,3,15582,198,1,731.3,3.378
rgrasp,R204,R,2,25,24,764.8,3,29455,374,1,731.3,4.581
rgrasp,R204,R,2,26,25,756.0,3,13055,171,1,731.3,3.378
rgrasp,R204,R,2,27,26,758.6,3,22427,288,1,731.3,3.733
rgrasp,R204,R,2,28,27,756.9,3,14271,206,1,731.3,3.501
rgrasp,R204,R,2,29,28,773.8,3,12634,160,1,731.3,5.812
rgrasp,R204,R,2,30,29,767.7,3,9474,133,1,731.3,4.977
tabu,R204,R,2,1,0,819.8,4,8866,1156,1,731.3,12.102
vnd,R204,R,2,1,0,846.7,4,68,0,1,731.3,15.780
grasp,R205,R,2,1,0,1042.5,4,9034,194,1,949.8,9.760
grasp,R205,R,2,2,1,1001.9,4,8852,182,1,949.8,5.485
grasp,R205,R,2,3,2,1049.4,4,8294,179,1,949.8,10.486
grasp,R205,R,2,4,3,1026.0,4,12689,261,1,949.8,8.023
grasp,R205,R,2,5,4,1040.6,4,10182,204,1,949.8,9.560
grasp,R205,R,2,6,5,1001.5,4,15371,315,1,949.8,5.443
grasp,R205,R,2,7,6,1017.3,4,8412,171,1,949.8,7.107
grasp,R205,R,2,8,7,1017.8,4,14740,320,1,949.8,7.159
grasp,R205,R,2,9,8,1025.3,4,6470,133,1,949.8,7.949
grasp,R205,R,2,10,9,1003.1,4,6670,147,1,949.8,5.612
grasp,R205,R,2,11,10,1014.3,4,7623,163,1,949.8,6.791
grasp,R205,R,2,12,11,993.4,4,12346,254,1,949.8,4.590
grasp,R205,R,2,13,12,1023.6,4,12890,274,1,949.8,7.770
grasp,R205,R,2,14,13,1027.9,4,16917,349,1,949.8,8.223
grasp,R205,R,2,15,14,1021.4,4,10996,232,1,949.8,7.538
grasp,R205,R,2,16,15,1031.6,4,7915,161,1,949.8,8.612
grasp,R205,R,2,17,16,999.8,4,27494,555,1,949.8,5.264
grasp,R205,R,2,18,17,1000.7,4,28500,577,1,949.8,5.359
grasp,R205,R,2,19,18,990.9,4,9163,188,1,949.8,4.327
grasp,R205,R,2,20,19,1015.6,4,8570,177,1,949.8,6.928
grasp,R205,R,2,21,20,1021.4,4,11142,238,1,949.8,7.538
grasp,R205,R,2,22,21,1027.6,4,13401,286,1,949.8,8.191
grasp,R205,R,2,23,22,1023.7,4,8578,181,1,949.8,7.781
grasp,R205,R,2,24,23,1016.7,4,11548,233,1,949.8,7.044
grasp,R205,R,2,25,24,1035.4,4,12072,259,1,949.8,9.012
grasp,R205,R,2,26,25,1005.8,4,7651,169,1,949.8,5.896
grasp,R205,R,2,27,26,1029.7,4,12103,260,1,949.8,8.412
grasp,R205,R,2,28,27,1017.8,4,15649,314,1,949.8,7.159
grasp,R205,R,2,29,28,1030.9,4,7048,141,1,949.8,8.539
grasp,R205,R,2,30,29,1017.7,4,8695,186,1,949.8,7.149
i1,R205,R,2,1,0,1403.3,4,0,0,1,949.8,47.747
rgrasp,R205,R,2,1,0,1025.2,4,10636,197,1,949.8,7.939
rgrasp,R205,R,2,2,1,1024.0,4,24437,445,1,949.8,7.812
rgrasp,R205,R,2,3,2,1044.3,4,9056,166,1,949.8,9.949
rgrasp,R205,R,2,4,3,1030.9,4,15110,271,1,949.8,8.539
rgrasp,R205,R,2,5,4,1014.3,4,7697,148,1,949.8,6.791
rgrasp,R205,R,2,6,5,1026.2,4,12489,228,1,949.8,8.044
rgrasp,R205,R,2,7,6,1015.4,4,11044,219,1,949.8,6.907
rgrasp,R205,R,2,8,7,1017.5,4,7696,145,1,949.8,7.128
rgrasp,R205,R,2,9,8,1010.9,4,22455,397,1,949.8,6.433
rgrasp,R205,R,2,10,9,1022.7,4,16371,302,1,949.8,7.675
rgrasp,R205,R,2,11,10,1020.5,4,11542,218,1,949.8,7.444
rgrasp,R205,R,2,12,11,1025.4,4,21698,410,1,949.8,7.960
rgrasp,R205,R,2,13,12,1027.0,4,8589,164,1,949.8,8.128
rgrasp,R205,R,2,14,13,1007.6,4,15506,284,1,949.8,6.085
rgrasp,R205,R,2,15,14,1042.2,4,12622,246,1,949.8,9.728
rgrasp,R205,R,2,16,15,1012.5,4,21148,387,1,949.8,6.601
rgrasp,R205,R,2,17,16,1011.1,4,16517,301,1,949.8,6.454
rgrasp,R205,R,2,18,17,1014.4,4,17948,344,1,949.8,6.801
rgrasp,R205,R,2,19,18,1041.1,4,7131,132,1,949.8,9.613
rgrasp,R205,R,2,20,19,1010.0,4,14650,271,1,949.8,6.338
rgrasp,R205,R,2,21,20,1029.3,4,23078,423,1,949.8,8.370
rgrasp,R205,R,2,22,21,1034.0,4,10441,198,1,949.8,8.865
rgrasp,R205,R,2,23,22,1020.8,4,7700,150,1,949.8,7.475
rgrasp,R205,R,2,24,23,1031.3,4,9319,174,1,949.8,8.581
rgrasp,R205,R,2,25,24,1020.9,4,17051,313,1,949.8,7.486
rgrasp,R205,R,2,26,25,1004.0,4,21331,395,1,949.8,5.706
rgrasp,R205,R,2,27,26,1036.2,4,16329,321,1,949.8,9.097
rgrasp,R205,R,2,28,27,1016.9,4,7753,142,1,949.8,7.065
rgrasp,R205,R,2,29,28,1029.0,4,13136,260,1,949.8,8.339
rgrasp,R205,R,2,30,29,1023.1,4,11079,205,1,949.8,7.717
tabu,R205,R,2,1,0,1038.5,4,12658,1848,1,949.8,9.339
vnd,R205,R,2,1,0,1178.2,4,26,0,1,949.8,24.047
grasp,R206,R,2,1,0,935.8,4,12862,227,1,875.9,6.839
grasp,R206,R,2,2,1,955.6,3,9812,165,1,875.9,9.099
grasp,R206,R,2,3,2,949.3,3,12962,245,1,875.9,8.380
grasp,R206,R,2,4,3,951.6,3,8155,154,1,875.9,8.643
grasp,R206,R,2,5,4,949.1,4,8043,143,1,875.9,8.357
grasp,R206,R,2,6,5,917.4,4,13599,246,1,875.9,4.738
grasp,R206,R,2,7,6,935.2,4,15730,283,1,875.9,6.770
grasp,R206,R,2,8,7,958.7,3,11013,200,1,875.9,9.453
grasp,R206,R,2,9,8,963.1,3,9221,177,1,875.9,9.955
grasp,R206,R,2,10,9,963.0,3,15710,272,1,875.9,9.944
grasp,R206,R,2,11,10,961.8,3,13000,241,1,875.9,9.807
grasp,R206,R,2,12,11,945.7,4,19293,347,1,875.9,7.969
grasp,R206,R,2,13,12,945.9,3,8395,147,1,875.9,7.992
grasp,R206,R,2,14,13,949.8,3,7669,148,1,875.9,8.437
grasp,R206,R,2,15,14,957.8,4,10857,194,1,875.9,9.350
grasp,R206,R,2,16,15,952.6,3,8046,144,1,875.9,8.757
grasp,R206,R,2,17,16,918.0,4,22298,425,1,875.9,4.806
grasp,R206,R,2,18,17,946.3,3,10359,184,1,875.9,8.037
grasp,R206,R,2,19,18,963.3,3,7789,139,1,875.9,9.978
grasp,R206,R,2,20,19,952.0,3,18864,341,1,875.9,8.688
grasp,R206,R,2,21,20,947.9,4,13127,248,1,875.9,8.220
grasp,R206,R,2,22,21,935.7,4,8251,161,1,875.9,6.827
grasp,R206,R,2,23,22,957.8,4,14281,254,1,875.9,9.350
grasp,R206,R,2,24,23,948.2,3,19520,348,1,875.9,8.254
grasp,R206,R,2,25,24,960.3,4,9875,173,1,875.9,9.636
grasp,R206,R,2,26,25,913.4,4,12331,218,1,875.9,4.281
grasp,R206,R,2,27,26,927.3,4,7925,144,1,875.9,5.868
grasp,R206,R,2,28,27,947.9,3,14656,257,1,875.9,8.220
grasp,R206,R,2,29,28,948.7,3,12529,237,1,875.9,8.311
grasp,R206,R,2,30,29,956.5,3,13787,248,1,875.9,9.202
i1,R206,R,2,1,0,1303.5,3,0,0,1,875.9,48.818
rgrasp,R206,R,2,1,0,961.9,4,14085,228,1,875.9,9.818
rgrasp,R206,R,2,2,1,940.0,4,21842,355,1,875.9,7.318
rgrasp,R206,R,2,3,2,956.1,4,13576,224,1,875.9,9.156
rgrasp,R206,R,2,4,3,937.3,3,19056,304,1,875.9,7.010
rgrasp,R206,R,2,5,4,949.4,4,8849,149,1,875.9,8.391
rgrasp,R206,R,2,6,5,930.3,4,18323,295,1,875.9,6.211
rgrasp,R206,R,2,7,6,936.6,4,24638,420,1,875.9,6.930
rgrasp,R206,R,2,8,7,932.2,4,22220,343,1,875.9,6.428
rgrasp,R206,R,2,9,8,944.4,3,7516,133,1,875.9,7.821
rgrasp,R206,R,2,10,9,961.0,4,8741,158,1,875.9,9.716
rgrasp,R206,R,2,11,10,957.7,4,17420,294,1,875.9,9.339
rgrasp,R206,R,2,12,11,941.0,4,15010,236,1,875.9,7.432
rgrasp,R206,R,2,13,12,974.6,3,13218,214,1,875.9,11.268
rgrasp,R206,R,2,14,13,956.0,4,8068,136,1,875.9,9.145
rgrasp,R206,R,2,15,14,949.8,4,14346,231,1,875.9,8.437
rgrasp,R206,R,2,16,15,951.9,3,10490,181,1,875.9,8.677
rgrasp,R206,R,2,17,16,950.0,4,13403,218,1,875.9,8.460
rgrasp,R206,R,2,18,17,926.9,4,12845,218,1,875.9,5.823
rgrasp,R206,R,2,19,18,944.3,4,10496,169,1,875.9,7.809
rgrasp,R206,R,2,20,19,956.4,3,7774,136,1,875.9,9.191
rgrasp,R206,R,2,21,20,965.8,3,14393,228,1,875.9,10.264
rgrasp,R206,R,2,22,21,957.8,4,14093,252,1,875.9,9.350
rgrasp,R206,R,2,23,22,948.9,4,8399,134,1,875.9,8.334
rgrasp,R206,R,2,24,23,927.7,4,8325,140,1,875.9,5.914
rgrasp,R206,R,2,25,24,945.7,4,15536,240,1,875.9,7.969
rgrasp,R206,R,2,26,25,934.3,4,11123,185,1,875.9,6.667
rgrasp,R206,R,2,27,26,952.9,4,24427,387,1,875.9,8.791
rgrasp,R206,R,2,28,27,943.7,4,16765,293,1,875.9,7.741
rgrasp,R206,R,2,29,28,954.8,4,8604,139,1,875.9,9.008
rgrasp,R206,R,2,30,29,934.5,4,15504,247,1,875.9,6.690
tabu,R206,R,2,1,0,979.2,3,17095,2133,1,875.9,11.794
vnd,R206,R,2,1,0,1076.7,3,62,0,1,875.9,22.925
grasp,R207,R,2,1,0,858.7,3,16784,241,1,794.0,8.149
grasp,R207,R,2,2,1,837.4,3,28455,438,1,794.0,5.466
grasp,R207,R,2,3,2,862.1,3,12829,206,1,794.0,8.577
grasp,R207,R,2,4,3,856.4,3,9457,151,1,794.0,7.859
grasp,R207,R,2,5,4,847.2,3,28532,411,1,794.0,6.700
grasp,R207,R,2,6,5,853.6,4,9587,151,1,794.0,7.506
grasp,R207,R,2,7,6,858.7,3,13737,194,1,794.0,8.149
grasp,R207,R,2,8,7,830.7,3,16890,240,1,794.0,4.622
grasp,R207,R,2,9,8,865.8,3,17149,247,1,794.0,9.043
grasp,R207,R,2,10,9,846.1,3,13198,210,1,794.0,6.562
grasp,R207,R,2,11,10,854.9,3,17155,254,1,794.0,7.670
grasp,R207,R,2,12,11,846.2,3,20615,300,1,794.0,6.574
grasp,R207,R,2,13,12,848.3,3,22141,321,1,794.0,6.839
grasp,R207,R,2,14,13,864.4,3,11301,174,1,794.0,8.866
grasp,R207,R,2,15,14,843.8,3,24972,355,1,794.0,6.272
grasp,R207,R,2,16,15,849.6,3,9777,152,1,794.0,7.003
grasp,R207,R,2,17,16,831.4,3,13454,208,1,794.0,4.710
grasp,R207,R,2,18,17,848.2,3,15302,237,1,794.0,6.826
grasp,R207,R,2,19,18,856.6,3,26005,374,1,794.0,7.884
grasp,R207,R,2,20,19,859.1,3,13251,196,1,794.0,8.199
grasp,R207,R,2,21,20,848.7,3,13591,194,1,794.0,6.889
grasp,R207,R,2,22,21,831.3,3,28701,431,1,794.0,4.698
grasp,R207,R,2,23,22,834.4,3,9712,146,1,794.0,5.088
grasp,R207,R,2,24,23,842.3,3,9025,137,1,794.0,6.083
grasp,R207,R,2,25,24,860.7,3,16275,259,1,794.0,8.401
grasp,R207,R,2,26,25,862.6,3,11423,169,1,794.0,8.640
grasp,R207,R,2,27,26,832.4,3,18488,270,1,794.0,4.836
grasp,R207,R,2,28,27,842.5,3,19960,292,1,794.0,6.108
grasp,R207,R,2,29,28,848.8,3,14446,217,1,794.0,6.902
grasp,R207,R,2,30,29,862.7,3,10980,153,1,794.0,8.652
i1,R207,R,2,1,0,1169.9,3,0,0,1,794.0,47.343
rgrasp,R207,R,2,1,0,848.5,3,11244,152,1,794.0,6.864
rgrasp,R207,R,2,2,1,851.1,3,23449,329,1,794.0,7.191
rgrasp,R207,R,2,3,2,858.2,4,15308,221,1,794.0,8.086
rgrasp,R207,R,2,4,3,856.1,4,19127,258,1,794.0,7.821
rgrasp,R207,R,2,5,4,856.1,3,14042,194,1,794.0,7.821
rgrasp,R207,R,2,6,5,851.5,3,12133,168,1,794.0,7.242
rgrasp,R207,R,2,7,6,872.2,3,9356,135,1,794.0,9.849
rgrasp,R207,R,2,8,7,859.2,3,10966,155,1,794.0,8.212
rgrasp,R207,R,2,9,8,871.3,3,11832,160,1,794.0,9.736
rgrasp,R207,R,2,10,9,876.0,3,13688,183,1,794.0,10.327
rgrasp,R207,R,2,11,10,860.0,3,17490,227,1,794.0,8.312
rgrasp,R207,R,2,12,11,867.8,3,12533,168,1,794.0,9.295
rgrasp,R207,R,2,13,12,836.9,3,23446,311,1,794.0,5.403
rgrasp,R207,R,2,14,13,870.1,3,9172,136,1,794.0,9.584
rgrasp,R207,R,2,15,14,838.4,3,19535,282,1,794.0,5.592
rgrasp,R207,R,2,16,15,850.9,3,13391,183,1,794.0,7.166
rgrasp,R207,R,2,17,16,861.7,3,23612,307,1,794.0,8.526
rgrasp,R207,R,2,18,17,867.0,3,22472,313,1,794.0,9.194
rgrasp,R207,R,2,19,18,850.6,3,20258,265,1,794.0,7.128
rgrasp,R207,R,2,20,19,857.9,3,11985,169,1,794.0,8.048
rgrasp,R207,R,2,21,20,857.2,3,20378,296,1,794.0,7.960
rgrasp,R207,R,2,22,21,860.4,3,11714,154,1,794.0,8.363
rgrasp,R207,R,2,23,22,855.3,3,11127,160,1,794.0,7.720
rgrasp,R207,R,2,24,23,846.1,3,19970,263,1,794.0,6.562
rgrasp,R207,R,2,25,24,871.0,3,11611,156,1,794.0,9.698
rgrasp,R207,R,2,26,25,851.2,3,10499,156,1,794.0,7.204
rgrasp,R207,R,2,27,26,843.9,3,32075,432,1,794.0,6.285
rgrasp,R207,R,2,28,27,845.7,3,11642,166,1,794.0,6.511
rgrasp,R207,R,2,29,28,852.2,4,11217,147,1,794.0,7.330
rgrasp,R207,R,2,30,29,844.9,3,18103,267,1,794.0,6.411
tabu,R207,R,2,1,0,875.9,3,15495,1833,1,794.0,10.315
vnd,R207,R,2,1,0,940.7,3,49,0,1,794.0,18.476
grasp,R208,R,2,1,0,729.0,3,11251,164,1,701.0,3.994
grasp,R208,R,2,2,1,718.6,3,32097,443,1,701.0,2.511
grasp,R208,R,2,3,2,736.8,3,10023,151,1,701.0,5.107
grasp,R208,R,2,4,3,739.0,3,17899,249,1,701.0,5.421
grasp,R208,R,2,5,4,722.1,3,19327,276,1,701.0,3.010
grasp,R208,R,2,6,5,724.5,3,19927,276,1,701.0,3.352
grasp,R208,R,2,7,6,719.6,3,19414,279,1,701.0,2.653
grasp,R208,R,2,8,7,723.1,3,9450,145,1,701.0,3.153
grasp,R208,R,2,9,8,731.4,3,9468,141,1,701.0,4.337
grasp,R208,R,2,10,9,731.3,3,9280,146,1,701.0,4.322
grasp,R208,R,2,11,10,735.4,3,10911,166,1,701.0,4.907
grasp,R208,R,2,12,11,710.4,3,15023,233,1,701.0,1.341
grasp,R208,R,2,13,12,727.5,3,13574,191,1,701.0,3.780
grasp,R208,R,2,14,13,725.1,3,20775,297,1,701.0,3.438
grasp,R208,R,2,15,14,732.9,3,11171,174,1,701.0,4.551
grasp,R208,R,2,16,15,722.9,3,9982,151,1,701.0,3.124
grasp,R208,R,2,17,16,728.8,3,20641,303,1,701.0,3.966
grasp,R208,R,2,18,17,720.2,3,18582,264,1,701.0,2.739
grasp,R208,R,2,19,18,729.0,3,23432,333,1,701.0,3.994
grasp,R208,R,2,20,19,731.9,3,9585,141,1,701.0,4.408
grasp,R208,R,2,21,20,735.8,3,9349,146,1,701.0,4.964
grasp,R208,R,2,22,21,728.1,3,27890,403,1,701.0,3.866
grasp,R208,R,2,23,22,725.2,3,11150,154,1,701.0,3.452
grasp,R208,R,2,24,23,720.2,3,25021,350,1,701.0,2.739
grasp,R208,R,2,25,24,713.8,3,17899,255,1,701.0,1.826
grasp,R208,R,2,26,25,728.8,3,11312,174,1,701.0,3.966
grasp,R208,R,2,27,26,730.4,3,16320,254,1,701.0,4.194
grasp,R208,R,2,28,27,727.2,3,14878,231,1,701.0,3.738
grasp,R208,R,2,29,28,734.3,3,17989,262,1,701.0,4.750
grasp,R208,R,2,30,29,730.4,3,15396,216,1,701.0,4.194
i1,R208,R,2,1,0,974.0,3,0,0,1,701.0,38.944
rgrasp,R208,R,2,1,0,733.8,3,14186,195,1,701.0,4.679
rgrasp,R208,R,2,2,1,726.9,3,15033,199,1,701.0,3.695
rgrasp,R208,R,2,3,2,735.2,3,11190,159,1,701.0,4.879
rgrasp,R208,R,2,4,3,731.2,3,9738,138,1,701.0,4.308
rgrasp,R208,R,2,5,4,735.0,3,22515,289,1,701.0,4.850
rgrasp,R208,R,2,6,5,723.6,3,17357,236,1,701.0,3.224
rgrasp,R208,R,2,7,6,726.8,3,11388,148,1,701.0,3.680
rgrasp,R208,R,2,8,7,724.0,3,23817,347,1,701.0,3.281
rgrasp,R208,R,2,9,8,713.3,3,33390,437,1,701.0,1.755
rgrasp,R208,R,2,10,9,727.7,3,11504,165,1,701.0,3.809
rgrasp,R208,R,2,11,10,734.8,3,23452,298,1,701.0,4.822
rgrasp,R208,R,2,12,11,724.0,3,24559,328,1,701.0,3.281
rgrasp,R208,R,2,13,12,730.5,3,16793,216,1,701.0,4.208
rgrasp,R208,R,2,14,13,736.9,3,10018,139,1,701.0,5.121
rgrasp,R208,R,2,15,14,714.6,3,19485,279,1,701.0,1.940
rgrasp,R208,R,2,16,15,726.6,3,34597,462,1,701.0,3.652
rgrasp,R208,R,2,17,16,728.8,3,18516,239,1,701.0,3.966
rgrasp,R208,R,2,18,17,717.9,3,24477,314,1,701.0,2.411
rgrasp,R208,R,2,19,18,732.4,3,31126,422,1,701.0,4.479
rgrasp,R208,R,2,20,19,731.1,3,10046,137,1,701.0,4.294
rgrasp,R208,R,2,21,20,734.1,3,17043,250,1,701.0,4.722
rgrasp,R208,R,2,22,21,731.8,3,18029,256,1,701.0,4.394
rgrasp,R208,R,2,23,22,733.1,3,10383,144,1,701.0,4.579
rgrasp,R208,R,2,24,23,729.9,3,12949,163,1,701.0,4.123
rgrasp,R208,R,2,25,24,722.1,3,29044,387,1,701.0,3.010
rgrasp,R208,R,2,26,25,734.4,3,13861,196,1,701.0,4.765
rgrasp,R208,R,2,27,26,740.7,3,13357,175,1,701.0,5.663
rgrasp,R208,R,2,28,27,723.1,3,12673,170,1,701.0,3.153
rgrasp,R208,R,2,29,28,731.7,3,16829,238,1,701.0,4.379
rgrasp,R208,R,2,30,29,725.7,3,20673,293,1,701.0,3.524
tabu,R208,R,2,1,0,722.2,3,12786,1519,1,701.0,3.024
vnd,R208,R,2,1,0,821.9,3,51,0,1,701.0,17.247
grasp,R209,R,2,1,0,910.5,4,10662,220,1,854.8,6.516
grasp,R209,R,2,2,1,934.3,4,7313,151,1,854.8,9.300
grasp,R209,R,2,3,2,921.1,4,11061,205,1,854.8,7.756
grasp,R209,R,2,4,3,896.0,4,10880,207,1,854.8,4.820
grasp,R209,R,2,5,4,899.3,4,14555,292,1,854.8,5.206
grasp,R209,R,2,6,5,900.1,4,10674,200,1,854.8,5.299
grasp,R209,R,2,7,6,918.1,4,8299,169,1,854.8,7.405
grasp,R209,R,2,8,7,924.3,4,7716,144,1,854.8,8.131
grasp,R209,R,2,9,8,893.0,4,8658,170,1,854.8,4.469
grasp,R209,R,2,10,9,904.3,4,13606,251,1,854.8,5.791
grasp,R209,R,2,11,10,894.1,4,12577,230,1,854.8,4.598
grasp,R209,R,2,12,11,924.5,3,8516,171,1,854.8,8.154
grasp,R209,R,2,13,12,924.2,4,11948,245,1,854.8,8.119
grasp,R209,R,2,14,13,903.0,4,9563,181,1,854.8,5.639
grasp,R209,R,2,15,14,920.3,4,11568,216,1,854.8,7.663
grasp,R209,R,2,16,15,902.6,4,15799,303,1,854.8,5.592
grasp,R209,R,2,17,16,912.9,4,8603,159,1,854.8,6.797
grasp,R209,R,2,18,17,922.2,3,11746,224,1,854.8,7.885
grasp,R209,R,2,19,18,912.3,4,18355,382,1,854.8,6.727
grasp,R209,R,2,20,19,911.1,4,12318,229,1,854.8,6.586
grasp,R209,R,2,21,20,897.3,4,7274,149,1,854.8,4.972
grasp,R209,R,2,22,21,899.3,4,7971,162,1,854.8,5.206
grasp,R209,R,2,23,22,916.0,4,11300,219,1,854.8,7.160
grasp,R209,R,2,24,23,910.4,4,10486,202,1,854.8,6.504
grasp,R209,R,2,25,24,912.3,4,7986,147,1,854.8,6.727
grasp,R209,R,2,26,25,913.2,4,11880,240,1,854.8,6.832
grasp,R209,R,2,27,26,907.6,4,10426,198,1,854.8,6.177
grasp,R209,R,2,28,27,891.7,4,6554,135,1,854.8,4.317
grasp,R209,R,2,29,28,926.5,4,9003,173,1,854.8,8.388
grasp,R209,R,2,30,29,930.2,4,8959,185,1,854.8,8.821
i1,R209,R,2,1,0,1322.5,4,0,0,1,854.8,54.715
rgrasp,R209,R,2,1,0,930.2,4,11545,204,1,854.8,8.821
rgrasp,R209,R,2,2,1,898.9,4,6977,132,1,854.8,5.159
rgrasp,R209,R,2,3,2,897.4,4,14200,242,1,854.8,4.984
rgrasp,R209,R,2,4,3,923.2,4,10310,172,1,854.8,8.002
rgrasp,R209,R,2,5,4,911.5,4,13574,225,1,854.8,6.633
rgrasp,R209,R,2,6,5,933.1,4,9047,172,1,854.8,9.160
rgrasp,R209,R,2,7,6,919.0,4,20616,352,1,854.8,7.511
rgrasp,R209,R,2,8,7,919.5,4,11122,205,1,854.8,7.569
rgrasp,R209,R,2,9,8,909.0,4,7833,144,1,854.8,6.341
rgrasp,R209,R,2,10,9,910.4,4,15297,258,1,854.8,6.504
rgrasp,R209,R,2,11,10,935.4,4,8733,148,1,854.8,9.429
rgrasp,R209,R,2,12,11,898.6,4,8700,151,1,854.8,5.124
rgrasp,R209,R,2,13,12,899.3,4,15609,288,1,854.8,5.206
rgrasp,R209,R,2,14,13,925.2,4,11947,211,1,854.8,8.236
rgrasp,R209,R,2,15,14,913.5,4,8626,147,1,854.8,6.867
rgrasp,R209,R,2,16,15,920.1,4,14638,253,1,854.8,7.639
rgrasp,R209,R,2,17,16,911.0,4,16969,321,1,854.8,6.575
rgrasp,R209,R,2,18,17,911.2,4,10211,188,1,854.8,6.598
rgrasp,R209,R,2,19,18,929.2,4,11199,195,1,854.8,8.704
rgrasp,R209,R,2,20,19,906.4,4,8302,142,1,854.8,6.036
rgrasp,R209,R,2,21,20,899.3,4,21282,372,1,854.8,5.206
rgrasp,R209,R,2,22,21,910.2,4,11127,209,1,854.8,6.481
rgrasp,R209,R,2,23,22,912.7,4,17348,295,1,854.8,6.774
rgrasp,R209,R,2,24,23,927.0,4,11393,202,1,854.8,8.446
rgrasp,R209,R,2,25,24,901.0,4,12127,206,1,854.8,5.405
rgrasp,R209,R,2,26,25,907.8,4,8723,149,1,854.8,6.200
rgrasp,R209,R,2,27,26,917.2,4,11494,211,1,854.8,7.300
rgrasp,R209,R,2,28,27,893.8,4,7681,134,1,854.8,4.562
rgrasp,R209,R,2,29,28,910.5,4,11320,210,1,854.8,6.516
rgrasp,R209,R,2,30,29,905.8,4,24880,428,1,854.8,5.966
tabu,R209,R,2,1,0,933.3,4,11960,1712,1,854.8,9.183
vnd,R209,R,2,1,0,954.6,4,64,0,1,854.8,11.675
grasp,R210,R,2,1,0,974.8,4,9667,172,1,900.5,8.251
grasp,R210,R,2,2,1,957.1,4,17428,301,1,900.5,6.285
grasp,R210,R,2,3,2,967.6,4,9943,181,1,900.5,7.451
grasp,R210,R,2,4,3,953.5,4,12317,204,1,900.5,5.886
grasp,R210,R,2,5,4,971.5,4,12502,223,1,900.5,7.885
grasp,R210,R,2,6,5,968.2,4,10598,193,1,900.5,7.518
grasp,R210,R,2,7,6,940.8,4,22939,399,1,900.5,4.475
grasp,R210,R,2,8,7,963.7,4,11571,205,1,900.5,7.018
grasp,R210,R,2,9,8,949.1,4,8574,154,1,900.5,5.397
grasp,R210,R,2,10,9,946.7,4,25779,442,1,900.5,5.130
grasp,R210,R,2,11,10,942.6,4,21578,402,1,900.5,4.675
grasp,R210,R,2,12,11,966.3,4,8071,151,1,900.5,7.307
grasp,R210,R,2,13,12,960.7,4,15500,286,1,900.5,6.685
grasp,R210,R,2,14,13,967.4,4,8657,158,1,900.5,7.429
grasp,R210,R,2,15,14,966.9,4,8841,163,1,900.5,7.374
grasp,R210,R,2,16,15,942.1,4,17375,290,1,900.5,4.620
grasp,R210,R,2,17,16,957.1,4,16422,277,1,900.5,6.285
grasp,R210,R,2,18,17,944.0,4,20831,354,1,900.5,4.831
grasp,R210,R,2,19,18,947.9,4,8875,162,1,900.5,5.264
grasp,R210,R,2,20,19,958.3,4,8368,143,1,900.5,6.419
grasp,R210,R,2,21,20,953.8,4,15397,283,1,900.5,5.919
grasp,R210,R,2,22,21,952.2,4,17914,305,1,900.5,5.741
grasp,R210,R,2,23,22,965.2,4,7908,145,1,900.5,7.185
grasp,R210,R,2,24,23,943.0,4,16711,307,1,900.5,4.720
grasp,R210,R,2,25,24,952.9,4,11204,205,1,900.5,5.819
grasp,R210,R,2,26,25,961.8,4,7923,143,1,900.5,6.807
grasp,R210,R,2,27,26,970.7,4,8467,144,1,900.5,7.796
grasp,R210,R,2,28,27,953.1,4,9756,170,1,900.5,5.841
grasp,R210,R,2,29,28,952.7,4,17791,304,1,900.5,5.797
grasp,R210,R,2,30,29,942.4,4,13833,262,1,900.5,4.653
i1,R210,R,2,1,0,1404.0,4,0,0,1,900.5,55.913
rgrasp,R210,R,2,1,0,961.1,4,8834,138,1,900.5,6.730
rgrasp,R210,R,2,2,1,967.4,4,8596,134,1,900.5,7.429
rgrasp,R210,R,2,3,2,950.1,4,15085,254,1,900.5,5.508
rgrasp,R210,R,2,4,3,980.5,4,8573,132,1,900.5,8.884
rgrasp,R210,R,2,5,4,947.3,4,21136,325,1,900.5,5.197
rgrasp,R210,R,2,6,5,953.1,4,13774,219,1,900.5,5.841
rgrasp,R210,R,2,7,6,973.0,4,9168,146,1,900.5,8.051
rgrasp,R210,R,2,8,7,950.0,4,21633,334,1,900.5,5.497
rgrasp,R210,R,2,9,8,950.8,4,8718,150,1,900.5,5.586
rgrasp,R210,R,2,10,9,950.8,4,14405,229,1,900.5,5.586
rgrasp,R210,R,2,11,10,961.6,4,11948,192,1,900.5,6.785
rgrasp,R210,R,2,12,11,984.1,4,7924,134,1,900.5,9.284
rgrasp,R210,R,2,13,12,955.2,4,20215,342,1,900.5,6.074
rgrasp,R210,R,2,14,13,955.0,4,17264,290,1,900.5,6.052
rgrasp,R210,R,2,15,14,963.5,4,8432,134,1,900.5,6.996
rgrasp,R210,R,2,16,15,970.5,4,15856,253,1,900.5,7.773
rgrasp,R210,R,2,17,16,982.1,4,8424,143,1,900.5,9.062
rgrasp,R210,R,2,18,17,976.4,5,9981,159,1,900.5,8.429
rgrasp,R210,R,2,19,18,953.0,4,18679,292,1,900.5,5.830
rgrasp,R210,R,2,20,19,953.3,4,8722,149,1,900.5,5.863
rgrasp,R210,R,2,21,20,956.2,4,29780,459,1,900.5,6.185
rgrasp,R210,R,2,22,21,959.5,4,13804,229,1,900.5,6.552
rgrasp,R210,R,2,23,22,965.7,4,8056,132,1,900.5,7.240
rgrasp,R210,R,2,24,23,966.5,4,15250,238,1,900.5,7.329
rgrasp,R210,R,2,25,24,950.1,4,11656,197,1,900.5,5.508
rgrasp,R210,R,2,26,25,977.9,4,9220,151,1,900.5,8.595
rgrasp,R210,R,2,27,26,956.2,4,16342,253,1,900.5,6.185
rgrasp,R210,R,2,28,27,967.9,4,8279,142,1,900.5,7.485
rgrasp,R210,R,2,29,28,951.3,4,17939,281,1,900.5,5.641
rgrasp,R210,R,2,30,29,979.2,4,7910,136,1,900.5,8.740
tabu,R210,R,2,1,0,920.3,4,10570,1519,1,900.5,2.199
vnd,R210,R,2,1,0,1093.5,4,51,0,1,900.5,21.433
grasp,R211,R,2,1,0,810.0,3,15645,324,1,746.7,8.477
grasp,R211,R,2,2,1,812.8,3,17930,398,1,746.7,8.852
grasp,R211,R,2,3,2,830.0,3,9533,196,1,746.7,11.156
grasp,R211,R,2,4,3,809.7,3,6402,137,1,746.7,8.437
grasp,R211,R,2,5,4,810.5,3,17051,371,1,746.7,8.544
grasp,R211,R,2,6,5,811.0,3,12417,261,1,746.7,8.611
grasp,R211,R,2,7,6,811.4,3,8215,184,1,746.7,8.665
grasp,R211,R,2,8,7,811.1,3,7517,166,1,746.7,8.625
grasp,R211,R,2,9,8,814.9,3,7558,166,1,746.7,9.134
grasp,R211,R,2,10,9,822.4,3,12550,282,1,746.7,10.138
grasp,R211,R,2,11,10,818.1,3,18803,388,1,746.7,9.562
grasp,R211,R,2,12,11,817.5,3,11875,243,1,746.7,9.482
grasp,R211,R,2,13,12,831.0,3,8774,186,1,746.7,11.290
grasp,R211,R,2,14,13,823.9,3,6255,141,1,746.7,10.339
grasp,R211,R,2,15,14,826.6,3,13537,283,1,746.7,10.700
grasp,R211,R,2,16,15,819.2,3,11883,267,1,746.7,9.709
grasp,R211,R,2,17,16,808.8,3,18703,388,1,746.7,8.317
grasp,R211,R,2,18,17,814.9,3,17256,359,1,746.7,9.134
grasp,R211,R,2,19,18,823.3,3,8653,182,1,746.7,10.258
grasp,R211,R,2,20,19,811.6,3,14293,314,1,746.7,8.692
grasp,R211,R,2,21,20,832.0,3,14850,306,1,746.7,11.424
grasp,R211,R,2,22,21,827.3,3,9980,212,1,746.7,10.794
grasp,R211,R,2,23,22,824.5,3,7046,154,1,746.7,10.419
grasp,R211,R,2,24,23,829.3,3,9892,211,1,746.7,11.062
grasp,R211,R,2,25,24,808.9,3,12655,284,1,746.7,8.330
grasp,R211,R,2,26,25,787.0,3,16593,346,1,746.7,5.397
grasp,R211,R,2,27,26,807.6,3,9085,200,1,746.7,8.156
grasp,R211,R,2,28,27,818.3,3,7947,161,1,746.7,9.589
grasp,R211,R,2,29,28,824.2,3,9659,204,1,746.7,10.379
grasp,R211,R,2,30,29,828.2,3,10144,229,1,746.7,10.915
i1,R211,R,2,1,0,1013.4,3,0,0,1,746.7,35.717
rgrasp,R211,R,2,1,0,834.0,3,8481,173,1,746.7,11.691
rgrasp,R211,R,2,2,1,830.0,3,9881,189,1,746.7,11.156
rgrasp,R211,R,2,3,2,816.2,3,8722,156,1,746.7,9.308
rgrasp,R211,R,2,4,3,784.5,3,8484,164,1,746.7,5.062
rgrasp,R211,R,2,5,4,817.7,3,16162,295,1,746.7,9.509
rgrasp,R211,R,2,6,5,816.8,3,15149,289,1,746.7,9.388
rgrasp,R211,R,2,7,6,799.5,3,19068,334,1,746.7,7.071
rgrasp,R211,R,2,8,7,819.0,3,14365,259,1,746.7,9.683
rgrasp,R211,R,2,9,8,822.3,3,14559,259,1,746.7,10.125
rgrasp,R211,R,2,10,9,800.8,3,15524,305,1,746.7,7.245
rgrasp,R211,R,2,11,10,815.9,3,8064,141,1,746.7,9.267
rgrasp,R211,R,2,12,11,813.7,3,13625,259,1,746.7,8.973
rgrasp,R211,R,2,13,12,809.5,3,7730,152,1,746.7,8.410
rgrasp,R211,R,2,14,13,828.5,3,17252,338,1,746.7,10.955
rgrasp,R211,R,2,15,14,819.1,3,13799,250,1,746.7,9.696
rgrasp,R211,R,2,16,15,822.6,3,17967,324,1,746.7,10.165
rgrasp,R211,R,2,17,16,809.3,3,8931,180,1,746.7,8.384
rgrasp,R211,R,2,18,17,810.8,3,13250,245,1,746.7,8.584
rgrasp,R211,R,2,19,18,808.0,3,13417,248,1,746.7,8.209
rgrasp,R211,R,2,20,19,807.3,3,10702,199,1,746.7,8.116
rgrasp,R211,R,2,21,20,806.8,3,9671,181,1,746.7,8.049
rgrasp,R211,R,2,22,21,823.6,3,6525,135,1,746.7,10.299
rgrasp,R211,R,2,23,22,818.5,3,9277,161,1,746.7,9.616
rgrasp,R211,R,2,24,23,830.7,3,9372,166,1,746.7,11.249
rgrasp,R211,R,2,25,24,804.0,3,18267,344,1,746.7,7.674
rgrasp,R211,R,2,26,25,805.2,3,14415,261,1,746.7,7.834
rgrasp,R211,R,2,27,26,810.5,3,12381,236,1,746.7,8.544
rgrasp,R211,R,2,28,27,809.9,3,9468,173,1,746.7,8.464
rgrasp,R211,R,2,29,28,812.0,3,23324,430,1,746.7,8.745
rgrasp,R211,R,2,30,29,833.1,3,12753,253,1,746.7,11.571
tabu,R211,R,2,1,0,817.0,3,22558,2793,1,746.7,9.415
vnd,R211,R,2,1,0,929.0,3,28,0,1,746.7,24.414
grasp,RC101,RC,1,1,0,1665.3,17,4705,150,1,1619.8,2.809
grasp,RC101,RC,1,2,1,1656.8,17,8205,284,1,1619.8,2.284
grasp,RC101,RC,1,3,2,1670.4,17,5546,187,1,1619.8,3.124
grasp,RC101,RC,1,4,3,1665.1,16,4470,144,1,1619.8,2.797
grasp,RC101,RC,1,5,4,1662.3,17,6234,210,1,1619.8,2.624
grasp,RC101,RC,1,6,5,1643.6,17,4706,155,1,1619.8,1.469
grasp,RC101,RC,1,7,6,1665.6,17,3992,133,1,1619.8,2.828
grasp,RC101,RC,1,8,7,1665.6,17,4316,139,1,1619.8,2.828
grasp,RC101,RC,1,9,8,1658.4,17,8094,269,1,1619.8,2.383
grasp,RC101,RC,1,10,9,1658.8,16,10597,341,1,1619.8,2.408
grasp,RC101,RC,1,11,10,1653.6,17,4623,155,1,1619.8,2.087
grasp,RC101,RC,1,12,11,1657.9,17,4534,148,1,1619.8,2.352
grasp,RC101,RC,1,13,12,1661.5,17,8406,294,1,1619.8,2.574
grasp,RC101,RC,1,14,13,1666.2,17,8302,290,1,1619.8,2.865
grasp,RC101,RC,1,15,14,1656.8,17,10885,371,1,1619.8,2.284
grasp,RC101,RC,1,16,15,1659.4,18,6412,202,1,1619.8,2.445
grasp,RC101,RC,1,17,16,1657.4,16,11589,364,1,1619.8,2.321
grasp,RC101,RC,1,18,17,1648.9,17,5557,183,1,1619.8,1.797
grasp,RC101,RC,1,19,18,1662.2,16,7294,252,1,1619.8,2.618
grasp,RC101,RC,1,20,19,1656.8,17,13835,435,1,1619.8,2.284
grasp,RC101,RC,1,21,20,1664.7,17,5645,177,1,1619.8,2.772
grasp,RC101,RC,1,22,21,1660.9,17,7811,266,1,1619.8,2.537
grasp,RC101,RC,1,23,22,1657.6,17,5038,162,1,1619.8,2.334
grasp,RC101,RC,1,24,23,1662.4,16,5053,166,1,1619.8,2.630
grasp,RC101,RC,1,25,24,1665.3,17,4282,150,1,1619.8,2.809
grasp,RC101,RC,1,26,25,1653.0,17,4713,148,1,1619.8,2.050
grasp,RC101,RC,1,27,26,1660.3,17,6149,216,1,1619.8,2.500
grasp,RC101,RC,1,28,27,1643.6,17,4278,149,1,1619.8,1.469
grasp,RC101,RC,1,29,28,1658.2,17,6997,239,1,1619.8,2.371
grasp,RC101,RC,1,30,29,1657.4,16,6107,210,1,1619.8,2.321
i1,RC101,RC,1,1,0,1920.4,17,0,0,1,1619.8,18.558
rgrasp,RC101,RC,1,1,0,1644.6,17,8137,240,1,1619.8,1.531
rgrasp,RC101,RC,1,2,1,1661.0,17,9564,270,1,1619.8,2.544
rgrasp,RC101,RC,1,3,2,1656.8,17,7487,205,1,1619.8,2.284
rgrasp,RC101,RC,1,4,3,1658.8,16,7590,215,1,1619.8,2.408
rgrasp,RC101,RC,1,5,4,1658.9,17,9295,268,1,1619.8,2.414
rgrasp,RC101,RC,1,6,5,1661.7,16,7863,233,1,1619.8,2.587
rgrasp,RC101,RC,1,7,6,1653.9,17,8977,265,1,1619.8,2.105
rgrasp,RC101,RC,1,8,7,1660.5,17,7751,228,1,1619.8,2.513
rgrasp,RC101,RC,1,9,8,1654.7,16,5722,150,1,1619.8,2.155
rgrasp,RC101,RC,1,10,9,1659.4,17,8169,240,1,1619.8,2.445
rgrasp,RC101,RC,1,11,10,1665.6,16,11952,329,1,1619.8,2.828
rgrasp,RC101,RC,1,12,11,1661.6,17,5759,161,1,1619.8,2.581
rgrasp,RC101,RC,1,13,12,1661.8,17,9133,266,1,1619.8,2.593
rgrasp,RC101,RC,1,14,13,1662.8,17,8750,252,1,1619.8,2.655
rgrasp,RC101,RC,1,15,14,1665.2,17,5866,159,1,1619.8,2.803
rgrasp,RC101,RC,1,16,15,1657.4,16,6068,177,1,1619.8,2.321
rgrasp,RC101,RC,1,17,16,1662.8,17,10561,296,1,1619.8,2.655
rgrasp,RC101,RC,1,18,17,1656.8,17,10102,296,1,1619.8,2.284
rgrasp,RC101,RC,1,19,18,1658.9,17,7620,200,1,1619.8,2.414
rgrasp,RC101,RC,1,20,19,1670.2,17,4912,138,1,1619.8,3.111
rgrasp,RC101,RC,1,21,20,1661.8,17,10453,302,1,1619.8,2.593
rgrasp,RC101,RC,1,22,21,1670.9,17,4690,138,1,1619.8,3.155
rgrasp,RC101,RC,1,23,22,1663.0,17,4889,139,1,1619.8,2.667
rgrasp,RC101,RC,1,24,23,1667.6,17,6032,163,1,1619.8,2.951
rgrasp,RC101,RC,1,25,24,1656.8,17,9706,284,1,1619.8,2.284
rgrasp,RC101,RC,1,26,25,1658.7,17,9771,268,1,1619.8,2.402
rgrasp,RC101,RC,1,27,26,1657.2,16,16119,469,1,1619.8,2.309
rgrasp,RC101,RC,1,28,27,1661.8,17,5899,174,1,1619.8,2.593
rgrasp,RC101,RC,1,29,28,1665.8,16,5072,147,1,1619.8,2.840
rgrasp,RC101,RC,1,30,29,1653.8,17,5089,141,1,1619.8,2.099
tabu,RC101,RC,1,1,0,1663.3,17,3989,986,1,1619.8,2.686
vnd,RC101,RC,1,1,0,1691.1,17,24,0,1,1619.8,4.402
grasp,RC102,RC,1,1,0,1481.2,15,5565,163,1,1457.4,1.633
grasp,RC102,RC,1,2,1,1478.1,14,6891,206,1,1457.4,1.420
grasp,RC102,RC,1,3,2,1484.6,14,9758,306,1,1457.4,1.866
grasp,RC102,RC,1,4,3,1471.2,14,4510,140,1,1457.4,0.947
grasp,RC102,RC,1,5,4,1484.2,14,8889,280,1,1457.4,1.839
grasp,RC102,RC,1,6,5,1476.9,14,5815,180,1,1457.4,1.338
grasp,RC102,RC,1,7,6,1476.9,14,9537,292,1,1457.4,1.338
grasp,RC102,RC,1,8,7,1481.8,15,12929,403,1,1457.4,1.674
grasp,RC102,RC,1,9,8,1482.4,15,6648,208,1,1457.4,1.715
grasp,RC102,RC,1,10,9,1485.6,15,7326,225,1,1457.4,1.935
grasp,RC102,RC,1,11,10,1481.8,15,7284,226,1,1457.4,1.674
grasp,RC102,RC,1,12,11,1486.0,15,4543,142,1,1457.4,1.962
grasp,RC102,RC,1,13,12,1485.4,15,4735,139,1,1457.4,1.921
grasp,RC102,RC,1,14,13,1485.3,15,6324,196,1,1457.4,1.914
grasp,RC102,RC,1,15,14,1486.9,15,5928,173,1,1457.4,2.024
grasp,RC102,RC,1,16,15,1485.1,15,6010,176,1,1457.4,1.901
grasp,RC102,RC,1,17,16,1485.7,15,6097,185,1,1457.4,1.942
grasp,RC102,RC,1,18,17,1484.8,14,10257,324,1,1457.4,1.880
grasp,RC102,RC,1,19,18,1485.1,15,4789,147,1,1457.4,1.901
grasp,RC102,RC,1,20,19,1487.3,15,5251,159,1,1457.4,2.052
grasp,RC102,RC,1,21,20,1486.2,15,8511,258,1,1457.4,1.976
grasp,RC102,RC,1,22,21,1476.9,14,4537,139,1,1457.4,1.338
grasp,RC102,RC,1,23,22,1472.7,15,8892,259,1,1457.4,1.050
grasp,RC102,RC,1,24,23,1485.2,15,8351,254,1,1457.4,1.908
grasp,RC102,RC,1,25,24,1485.3,15,9899,311,1,1457.4,1.914
grasp,RC102,RC,1,26,25,1485.5,15,6116,186,1,1457.4,1.928
grasp,RC102,RC,1,27,26,1471.7,15,9340,275,1,1457.4,0.981
grasp,RC102,RC,1,28,27,1484.7,15,8197,262,1,1457.4,1.873
grasp,RC102,RC,1,29,28,1482.4,15,9325,293,1,1457.4,1.715
grasp,RC102,RC,1,30,29,1462.6,14,10998,339,1,1457.4,0.357
i1,RC102,RC,1,1,0,1813.3,15,0,0,1,1457.4,24.420
rgrasp,RC102,RC,1,1,0,1492.8,15,10946,274,1,1457.4,2.429
rgrasp,RC102,RC,1,2,1,1485.7,15,8600,218,1,1457.4,1.942
rgrasp,RC102,RC,1,3,2,1485.5,15,7939,211,1,1457.4,1.928
rgrasp,RC102,RC,1,4,3,1487.9,15,14294,372,1,1457.4,2.093
rgrasp,RC102,RC,1,5,4,1481.7,15,17345,457,1,1457.4,1.667
rgrasp,RC102,RC,1,6,5,1489.7,15,5446,133,1,1457.4,2.216
rgrasp,RC102,RC,1,7,6,1486.8,15,12130,304,1,1457.4,2.017
rgrasp,RC102,RC,1,8,7,1486.5,15,15959,415,1,1457.4,1.997
rgrasp,RC102,RC,1,9,8,1488.0,15,11347,299,1,1457.4,2.100
rgrasp,RC102,RC,1,10,9,1490.2,15,13122,332,1,1457.4,2.251
rgrasp,RC102,RC,1,11,10,1485.1,15,11916,296,1,1457.4,1.901
rgrasp,RC102,RC,1,12,11,1486.8,15,6841,176,1,1457.4,2.017
rgrasp,RC102,RC,1,13,12,1484.9,15,7912,196,1,1457.4,1.887
rgrasp,RC102,RC,1,14,13,1489.5,15,5208,134,1,1457.4,2.203
rgrasp,RC102,RC,1,15,14,1491.4,14,9128,239,1,1457.4,2.333
rgrasp,RC102,RC,1,16,15,1486.4,15,6893,182,1,1457.4,1.990
rgrasp,RC102,RC,1,17,16,1493.1,15,5961,153,1,1457.4,2.450
rgrasp,RC102,RC,1,18,17,1486.8,15,9246,243,1,1457.4,2.017
rgrasp,RC102,RC,1,19,18,1486.7,14,8013,205,1,1457.4,2.010
rgrasp,RC102,RC,1,20,19,1490.2,15,10579,276,1,1457.4,2.251
rgrasp,RC102,RC,1,21,20,1480.9,15,8853,228,1,1457.4,1.612
rgrasp,RC102,RC,1,22,21,1486.3,14,18802,486,1,1457.4,1.983
rgrasp,RC102,RC,1,23,22,1485.2,14,11720,293,1,1457.4,1.908
rgrasp,RC102,RC,1,24,23,1485.9,15,11878,310,1,1457.4,1.956
rgrasp,RC102,RC,1,25,24,1487.9,15,6954,177,1,1457.4,2.093
rgrasp,RC102,RC,1,26,25,1486.2,15,10784,278,1,1457.4,1.976
rgrasp,RC102,RC,1,27,26,1497.7,15,6230,151,1,1457.4,2.765
rgrasp,RC102,RC,1,28,27,1489.3,15,8067,217,1,1457.4,2.189
rgrasp,RC102,RC,1,29,28,1488.1,15,12964,320,1,1457.4,2.106
rgrasp,RC102,RC,1,30,29,1486.9,15,6126,160,1,1457.4,2.024
tabu,RC102,RC,1,1,0,1490.0,15,8737,2256,1,1457.4,2.237
vnd,RC102,RC,1,1,0,1544.1,15,41,0,1,1457.4,5.949
grasp,RC103,RC,1,1,0,1301.9,11,6480,187,1,1258.0,3.490
grasp,RC103,RC,1,2,1,1303.8,12,6666,188,1,1258.0,3.641
grasp,RC103,RC,1,3,2,1301.1,12,6378,181,1,1258.0,3.426
grasp,RC103,RC,1,4,3,1296.9,12,11023,309,1,1258.0,3.092
grasp,RC103,RC,1,5,4,1311.4,12,8133,231,1,1258.0,4.245
grasp,RC103,RC,1,6,5,1309.8,12,7277,210,1,1258.0,4.118
grasp,RC103,RC,1,7,6,1307.7,12,5200,146,1,1258.0,3.951
grasp,RC103,RC,1,8,7,1310.7,12,4921,142,1,1258.0,4.189
grasp,RC103,RC,1,9,8,1316.4,12,7275,203,1,1258.0,4.642
grasp,RC103,RC,1,10,9,1285.2,11,8755,253,1,1258.0,2.162
grasp,RC103,RC,1,11,10,1304.4,12,10535,297,1,1258.0,3.688
grasp,RC103,RC,1,12,11,1301.4,12,10643,306,1,1258.0,3.450
grasp,RC103,RC,1,13,12,1315.1,12,5746,162,1,1258.0,4.539
grasp,RC103,RC,1,14,13,1294.1,12,7699,219,1,1258.0,2.870
grasp,RC103,RC,1,15,14,1311.2,12,8135,236,1,1258.0,4.229
grasp,RC103,RC,1,16,15,1289.2,12,8177,235,1,1258.0,2.480
grasp,RC103,RC,1,17,16,1299.8,11,8207,232,1,1258.0,3.323
grasp,RC103,RC,1,18,17,1302.6,12,17674,499,1,1258.0,3.545
grasp,RC103,RC,1,19,18,1292.2,12,11476,330,1,1258.0,2.719
grasp,RC103,RC,1,20,19,1310.2,12,6024,169,1,1258.0,4.149
grasp,RC103,RC,1,21,20,1296.6,12,7598,219,1,1258.0,3.068
grasp,RC103,RC,1,22,21,1302.6,12,9850,284,1,1258.0,3.545
grasp,RC103,RC,1,23,22,1301.1,11,4951,145,1,1258.0,3.426
grasp,RC103,RC,1,24,23,1275.4,11,6893,194,1,1258.0,1.383
grasp,RC103,RC,1,25,24,1316.0,12,9066,262,1,1258.0,4.610
grasp,RC103,RC,1,26,25,1303.8,11,13040,367,1,1258.0,3.641
grasp,RC103,RC,1,27,26,1308.8,12,10538,295,1,1258.0,4.038
grasp,RC103,RC,1,28,27,1321.2,12,4990,142,1,1258.0,5.024
grasp,RC103,RC,1,29,28,1305.5,12,9047,251,1,1258.0,3.776
grasp,RC103,RC,1,30,29,1294.9,12,10389,285,1,1258.0,2.933
i1,RC103,RC,1,1,0,1544.5,12,0,0,1,1258.0,22.774
rgrasp,RC103,RC,1,1,0,1325.8,12,6639,164,1,1258.0,5.390
rgrasp,RC103,RC,1,2,1,1317.2,12,6130,148,1,1258.0,4.706
rgrasp,RC103,RC,1,3,2,1315.4,12,8338,206,1,1258.0,4.563
rgrasp,RC103,RC,1,4,3,1325.4,12,5584,135,1,1258.0,5.358
rgrasp,RC103,RC,1,5,4,1310.8,12,18851,450,1,1258.0,4.197
rgrasp,RC103,RC,1,6,5,1328.2,12,10384,248,1,1258.0,5.580
rgrasp,RC103,RC,1,7,6,1303.7,11,9905,242,1,1258.0,3.633
rgrasp,RC103,RC,1,8,7,1309.6,12,8787,205,1,1258.0,4.102
rgrasp,RC103,RC,1,9,8,1322.5,12,10230,259,1,1258.0,5.127
rgrasp,RC103,RC,1,10,9,1317.9,12,6293,150,1,1258.0,4.762
rgrasp,RC103,RC,1,11,10,1320.7,12,8172,198,1,1258.0,4.984
rgrasp,RC103,RC,1,12,11,1308.7,12,12854,313,1,1258.0,4.030
rgrasp,RC103,RC,1,13,12,1326.3,12,6551,162,1,1258.0,5.429
rgrasp,RC103,RC,1,14,13,1311.7,12,15996,380,1,1258.0,4.269
rgrasp,RC103,RC,1,15,14,1288.8,11,10873,261,1,1258.0,2.448
rgrasp,RC103,RC,1,16,15,1302.9,11,5480,133,1,1258.0,3.569
rgrasp,RC103,RC,1,17,16,1303.8,12,6549,151,1,1258.0,3.641
rgrasp,RC103,RC,1,18,17,1297.6,11,5776,133,1,1258.0,3.148
rgrasp,RC103,RC,1,19,18,1302.8,12,9103,223,1,1258.0,3.561
rgrasp,RC103,RC,1,20,19,1309.4,12,7379,172,1,1258.0,4.086
rgrasp,RC103,RC,1,21,20,1311.0,12,8308,209,1,1258.0,4.213
rgrasp,RC103,RC,1,22,21,1318.3,12,12526,310,1,1258.0,4.793
rgrasp,RC103,RC,1,23,22,1316.4,12,7712,188,1,1258.0,4.642
rgrasp,RC103,RC,1,24,23,1313.4,12,8744,209,1,1258.0,4.404
rgrasp,RC103,RC,1,25,24,1312.0,12,7693,180,1,1258.0,4.293
rgrasp,RC103,RC,1,26,25,1301.9,12,10337,245,1,1258.0,3.490
rgrasp,RC103,RC,1,27,26,1326.3,12,7320,176,1,1258.0,5.429
rgrasp,RC103,RC,1,28,27,1303.3,11,13242,318,1,1258.0,3.601
rgrasp,RC103,RC,1,29,28,1309.8,12,19911,470,1,1258.0,4.118
rgrasp,RC103,RC,1,30,29,1284.0,11,19237,466,1,1258.0,2.067
tabu,RC103,RC,1,1,0,1344.7,12,6132,1445,1,1258.0,6.892
vnd,RC103,RC,1,1,0,1403.1,12,25,0,1,1258.0,11.534
grasp,RC104,RC,1,1,0,1170.8,11,7445,231,1,1132.3,3.400
grasp,RC104,RC,1,2,1,1161.1,11,4303,133,1,1132.3,2.543
grasp,RC104,RC,1,3,2,1162.5,11,10224,329,1,1132.3,2.667
grasp,RC104,RC,1,4,3,1171.6,10,4340,137,1,1132.3,3.471
grasp,RC104,RC,1,5,4,1172.9,10,8202,269,1,1132.3,3.586
grasp,RC104,RC,1,6,5,1167.1,11,6462,208,1,1132.3,3.073
grasp,RC104,RC,1,7,6,1162.7,11,10671,339,1,1132.3,2.685
grasp,RC104,RC,1,8,7,1164.6,11,8491,273,1,1132.3,2.853
grasp,RC104,RC,1,9,8,1165.9,10,4793,152,1,1132.3,2.967
grasp,RC104,RC,1,10,9,1162.2,10,5357,167,1,1132.3,2.641
grasp,RC104,RC,1,11,10,1166.1,11,8443,267,1,1132.3,2.985
grasp,RC104,RC,1,12,11,1172.5,11,7940,258,1,1132.3,3.550
grasp,RC104,RC,1,13,12,1163.3,10,6370,196,1,1132.3,2.738
grasp,RC104,RC,1,14,13,1172.3,11,7315,234,1,1132.3,3.533
grasp,RC104,RC,1,15,14,1175.4,11,9913,317,1,1132.3,3.806
grasp,RC104,RC,1,16,15,1170.5,11,5821,181,1,1132.3,3.374
grasp,RC104,RC,1,17,16,1177.7,11,6179,197,1,1132.3,4.010
grasp,RC104,RC,1,18,17,1173.9,11,8200,260,1,1132.3,3.674
grasp,RC104,RC,1,19,18,1174.1,10,9768,310,1,1132.3,3.692
grasp,RC104,RC,1,20,19,1174.9,11,4184,136,1,1132.3,3.762
grasp,RC104,RC,1,21,20,1173.3,11,7154,223,1,1132.3,3.621
grasp,RC104,RC,1,22,21,1168.6,11,5039,166,1,1132.3,3.206
grasp,RC104,RC,1,23,22,1175.1,11,6395,193,1,1132.3,3.780
grasp,RC104,RC,1,24,23,1175.1,10,4679,151,1,1132.3,3.780
grasp,RC104,RC,1,25,24,1162.1,10,7681,242,1,1132.3,2.632
grasp,RC104,RC,1,26,25,1168.5,11,7096,228,1,1132.3,3.197
grasp,RC104,RC,1,27,26,1171.8,11,11532,358,1,1132.3,3.488
grasp,RC104,RC,1,28,27,1178.3,10,4303,135,1,1132.3,4.063
grasp,RC104,RC,1,29,28,1177.9,10,4426,141,1,1132.3,4.027
grasp,RC104,RC,1,30,29,1172.1,11,6696,215,1,1132.3,3.515
i1,RC104,RC,1,1,0,1380.6,12,0,0,1,1132.3,21.929
rgrasp,RC104,RC,1,1,0,1169.3,11,7965,199,1,1132.3,3.268
rgrasp,RC104,RC,1,2,1,1175.4,11,7769,186,1,1132.3,3.806
rgrasp,RC104,RC,1,3,2,1169.1,11,14243,339,1,1132.3,3.250
rgrasp,RC104,RC,1,4,3,1169.3,11,7869,186,1,1132.3,3.268
rgrasp,RC104,RC,1,5,4,1175.4,11,10437,239,1,1132.3,3.806
rgrasp,RC104,RC,1,6,5,1172.2,11,10670,256,1,1132.3,3.524
rgrasp,RC104,RC,1,7,6,1174.9,11,5392,133,1,1132.3,3.762
rgrasp,RC104,RC,1,8,7,1178.4,11,6830,163,1,1132.3,4.071
rgrasp,RC104,RC,1,9,8,1162.1,11,8545,201,1,1132.3,2.632
rgrasp,RC104,RC,1,10,9,1184.0,11,7011,165,1,1132.3,4.566
rgrasp,RC104,RC,1,11,10,1164.4,10,9360,228,1,1132.3,2.835
rgrasp,RC104,RC,1,12,11,1174.7,11,8148,194,1,1132.3,3.745
rgrasp,RC104,RC,1,13,12,1184.6,11,10572,257,1,1132.3,4.619
rgrasp,RC104,RC,1,14,13,1179.6,11,11618,285,1,1132.3,4.177
rgrasp,RC104,RC,1,15,14,1174.6,11,8372,207,1,1132.3,3.736
rgrasp,RC104,RC,1,16,15,1183.9,11,6978,162,1,1132.3,4.557
rgrasp,RC104,RC,1,17,16,1181.1,11,7269,174,1,1132.3,4.310
rgrasp,RC104,RC,1,18,17,1179.5,11,7908,187,1,1132.3,4.169
rgrasp,RC104,RC,1,19,18,1179.0,11,7797,186,1,1132.3,4.124
rgrasp,RC104,RC,1,20,19,1164.0,11,8202,191,1,1132.3,2.800
rgrasp,RC104,RC,1,21,20,1176.7,11,15567,386,1,1132.3,3.921
rgrasp,RC104,RC,1,22,21,1176.0,11,6855,160,1,1132.3,3.859
rgrasp,RC104,RC,1,23,22,1177.4,11,9177,224,1,1132.3,3.983
rgrasp,RC104,RC,1,24,23,1159.2,11,15012,355,1,1132.3,2.376
rgrasp,RC104,RC,1,25,24,1180.5,11,7315,176,1,1132.3,4.257
rgrasp,RC104,RC,1,26,25,1179.8,11,8192,190,1,1132.3,4.195
rgrasp,RC104,RC,1,27,26,1156.3,11,7295,179,1,1132.3,2.120
rgrasp,RC104,RC,1,28,27,1162.5,11,8207,198,1,1132.3,2.667
rgrasp,RC104,RC,1,29,28,1167.8,11,6407,149,1,1132.3,3.135
rgrasp,RC104,RC,1,30,29,1161.9,11,14405,352,1,1132.3,2.614
tabu,RC104,RC,1,1,0,1183.5,12,11853,2665,1,1132.3,4.522
vnd,RC104,RC,1,1,0,1203.8,12,32,0,1,1132.3,6.315
grasp,RC105,RC,1,1,0,1552.9,16,8806,303,1,1513.7,2.590
grasp,RC105,RC,1,2,1,1565.9,16,7856,258,1,1513.7,3.449
grasp,RC105,RC,1,3,2,1551.3,16,6792,230,1,1513.7,2.484
grasp,RC105,RC,1,4,3,1555.4,16,5075,169,1,1513.7,2.755
grasp,RC105,RC,1,5,4,1550.2,15,4371,134,1,1513.7,2.411
grasp,RC105,RC,1,6,5,1551.9,15,11924,393,1,1513.7,2.524
grasp,RC105,RC,1,7,6,1549.5,16,5363,171,1,1513.7,2.365
grasp,RC105,RC,1,8,7,1550.5,16,6162,207,1,1513.7,2.431
grasp,RC105,RC,1,9,8,1549.2,16,7461,253,1,1513.7,2.345
grasp,RC105,RC,1,10,9,1546.0,15,13218,446,1,1513.7,2.134
grasp,RC105,RC,1,11,10,1549.2,16,9796,342,1,1513.7,2.345
grasp,RC105,RC,1,12,11,1558.4,16,4265,151,1,1513.7,2.953
grasp,RC105,RC,1,13,12,1548.8,16,10245,333,1,1513.7,2.319
grasp,RC105,RC,1,14,13,1558.7,16,7140,249,1,1513.7,2.973
grasp,RC105,RC,1,15,14,1554.5,16,10335,341,1,1513.7,2.695
grasp,RC105,RC,1,16,15,1557.2,16,5627,186,1,1513.7,2.874
grasp,RC105,RC,1,17,16,1540.1,16,7517,241,1,1513.7,1.744
grasp,RC105,RC,1,18,17,1553.8,16,9807,319,1,1513.7,2.649
grasp,RC105,RC,1,19,18,1556.5,15,4458,147,1,1513.7,2.828
grasp,RC105,RC,1,20,19,1559.8,15,6158,196,1,1513.7,3.046
grasp,RC105,RC,1,21,20,1543.5,15,14260,448,1,1513.7,1.969
grasp,RC105,RC,1,22,21,1544.1,16,7841,270,1,1513.7,2.008
grasp,RC105,RC,1,23,22,1549.7,16,5648,192,1,1513.7,2.378
grasp,RC105,RC,1,24,23,1559.6,16,5230,179,1,1513.7,3.032
grasp,RC105,RC,1,25,24,1558.6,16,5071,173,1,1513.7,2.966
grasp,RC105,RC,1,26,25,1558.4,16,8772,287,1,1513.7,2.953
grasp,RC105,RC,1,27,26,1553.2,16,5401,190,1,1513.7,2.609
grasp,RC105,RC,1,28,27,1555.0,16,5701,190,1,1513.7,2.728
grasp,RC105,RC,1,29,28,1554.9,16,7114,241,1,1513.7,2.722
grasp,RC105,RC,1,30,29,1547.7,16,4412,152,1,1513.7,2.246
i1,RC105,RC,1,1,0,1838.0,16,0,0,1,1513.7,21.424
rgrasp,RC105,RC,1,1,0,1530.2,15,7469,193,1,1513.7,1.090
rgrasp,RC105,RC,1,2,1,1548.3,16,6567,173,1,1513.7,2.286
rgrasp,RC105,RC,1,3,2,1552.8,16,7681,206,1,1513.7,2.583
rgrasp,RC105,RC,1,4,3,1563.8,15,9154,241,1,1513.7,3.310
rgrasp,RC105,RC,1,5,4,1554.7,15,6066,168,1,1513.7,2.709
rgrasp,RC105,RC,1,6,5,1535.3,16,4930,135,1,1513.7,1.427
rgrasp,RC105,RC,1,7,6,1558.1,16,4924,134,1,1513.7,2.933
rgrasp,RC105,RC,1,8,7,1557.9,17,11253,288,1,1513.7,2.920
rgrasp,RC105,RC,1,9,8,1521.2,15,6903,188,1,1513.7,0.495
rgrasp,RC105,RC,1,10,9,1549.5,17,7913,219,1,1513.7,2.365
rgrasp,RC105,RC,1,11,10,1556.3,16,5880,158,1,1513.7,2.814
rgrasp,RC105,RC,1,12,11,1552.7,15,10658,296,1,1513.7,2.576
rgrasp,RC105,RC,1,13,12,1571.2,16,10153,279,1,1513.7,3.799
rgrasp,RC105,RC,1,14,13,1539.4,16,14201,385,1,1513.7,1.698
rgrasp,RC105,RC,1,15,14,1533.5,15,17600,463,1,1513.7,1.308
rgrasp,RC105,RC,1,16,15,1562.5,16,7175,199,1,1513.7,3.224
rgrasp,RC105,RC,1,17,16,1551.8,16,10855,294,1,1513.7,2.517
rgrasp,RC105,RC,1,18,17,1570.0,17,5275,141,1,1513.7,3.719
rgrasp,RC105,RC,1,19,18,1542.9,15,17487,480,1,1513.7,1.929
rgrasp,RC105,RC,1,20,19,1551.3,16,6392,177,1,1513.7,2.484
rgrasp,RC105,RC,1,21,20,1546.6,16,12523,327,1,1513.7,2.173
rgrasp,RC105,RC,1,22,21,1556.6,16,14820,406,1,1513.7,2.834
rgrasp,RC105,RC,1,23,22,1550.3,16,10492,273,1,1513.7,2.418
rgrasp,RC105,RC,1,24,23,1554.0,16,7338,194,1,1513.7,2.662
rgrasp,RC105,RC,1,25,24,1560.2,17,8080,217,1,1513.7,3.072
rgrasp,RC105,RC,1,26,25,1549.3,16,5998,165,1,1513.7,2.352
rgrasp,RC105,RC,1,27,26,1557.2,16,18663,500,1,1513.7,2.874
rgrasp,RC105,RC,1,28,27,1555.6,16,9100,253,1,1513.7,2.768
rgrasp,RC105,RC,1,29,28,1557.8,17,5718,147,1,1513.7,2.913
rgrasp,RC105,RC,1,30,29,1536.2,16,11562,311,1,1513.7,1.486
tabu,RC105,RC,1,1,0,1524.5,15,3845,1030,1,1513.7,0.713
vnd,RC105,RC,1,1,0,1599.6,15,29,0,1,1513.7,5.675
grasp,RC106,RC,1,1,0,1430.4,14,6854,231,1,1372.7,4.203
grasp,RC106,RC,1,2,1,1425.3,14,6518,216,1,1372.7,3.832
grasp,RC106,RC,1,3,2,1427.2,14,7691,257,1,1372.7,3.970
grasp,RC106,RC,1,4,3,1411.7,13,8120,267,1,1372.7,2.841
grasp,RC106,RC,1,5,4,1420.7,14,9263,300,1,1372.7,3.497
grasp,RC106,RC,1,6,5,1411.2,13,14646,492,1,1372.7,2.805
grasp,RC106,RC,1,7,6,1418.6,13,8149,275,1,1372.7,3.344
grasp,RC106,RC,1,8,7,1413.2,14,8589,278,1,1372.7,2.950
grasp,RC106,RC,1,9,8,1434.2,14,4405,142,1,1372.7,4.480
grasp,RC106,RC,1,10,9,1420.0,13,4496,162,1,1372.7,3.446
grasp,RC106,RC,1,11,10,1424.0,14,9840,340,1,1372.7,3.737
grasp,RC106,RC,1,12,11,1421.3,13,4042,136,1,1372.7,3.540
grasp,RC106,RC,1,13,12,1413.7,14,9774,336,1,1372.7,2.987
grasp,RC106,RC,1,14,13,1414.3,13,4498,153,1,1372.7,3.031
grasp,RC106,RC,1,15,14,1419.0,14,6057,209,1,1372.7,3.373
grasp,RC106,RC,1,16,15,1414.4,13,4934,166,1,1372.7,3.038
grasp,RC106,RC,1,17,16,1419.0,14,5326,176,1,1372.7,3.373
grasp,RC106,RC,1,18,17,1416.5,13,4075,143,1,1372.7,3.191
grasp,RC106,RC,1,19,18,1421.3,13,6405,209,1,1372.7,3.540
grasp,RC106,RC,1,20,19,1422.9,14,6783,227,1,1372.7,3.657
grasp,RC106,RC,1,21,20,1425.1,14,5841,202,1,1372.7,3.817
grasp,RC106,RC,1,22,21,1417.8,13,10176,350,1,1372.7,3.285
grasp,RC106,RC,1,23,22,1414.9,13,7684,257,1,1372.7,3.074
grasp,RC106,RC,1,24,23,1403.3,14,7087,251,1,1372.7,2.229
grasp,RC106,RC,1,25,24,1416.9,14,6053,206,1,1372.7,3.220
grasp,RC106,RC,1,26,25,1411.1,14,8117,260,1,1372.7,2.797
grasp,RC106,RC,1,27,26,1412.6,14,8718,280,1,1372.7,2.907
grasp,RC106,RC,1,28,27,1417.0,14,4750,164,1,1372.7,3.227
grasp,RC106,RC,1,29,28,1416.1,13,8069,278,1,1372.7,3.162
grasp,RC106,RC,1,30,29,1418.7,14,4423,152,1,1372.7,3.351
i1,RC106,RC,1,1,0,1726.5,14,0,0,1,1372.7,25.774
rgrasp,RC106,RC,1,1,0,1419.6,14,5384,134,1,1372.7,3.417
rgrasp,RC106,RC,1,2,1,1426.4,14,4814,135,1,1372.7,3.912
rgrasp,RC106,RC,1,3,2,1414.1,13,15310,409,1,1372.7,3.016
rgrasp,RC106,RC,1,4,3,1424.7,14,10358,276,1,1372.7,3.788
rgrasp,RC106,RC,1,5,4,1410.4,14,11076,298,1,1372.7,2.746
rgrasp,RC106,RC,1,6,5,1426.4,14,7517,201,1,1372.7,3.912
rgrasp,RC106,RC,1,7,6,1424.6,14,9144,244,1,1372.7,3.781
rgrasp,RC106,RC,1,8,7,1419.7,14,7151,183,1,1372.7,3.424
rgrasp,RC106,RC,1,9,8,1424.5,15,6034,161,1,1372.7,3.774
rgrasp,RC106,RC,1,10,9,1411.3,13,8868,241,1,1372.7,2.812
rgrasp,RC106,RC,1,11,10,1417.3,14,8686,237,1,1372.7,3.249
rgrasp,RC106,RC,1,12,11,1417.2,13,14762,391,1,1372.7,3.242
rgrasp,RC106,RC,1,13,12,1415.8,14,10241,268,1,1372.7,3.140
rgrasp,RC106,RC,1,14,13,1428.1,14,5903,152,1,1372.7,4.036
rgrasp,RC106,RC,1,15,14,1414.0,14,6514,160,1,1372.7,3.009
rgrasp,RC106,RC,1,16,15,1423.4,14,8088,208,1,1372.7,3.693
rgrasp,RC106,RC,1,17,16,1412.6,13,8079,219,1,1372.7,2.907
rgrasp,RC106,RC,1,18,17,1407.3,13,15131,398,1,1372.7,2.521
rgrasp,RC106,RC,1,19,18,1417.1,14,10111,275,1,1372.7,3.235
rgrasp,RC106,RC,1,20,19,1424.3,13,5588,154,1,1372.7,3.759
rgrasp,RC106,RC,1,21,20,1418.2,14,5165,132,1,1372.7,3.315
rgrasp,RC106,RC,1,22,21,1413.2,14,5236,142,1,1372.7,2.950
rgrasp,RC106,RC,1,23,22,1428.9,14,5123,137,1,1372.7,4.094
rgrasp,RC106,RC,1,24,23,1417.0,14,9233,252,1,1372.7,3.227
rgrasp,RC106,RC,1,25,24,1413.2,13,11891,322,1,1372.7,2.950
rgrasp,RC106,RC,1,26,25,1420.4,14,9500,262,1,1372.7,3.475
rgrasp,RC106,RC,1,27,26,1410.4,14,8573,230,1,1372.7,2.746
rgrasp,RC106,RC,1,28,27,1418.2,14,12354,260,1,1372.7,3.315
rgrasp,RC106,RC,1,29,28,1416.6,14,7716,212,1,1372.7,3.198
rgrasp,RC106,RC,1,30,29,1396.8,13,11318,314,1,1372.7,1.756
tabu,RC106,RC,1,1,0,1426.8,14,7991,2035,1,1372.7,3.941
vnd,RC106,RC,1,1,0,1538.3,14,25,0,1,1372.7,12.064
grasp,RC107,RC,1,1,0,1244.3,13,4578,154,1,1207.8,3.022
grasp,RC107,RC,1,2,1,1231.3,12,12487,427,1,1207.8,1.946
grasp,RC107,RC,1,3,2,1270.9,12,4967,159,1,1207.8,5.224
grasp,RC107,RC,1,4,3,1255.1,12,5679,193,1,1207.8,3.916
grasp,RC107,RC,1,5,4,1258.5,13,9142,312,1,1207.8,4.198
grasp,RC107,RC,1,6,5,1265.8,12,5371,180,1,1207.8,4.802
grasp,RC107,RC,1,7,6,1259.3,12,4844,165,1,1207.8,4.264
grasp,RC107,RC,1,8,7,1262.1,12,7162,233,1,1207.8,4.496
grasp,RC107,RC,1,9,8,1235.5,12,6144,210,1,1207.8,2.293
grasp,RC107,RC,1,10,9,1254.0,12,11985,413,1,1207.8,3.825
grasp,RC107,RC,1,11,10,1258.8,13,5818,192,1,1207.8,4.223
grasp,RC107,RC,1,12,11,1262.6,13,8697,288,1,1207.8,4.537
grasp,RC107,RC,1,13,12,1245.3,12,8574,282,1,1207.8,3.105
grasp,RC107,RC,1,14,13,1253.7,13,8041,271,1,1207.8,3.800
grasp,RC107,RC,1,15,14,1267.3,13,8644,305,1,1207.8,4.926
grasp,RC107,RC,1,16,15,1261.5,12,6710,224,1,1207.8,4.446
grasp,RC107,RC,1,17,16,1252.5,12,7699,263,1,1207.8,3.701
grasp,RC107,RC,1,18,17,1273.4,12,6477,219,1,1207.8,5.431
grasp,RC107,RC,1,19,18,1261.9,13,5512,187,1,1207.8,4.479
grasp,RC107,RC,1,20,19,1260.8,13,8548,286,1,1207.8,4.388
grasp,RC107,RC,1,21,20,1259.8,12,6342,205,1,1207.8,4.305
grasp,RC107,RC,1,22,21,1262.3,12,7837,271,1,1207.8,4.512
grasp,RC107,RC,1,23,22,1268.2,12,4373,141,1,1207.8,5.001
grasp,RC107,RC,1,24,23,1273.5,13,5243,171,1,1207.8,5.440
grasp,RC107,RC,1,25,24,1254.7,12,3893,140,1,1207.8,3.883
grasp,RC107,RC,1,26,25,1268.6,13,6073,205,1,1207.8,5.034
grasp,RC107,RC,1,27,26,1253.3,13,5704,195,1,1207.8,3.767
grasp,RC107,RC,1,28,27,1220.9,12,5310,172,1,1207.8,1.085
grasp,RC107,RC,1,29,28,1267.4,13,14417,482,1,1207.8,4.935
grasp,RC107,RC,1,30,29,1260.9,13,6459,215,1,1207.8,4.396
i1,RC107,RC,1,1,0,1587.4,13,0,0,1,1207.8,31.429
rgrasp,RC107,RC,1,1,0,1235.5,12,11349,293,1,1207.8,2.293
rgrasp,RC107,RC,1,2,1,1270.9,12,9532,251,1,1207.8,5.224
rgrasp,RC107,RC,1,3,2,1268.9,13,7394,180,1,1207.8,5.059
rgrasp,RC107,RC,1,4,3,1250.3,12,7752,194,1,1207.8,3.519
rgrasp,RC107,RC,1,5,4,1281.9,13,8256,213,1,1207.8,6.135
rgrasp,RC107,RC,1,6,5,1222.3,12,7121,182,1,1207.8,1.201
rgrasp,RC107,RC,1,7,6,1269.7,13,8349,202,1,1207.8,5.125
rgrasp,RC107,RC,1,8,7,1260.0,12,5089,133,1,1207.8,4.322
rgrasp,RC107,RC,1,9,8,1272.5,12,9409,241,1,1207.8,5.357
rgrasp,RC107,RC,1,10,9,1275.4,13,5318,135,1,1207.8,5.597
rgrasp,RC107,RC,1,11,10,1278.8,13,5407,133,1,1207.8,5.878
rgrasp,RC107,RC,1,12,11,1278.6,12,6699,166,1,1207.8,5.862
rgrasp,RC107,RC,1,13,12,1245.3,12,9897,251,1,1207.8,3.105
rgrasp,RC107,RC,1,14,13,1252.4,12,9494,243,1,1207.8,3.693
rgrasp,RC107,RC,1,15,14,1240.7,12,11962,307,1,1207.8,2.724
rgrasp,RC107,RC,1,16,15,1255.5,12,11684,303,1,1207.8,3.949
rgrasp,RC107,RC,1,17,16,1259.5,13,5738,151,1,1207.8,4.281
rgrasp,RC107,RC,1,18,17,1271.9,13,5707,145,1,1207.8,5.307
rgrasp,RC107,RC,1,19,18,1256.1,12,12641,326,1,1207.8,3.999
rgrasp,RC107,RC,1,20,19,1262.2,13,6753,165,1,1207.8,4.504
rgrasp,RC107,RC,1,21,20,1246.5,13,7814,201,1,1207.8,3.204
rgrasp,RC107,RC,1,22,21,1241.9,12,13878,366,1,1207.8,2.823
rgrasp,RC107,RC,1,23,22,1265.8,13,11992,323,1,1207.8,4.802
rgrasp,RC107,RC,1,24,23,1260.4,13,5012,135,1,1207.8,4.355
rgrasp,RC107,RC,1,25,24,1270.7,12,5423,134,1,1207.8,5.208
rgrasp,RC107,RC,1,26,25,1258.3,12,5018,134,1,1207.8,4.181
rgrasp,RC107,RC,1,27,26,1243.9,12,16066,417,1,1207.8,2.989
rgrasp,RC107,RC,1,28,27,1279.9,12,5695,147,1,1207.8,5.970
rgrasp,RC107,RC,1,29,28,1266.8,13,6968,177,1,1207.8,4.885
rgrasp,RC107,RC,1,30,29,1252.0,12,9990,260,1,1207.8,3.660
tabu,RC107,RC,1,1,0,1258.6,13,9383,2254,1,1207.8,4.206
vnd,RC107,RC,1,1,0,1330.3,13,41,0,1,1207.8,10.142
grasp,RC108,RC,1,1,0,1144.1,11,7039,226,1,1114.2,2.684
grasp,RC108,RC,1,2,1,1156.9,11,8721,272,1,1114.2,3.832
grasp,RC108,RC,1,3,2,1146.2,11,9048,275,1,1114.2,2.872
grasp,RC108,RC,1,4,3,1146.7,11,7761,246,1,1114.2,2.917
grasp,RC108,RC,1,5,4,1150.0,11,6827,212,1,1114.2,3.213
grasp,RC108,RC,1,6,5,1156.2,11,8881,279,1,1114.2,3.770
grasp,RC108,RC,1,7,6,1121.8,11,4986,156,1,1114.2,0.682
grasp,RC108,RC,1,8,7,1138.3,11,4968,155,1,1114.2,2.163
grasp,RC108,RC,1,9,8,1151.5,11,7440,224,1,1114.2,3.348
grasp,RC108,RC,1,10,9,1149.7,11,7444,232,1,1114.2,3.186
grasp,RC108,RC,1,11,10,1131.4,11,8742,265,1,1114.2,1.544
grasp,RC108,RC,1,12,11,1143.5,11,4464,144,1,1114.2,2.630
grasp,RC108,RC,1,13,12,1143.0,11,7480,237,1,1114.2,2.585
grasp,RC108,RC,1,14,13,1128.1,11,7049,214,1,1114.2,1.248
grasp,RC108,RC,1,15,14,1153.7,12,13610,424,1,1114.2,3.545
grasp,RC108,RC,1,16,15,1135.2,11,9726,300,1,1114.2,1.885
grasp,RC108,RC,1,17,16,1125.3,11,7945,257,1,1114.2,0.996
grasp,RC108,RC,1,18,17,1149.1,11,5268,158,1,1114.2,3.132
grasp,RC108,RC,1,19,18,1132.7,11,11099,345,1,1114.2,1.660
grasp,RC108,RC,1,20,19,1144.5,11,12503,396,1,1114.2,2.719
grasp,RC108,RC,1,21,20,1133.8,11,12079,372,1,1114.2,1.759
grasp,RC108,RC,1,22,21,1153.3,12,5878,188,1,1114.2,3.509
grasp,RC108,RC,1,23,22,1156.5,11,6843,221,1,1114.2,3.796
grasp,RC108,RC,1,24,23,1149.9,11,7401,225,1,1114.2,3.204
grasp,RC108,RC,1,25,24,1137.6,11,5372,168,1,1114.2,2.100
grasp,RC108,RC,1,26,25,1150.1,11,6143,189,1,1114.2,3.222
grasp,RC108,RC,1,27,26,1141.0,11,5219,157,1,1114.2,2.405
grasp,RC108,RC,1,28,27,1129.5,11,11855,364,1,1114.2,1.373
grasp,RC108,RC,1,29,28,1132.8,11,9589,286,1,1114.2,1.669
grasp,RC108,RC,1,30,29,1151.9,11,4695,144,1,1114.2,3.384
i1,RC108,RC,1,1,0,1368.2,11,0,0,1,1114.2,22.797
rgrasp,RC108,RC,1,1,0,1157.0,11,7986,196,1,1114.2,3.841
rgrasp,RC108,RC,1,2,1,1147.6,11,5923,144,1,1114.2,2.998
rgrasp,RC108,RC,1,3,2,1161.6,11,6510,152,1,1114.2,4.254
rgrasp,RC108,RC,1,4,3,1147.5,12,7768,178,1,1114.2,2.989
rgrasp,RC108,RC,1,5,4,1154.5,11,13642,331,1,1114.2,3.617
rgrasp,RC108,RC,1,6,5,1136.5,11,10194,234,1,1114.2,2.001
rgrasp,RC108,RC,1,7,6,1151.4,11,12899,306,1,1114.2,3.339
rgrasp,RC108,RC,1,8,7,1158.0,11,10076,226,1,1114.2,3.931
rgrasp,RC108,RC,1,9,8,1144.0,11,9313,232,1,1114.2,2.675
rgrasp,RC108,RC,1,10,9,1145.9,11,11318,268,1,1114.2,2.845
rgrasp,RC108,RC,1,11,10,1155.0,11,14275,332,1,1114.2,3.662
rgrasp,RC108,RC,1,12,11,1172.2,11,6583,152,1,1114.2,5.206
rgrasp,RC108,RC,1,13,12,1160.4,12,11168,258,1,1114.2,4.146
rgrasp,RC108,RC,1,14,13,1149.6,11,15510,363,1,1114.2,3.177
rgrasp,RC108,RC,1,15,14,1151.9,11,10596,252,1,1114.2,3.384
rgrasp,RC108,RC,1,16,15,1144.0,11,17088,398,1,1114.2,2.675
rgrasp,RC108,RC,1,17,16,1150.5,11,7740,173,1,1114.2,3.258
rgrasp,RC108,RC,1,18,17,1144.5,11,7506,180,1,1114.2,2.719
rgrasp,RC108,RC,1,19,18,1151.0,11,11769,283,1,1114.2,3.303
rgrasp,RC108,RC,1,20,19,1156.6,11,7883,175,1,1114.2,3.805
rgrasp,RC108,RC,1,21,20,1140.8,11,16175,381,1,1114.2,2.387
rgrasp,RC108,RC,1,22,21,1169.8,11,6989,167,1,1114.2,4.990
rgrasp,RC108,RC,1,23,22,1153.9,12,8914,213,1,1114.2,3.563
rgrasp,RC108,RC,1,24,23,1129.8,11,11161,265,1,1114.2,1.400
rgrasp,RC108,RC,1,25,24,1140.8,11,7112,167,1,1114.2,2.387
rgrasp,RC108,RC,1,26,25,1135.8,11,16215,385,1,1114.2,1.939
rgrasp,RC108,RC,1,27,26,1149.6,11,7423,180,1,1114.2,3.177
rgrasp,RC108,RC,1,28,27,1140.0,11,8682,196,1,1114.2,2.316
rgrasp,RC108,RC,1,29,28,1140.8,11,8846,200,1,1114.2,2.387
rgrasp,RC108,RC,1,30,29,1166.4,11,6565,148,1,1114.2,4.685
tabu,RC108,RC,1,1,0,1139.4,11,6320,1403,1,1114.2,2.262
vnd,RC108,RC,1,1,0,1183.3,11,29,0,1,1114.2,6.202
grasp,RC201,RC,2,1,0,1396.4,5,7059,170,1,1261.8,10.667
grasp,RC201,RC,2,2,1,1404.2,5,6481,142,1,1261.8,11.285
grasp,RC201,RC,2,3,2,1388.5,5,8550,193,1,1261.8,10.041
grasp,RC201,RC,2,4,3,1394.8,5,8509,197,1,1261.8,10.540
grasp,RC201,RC,2,5,4,1370.1,5,7606,170,1,1261.8,8.583
grasp,RC201,RC,2,6,5,1383.4,5,17746,402,1,1261.8,9.637
grasp,RC201,RC,2,7,6,1359.7,5,13785,315,1,1261.8,7.759
grasp,RC201,RC,2,8,7,1374.0,6,9696,225,1,1261.8,8.892
grasp,RC201,RC,2,9,8,1391.4,5,13732,322,1,1261.8,10.271
grasp,RC201,RC,2,10,9,1384.1,5,7826,186,1,1261.8,9.693
grasp,RC201,RC,2,11,10,1395.2,5,9673,220,1,1261.8,10.572
grasp,RC201,RC,2,12,11,1396.6,5,9993,232,1,1261.8,10.683
grasp,RC201,RC,2,13,12,1387.6,5,7588,169,1,1261.8,9.970
grasp,RC201,RC,2,14,13,1396.6,5,7494,184,1,1261.8,10.683
grasp,RC201,RC,2,15,14,1384.8,5,9037,206,1,1261.8,9.748
grasp,RC201,RC,2,16,15,1379.9,5,10798,253,1,1261.8,9.360
grasp,RC201,RC,2,17,16,1361.8,5,12822,298,1,1261.8,7.925
grasp,RC201,RC,2,18,17,1367.5,5,9614,221,1,1261.8,8.377
grasp,RC201,RC,2,19,18,1417.8,5,5689,133,1,1261.8,12.363
grasp,RC201,RC,2,20,19,1403.9,5,9790,225,1,1261.8,11.262
grasp,RC201,RC,2,21,20,1389.6,5,13545,317,1,1261.8,10.128
grasp,RC201,RC,2,22,21,1396.7,5,9716,218,1,1261.8,10.691
grasp,RC201,RC,2,23,22,1375.4,6,8739,202,1,1261.8,9.003
grasp,RC201,RC,2,24,23,1392.9,5,10182,240,1,1261.8,10.390
grasp,RC201,RC,2,25,24,1384.9,6,8764,202,1,1261.8,9.756
grasp,RC201,RC,2,26,25,1391.5,5,8028,186,1,1261.8,10.279
grasp,RC201,RC,2,27,26,1388.2,6,6321,146,1,1261.8,10.017
grasp,RC201,RC,2,28,27,1377.9,5,15729,362,1,1261.8,9.201
grasp,RC201,RC,2,29,28,1385.0,5,7597,176,1,1261.8,9.764
grasp,RC201,RC,2,30,29,1396.2,5,5768,133,1,1261.8,10.651
i1,RC201,RC,2,1,0,2025.4,5,0,0,1,1261.8,60.517
rgrasp,RC201,RC,2,1,0,1404.4,5,7816,170,1,1261.8,11.301
rgrasp,RC201,RC,2,2,1,1370.9,6,10885,226,1,1261.8,8.646
rgrasp,RC201,RC,2,3,2,1383.9,5,12562,261,1,1261.8,9.677
rgrasp,RC201,RC,2,4,3,1373.1,6,7323,151,1,1261.8,8.821
rgrasp,RC201,RC,2,5,4,1378.6,6,10350,207,1,1261.8,9.257
rgrasp,RC201,RC,2,6,5,1359.7,6,11158,243,1,1261.8,7.759
rgrasp,RC201,RC,2,7,6,1391.4,5,10583,222,1,1261.8,10.271
rgrasp,RC201,RC,2,8,7,1333.6,6,9333,198,1,1261.8,5.690
rgrasp,RC201,RC,2,9,8,1373.0,6,8782,192,1,1261.8,8.813
rgrasp,RC201,RC,2,10,9,1370.9,6,7218,160,1,1261.8,8.646
rgrasp,RC201,RC,2,11,10,1376.4,6,19791,413,1,1261.8,9.082
rgrasp,RC201,RC,2,12,11,1393.0,6,8423,177,1,1261.8,10.398
rgrasp,RC201,RC,2,13,12,1369.1,5,19120,400,1,1261.8,8.504
rgrasp,RC201,RC,2,14,13,1389.5,5,8940,192,1,1261.8,10.120
rgrasp,RC201,RC,2,15,14,1408.6,6,7267,155,1,1261.8,11.634
rgrasp,RC201,RC,2,16,15,1412.4,5,9761,211,1,1261.8,11.935
rgrasp,RC201,RC,2,17,16,1367.5,6,13505,285,1,1261.8,8.377
rgrasp,RC201,RC,2,18,17,1369.2,6,6988,149,1,1261.8,8.512
rgrasp,RC201,RC,2,19,18,1361.7,6,15782,332,1,1261.8,7.917
rgrasp,RC201,RC,2,20,19,1366.9,6,16757,361,1,1261.8,8.329
rgrasp,RC201,RC,2,21,20,1401.8,5,8689,185,1,1261.8,11.095
rgrasp,RC201,RC,2,22,21,1354.0,6,9309,197,1,1261.8,7.307
rgrasp,RC201,RC,2,23,22,1404.1,6,12697,273,1,1261.8,11.278
rgrasp,RC201,RC,2,24,23,1359.8,5,29456,623,1,1261.8,7.767
rgrasp,RC201,RC,2,25,24,1343.5,6,15544,321,1,1261.8,6.475
rgrasp,RC201,RC,2,26,25,1389.6,5,8958,191,1,1261.8,10.128
rgrasp,RC201,RC,2,27,26,1329.9,6,11318,243,1,1261.8,5.397
rgrasp,RC201,RC,2,28,27,1369.7,6,7551,157,1,1261.8,8.551
rgrasp,RC201,RC,2,29,28,1367.5,5,8948,193,1,1261.8,8.377
rgrasp,RC201,RC,2,30,29,1397.6,6,9455,200,1,1261.8,10.762
tabu,RC201,RC,2,1,0,1505.1,5,6329,1027,1,1261.8,19.282
vnd,RC201,RC,2,1,0,1541.1,5,34,0,1,1261.8,22.135
grasp,RC202,RC,2,1,0,1183.5,5,14719,279,1,1092.3,8.349
grasp,RC202,RC,2,2,1,1197.9,5,7159,136,1,1092.3,9.668
grasp,RC202,RC,2,3,2,1201.0,5,16817,319,1,1092.3,9.951
grasp,RC202,RC,2,4,3,1214.1,5,8914,184,1,1092.3,11.151
grasp,RC202,RC,2,5,4,1192.7,5,9612,189,1,1092.3,9.192
grasp,RC202,RC,2,6,5,1227.9,5,7504,149,1,1092.3,12.414
grasp,RC202,RC,2,7,6,1188.4,5,13623,280,1,1092.3,8.798
grasp,RC202,RC,2,8,7,1186.3,5,11533,221,1,1092.3,8.606
grasp,RC202,RC,2,9,8,1185.4,5,23574,446,1,1092.3,8.523
grasp,RC202,RC,2,10,9,1165.3,5,18139,363,1,1092.3,6.683
grasp,RC202,RC,2,11,10,1212.6,5,8897,171,1,1092.3,11.013
grasp,RC202,RC,2,12,11,1205.5,5,14655,282,1,1092.3,10.363
grasp,RC202,RC,2,13,12,1209.9,5,6805,138,1,1092.3,10.766
grasp,RC202,RC,2,14,13,1209.8,5,7485,154,1,1092.3,10.757
grasp,RC202,RC,2,15,14,1205.7,5,15232,305,1,1092.3,10.382
grasp,RC202,RC,2,16,15,1221.9,5,8990,175,1,1092.3,11.865
grasp,RC202,RC,2,17,16,1239.9,4,7601,156,1,1092.3,13.513
grasp,RC202,RC,2,18,17,1201.7,5,7263,152,1,1092.3,10.016
grasp,RC202,RC,2,19,18,1177.4,5,7303,147,1,1092.3,7.791
grasp,RC202,RC,2,20,19,1177.5,5,12840,241,1,1092.3,7.800
grasp,RC202,RC,2,21,20,1207.1,5,13698,265,1,1092.3,10.510
grasp,RC202,RC,2,22,21,1225.9,5,8405,169,1,1092.3,12.231
grasp,RC202,RC,2,23,22,1225.2,5,7660,151,1,1092.3,12.167
grasp,RC202,RC,2,24,23,1202.1,5,10888,223,1,1092.3,10.052
grasp,RC202,RC,2,25,24,1199.2,5,8584,174,1,1092.3,9.787
grasp,RC202,RC,2,26,25,1206.1,5,11457,223,1,1092.3,10.418
grasp,RC202,RC,2,27,26,1174.7,5,9188,176,1,1092.3,7.544
grasp,RC202,RC,2,28,27,1178.5,5,10674,206,1,1092.3,7.892
grasp,RC202,RC,2,29,28,1175.3,5,11558,240,1,1092.3,7.599
grasp,RC202,RC,2,30,29,1190.7,5,10281,199,1,1092.3,9.009
i1,RC202,RC,2,1,0,1783.8,4,0,0,1,1092.3,63.307
rgrasp,RC202,RC,2,1,0,1233.4,5,8212,151,1,1092.3,12.918
rgrasp,RC202,RC,2,2,1,1200.6,5,20939,374,1,1092.3,9.915
rgrasp,RC202,RC,2,3,2,1203.4,5,19686,369,1,1092.3,10.171
rgrasp,RC202,RC,2,4,3,1206.1,5,9228,167,1,1092.3,10.418
rgrasp,RC202,RC,2,5,4,1193.5,5,8163,148,1,1092.3,9.265
rgrasp,RC202,RC,2,6,5,1200.2,5,13564,248,1,1092.3,9.878
rgrasp,RC202,RC,2,7,6,1183.2,5,11197,203,1,1092.3,8.322
rgrasp,RC202,RC,2,8,7,1200.2,5,8404,156,1,1092.3,9.878
rgrasp,RC202,RC,2,9,8,1204.2,5,10934,189,1,1092.3,10.244
rgrasp,RC202,RC,2,10,9,1187.2,5,23079,432,1,1092.3,8.688
rgrasp,RC202,RC,2,11,10,1224.5,5,7904,146,1,1092.3,12.103
rgrasp,RC202,RC,2,12,11,1214.2,5,8203,146,1,1092.3,11.160
rgrasp,RC202,RC,2,13,12,1177.1,5,16208,295,1,1092.3,7.763
rgrasp,RC202,RC,2,14,13,1177.4,5,12945,231,1,1092.3,7.791
rgrasp,RC202,RC,2,15,14,1176.9,5,7154,134,1,1092.3,7.745
rgrasp,RC202,RC,2,16,15,1174.2,5,20201,356,1,1092.3,7.498
rgrasp,RC202,RC,2,17,16,1201.3,5,12665,226,1,1092.3,9.979
rgrasp,RC202,RC,2,18,17,1209.4,5,7638,132,1,1092.3,10.720
rgrasp,RC202,RC,2,19,18,1192.8,5,11834,207,1,1092.3,9.201
rgrasp,RC202,RC,2,20,19,1184.6,5,14600,261,1,1092.3,8.450
rgrasp,RC202,RC,2,21,20,1202.1,5,14936,266,1,1092.3,10.052
rgrasp,RC202,RC,2,22,21,1218.5,5,8525,165,1,1092.3,11.554
rgrasp,RC202,RC,2,23,22,1174.7,5,25587,471,1,1092.3,7.544
rgrasp,RC202,RC,2,24,23,1225.8,5,9185,162,1,1092.3,12.222
rgrasp,RC202,RC,2,25,24,1213.9,5,10217,193,1,1092.3,11.132
rgrasp,RC202,RC,2,26,25,1212.7,5,9070,167,1,1092.3,11.023
rgrasp,RC202,RC,2,27,26,1202.1,5,7496,132,1,1092.3,10.052
rgrasp,RC202,RC,2,28,27,1184.4,5,13099,232,1,1092.3,8.432
rgrasp,RC202,RC,2,29,28,1208.9,5,14394,248,1,1092.3,10.675
rgrasp,RC202,RC,2,30,29,1196.4,5,12430,225,1,1092.3,9.530
tabu,RC202,RC,2,1,0,1230.2,4,7439,1075,1,1092.3,12.625
vnd,RC202,RC,2,1,0,1405.3,4,36,0,1,1092.3,28.655
grasp,RC203,RC,2,1,0,1028.3,4,11352,182,1,923.7,11.324
grasp,RC203,RC,2,2,1,1027.8,4,15002,234,1,923.7,11.270
grasp,RC203,RC,2,3,2,1052.5,4,8968,147,1,923.7,13.944
grasp,RC203,RC,2,4,3,1038.8,4,11178,184,1,923.7,12.461
grasp,RC203,RC,2,5,4,1008.0,4,14494,225,1,923.7,9.126
grasp,RC203,RC,2,6,5,1036.5,4,10716,174,1,923.7,12.212
grasp,RC203,RC,2,7,6,1003.4,4,8649,143,1,923.7,8.628
grasp,RC203,RC,2,8,7,1027.9,4,18001,294,1,923.7,11.281
grasp,RC203,RC,2,9,8,998.8,4,15469,242,1,923.7,8.130
grasp,RC203,RC,2,10,9,1023.3,4,22532,380,1,923.7,10.783
grasp,RC203,RC,2,11,10,1037.6,4,9242,142,1,923.7,12.331
grasp,RC203,RC,2,12,11,1002.2,4,29931,463,1,923.7,8.498
grasp,RC203,RC,2,13,12,1004.5,4,12680,201,1,923.7,8.747
grasp,RC203,RC,2,14,13,1005.9,4,18475,284,1,923.7,8.899
grasp,RC203,RC,2,15,14,1028.0,4,17174,277,1,923.7,11.292
grasp,RC203,RC,2,16,15,1025.0,4,11259,190,1,923.7,10.967
grasp,RC203,RC,2,17,16,991.5,4,11654,181,1,923.7,7.340
grasp,RC203,RC,2,18,17,1037.1,4,8447,138,1,923.7,12.277
grasp,RC203,RC,2,19,18,1032.2,4,14144,224,1,923.7,11.746
grasp,RC203,RC,2,20,19,1023.0,4,15232,243,1,923.7,10.750
grasp,RC203,RC,2,21,20,1015.9,4,17211,274,1,923.7,9.982
grasp,RC203,RC,2,22,21,1013.9,4,12346,189,1,923.7,9.765
grasp,RC203,RC,2,23,22,1007.9,4,12483,194,1,923.7,9.116
grasp,RC203,RC,2,24,23,967.4,4,9225,150,1,923.7,4.731
grasp,RC203,RC,2,25,24,1029.7,4,9515,156,1,923.7,11.476
grasp,RC203,RC,2,26,25,1039.2,4,19377,313,1,923.7,12.504
grasp,RC203,RC,2,27,26,1049.3,4,10987,179,1,923.7,13.597
grasp,RC203,RC,2,28,27,1003.9,4,13789,215,1,923.7,8.682
grasp,RC203,RC,2,29,28,1016.5,4,16426,272,1,923.7,10.047
grasp,RC203,RC,2,30,29,992.7,4,21004,350,1,923.7,7.470
i1,RC203,RC,2,1,0,1528.8,4,0,0,1,923.7,65.508
rgrasp,RC203,RC,2,1,0,1019.2,4,12635,191,1,923.7,10.339
rgrasp,RC203,RC,2,2,1,972.9,5,18071,266,1,923.7,5.326
rgrasp,RC203,RC,2,3,2,1019.0,4,11826,168,1,923.7,10.317
rgrasp,RC203,RC,2,4,3,1019.2,5,20437,292,1,923.7,10.339
rgrasp,RC203,RC,2,5,4,979.6,4,20624,291,1,923.7,6.052
rgrasp,RC203,RC,2,6,5,1012.2,4,13088,187,1,923.7,9.581
rgrasp,RC203,RC,2,7,6,1015.5,4,12762,188,1,923.7,9.938
rgrasp,RC203,RC,2,8,7,1021.7,4,13530,195,1,923.7,10.610
rgrasp,RC203,RC,2,9,8,1022.5,4,15981,237,1,923.7,10.696
rgrasp,RC203,RC,2,10,9,1027.4,4,13273,189,1,923.7,11.227
rgrasp,RC203,RC,2,11,10,983.2,4,19032,289,1,923.7,6.441
rgrasp,RC203,RC,2,12,11,990.9,4,9635,137,1,923.7,7.275
rgrasp,RC203,RC,2,13,12,1032.9,4,16961,245,1,923.7,11.822
rgrasp,RC203,RC,2,14,13,1009.0,4,18871,273,1,923.7,9.235
rgrasp,RC203,RC,2,15,14,990.4,4,13157,192,1,923.7,7.221
rgrasp,RC203,RC,2,16,15,1030.6,4,12331,174,1,923.7,11.573
rgrasp,RC203,RC,2,17,16,1001.9,4,9769,147,1,923.7,8.466
rgrasp,RC203,RC,2,18,17,1002.4,4,24284,340,1,923.7,8.520
rgrasp,RC203,RC,2,19,18,1011.4,4,18906,279,1,923.7,9.494
rgrasp,RC203,RC,2,20,19,1020.8,4,15126,218,1,923.7,10.512
rgrasp,RC203,RC,2,21,20,1000.8,4,12611,192,1,923.7,8.347
rgrasp,RC203,RC,2,22,21,1018.0,4,24932,347,1,923.7,10.209
rgrasp,RC203,RC,2,23,22,1017.1,4,9369,136,1,923.7,10.112
rgrasp,RC203,RC,2,24,23,1003.7,4,20993,313,1,923.7,8.661
rgrasp,RC203,RC,2,25,24,994.4,4,11771,172,1,923.7,7.654
rgrasp,RC203,RC,2,26,25,1011.2,5,18126,264,1,923.7,9.473
rgrasp,RC203,RC,2,27,26,1014.7,4,15422,220,1,923.7,9.852
rgrasp,RC203,RC,2,28,27,977.2,4,23616,329,1,923.7,5.792
rgrasp,RC203,RC,2,29,28,1015.0,4,16039,247,1,923.7,9.884
rgrasp,RC203,RC,2,30,29,1041.0,4,9394,139,1,923.7,12.699
tabu,RC203,RC,2,1,0,1017.3,4,7544,1036,1,923.7,10.133
vnd,RC203,RC,2,1,0,1119.5,4,62,0,1,923.7,21.197
grasp,RC204,RC,2,1,0,807.6,4,9014,142,1,783.5,3.076
grasp,RC204,RC,2,2,1,803.6,4,22288,311,1,783.5,2.565
grasp,RC204,RC,2,3,2,807.5,4,24244,354,1,783.5,3.063
grasp,RC204,RC,2,4,3,809.4,4,12758,183,1,783.5,3.306
grasp,RC204,RC,2,5,4,814.4,4,16960,266,1,783.5,3.944
grasp,RC204,RC,2,6,5,812.8,4,17528,272,1,783.5,3.740
grasp,RC204,RC,2,7,6,806.5,4,30907,442,1,783.5,2.936
grasp,RC204,RC,2,8,7,827.7,4,9833,139,1,783.5,5.641
grasp,RC204,RC,2,9,8,798.2,4,9998,143,1,783.5,1.876
grasp,RC204,RC,2,10,9,813.7,4,13794,210,1,783.5,3.854
grasp,RC204,RC,2,11,10,829.5,4,10583,160,1,783.5,5.871
grasp,RC204,RC,2,12,11,807.8,4,15454,239,1,783.5,3.101
grasp,RC204,RC,2,13,12,799.8,4,10649,147,1,783.5,2.080
grasp,RC204,RC,2,14,13,808.6,4,21094,315,1,783.5,3.204
grasp,RC204,RC,2,15,14,813.1,4,20064,291,1,783.5,3.778
grasp,RC204,RC,2,16,15,800.9,4,22533,320,1,783.5,2.221
grasp,RC204,RC,2,17,16,800.4,4,21503,316,1,783.5,2.157
grasp,RC204,RC,2,18,17,814.3,4,12520,201,1,783.5,3.931
grasp,RC204,RC,2,19,18,823.0,4,27347,393,1,783.5,5.041
grasp,RC204,RC,2,20,19,799.3,4,33532,486,1,783.5,2.017
grasp,RC204,RC,2,21,20,808.0,4,14427,218,1,783.5,3.127
grasp,RC204,RC,2,22,21,799.8,4,15576,238,1,783.5,2.080
grasp,RC204,RC,2,23,22,803.9,4,17976,251,1,783.5,2.604
grasp,RC204,RC,2,24,23,826.2,4,8694,134,1,783.5,5.450
grasp,RC204,RC,2,25,24,828.6,4,10163,154,1,783.5,5.756
grasp,RC204,RC,2,26,25,799.3,4,16960,251,1,783.5,2.017
grasp,RC204,RC,2,27,26,816.2,4,11086,168,1,783.5,4.174
grasp,RC204,RC,2,28,27,821.0,4,11755,173,1,783.5,4.786
grasp,RC204,RC,2,29,28,803.6,4,30450,427,1,783.5,2.565
grasp,RC204,RC,2,30,29,823.2,4,13719,200,1,783.5,5.067
i1,RC204,RC,2,1,0,1254.4,4,0,0,1,783.5,60.102
rgrasp,RC204,RC,2,1,0,822.0,4,9335,135,1,783.5,4.914
rgrasp,RC204,RC,2,2,1,826.6,4,13540,183,1,783.5,5.501
rgrasp,RC204,RC,2,3,2,803.7,4,8919,134,1,783.5,2.578
rgrasp,RC204,RC,2,4,3,829.3,4,14869,195,1,783.5,5.846
rgrasp,RC204,RC,2,5,4,820.8,4,19343,273,1,783.5,4.761
rgrasp,RC204,RC,2,6,5,806.5,4,10223,134,1,783.5,2.936
rgrasp,RC204,RC,2,7,6,800.3,4,11999,160,1,783.5,2.144
rgrasp,RC204,RC,2,8,7,808.0,4,12289,164,1,783.5,3.127
rgrasp,RC204,RC,2,9,8,799.8,4,14875,198,1,783.5,2.080
rgrasp,RC204,RC,2,10,9,826.2,4,19223,275,1,783.5,5.450
rgrasp,RC204,RC,2,11,10,826.8,4,9790,140,1,783.5,5.526
rgrasp,RC204,RC,2,12,11,830.8,4,10294,138,1,783.5,6.037
rgrasp,RC204,RC,2,13,12,799.5,4,13428,183,1,783.5,2.042
rgrasp,RC204,RC,2,14,13,814.6,4,22002,292,1,783.5,3.969
rgrasp,RC204,RC,2,15,14,820.8,4,13654,180,1,783.5,4.761
rgrasp,RC204,RC,2,16,15,812.1,4,27708,362,1,783.5,3.650
rgrasp,RC204,RC,2,17,16,814.1,4,18826,249,1,783.5,3.906
rgrasp,RC204,RC,2,18,17,840.2,4,12275,176,1,783.5,7.237
rgrasp,RC204,RC,2,19,18,822.0,4,17667,232,1,783.5,4.914
rgrasp,RC204,RC,2,20,19,806.9,4,16723,227,1,783.5,2.987
rgrasp,RC204,RC,2,21,20,806.3,4,15291,219,1,783.5,2.910
rgrasp,RC204,RC,2,22,21,820.3,4,21070,282,1,783.5,4.697
rgrasp,RC204,RC,2,23,22,820.5,4,18283,239,1,783.5,4.722
rgrasp,RC204,RC,2,24,23,809.6,4,22493,318,1,783.5,3.331
rgrasp,RC204,RC,2,25,24,799.6,4,24561,322,1,783.5,2.055
rgrasp,RC204,RC,2,26,25,828.5,4,19624,267,1,783.5,5.743
rgrasp,RC204,RC,2,27,26,798.2,4,28500,401,1,783.5,1.876
rgrasp,RC204,RC,2,28,27,817.0,4,11715,158,1,783.5,4.276
rgrasp,RC204,RC,2,29,28,838.7,3,9453,132,1,783.5,7.045
rgrasp,RC204,RC,2,30,29,820.8,4,21614,295,1,783.5,4.761
tabu,RC204,RC,2,1,0,829.0,4,7950,1077,1,783.5,5.807
vnd,RC204,RC,2,1,0,913.1,4,57,0,1,783.5,16.541
grasp,RC205,RC,2,1,0,1260.5,5,6907,153,1,1154.0,9.229
grasp,RC205,RC,2,2,1,1305.6,5,7117,155,1,1154.0,13.137
grasp,RC205,RC,2,3,2,1295.9,5,7333,161,1,1154.0,12.296
grasp,RC205,RC,2,4,3,1274.3,6,14379,308,1,1154.0,10.425
grasp,RC205,RC,2,5,4,1272.5,6,9588,209,1,1154.0,10.269
grasp,RC205,RC,2,6,5,1283.6,6,12242,274,1,1154.0,11.231
grasp,RC205,RC,2,7,6,1310.9,5,7855,173,1,1154.0,13.596
grasp,RC205,RC,2,8,7,1276.6,6,9864,217,1,1154.0,10.624
grasp,RC205,RC,2,9,8,1270.4,6,6114,135,1,1154.0,10.087
grasp,RC205,RC,2,10,9,1273.2,6,8360,188,1,1154.0,10.329
grasp,RC205,RC,2,11,10,1268.6,6,11319,244,1,1154.0,9.931
grasp,RC205,RC,2,12,11,1239.4,6,9917,222,1,1154.0,7.400
grasp,RC205,RC,2,13,12,1284.3,6,6854,155,1,1154.0,11.291
grasp,RC205,RC,2,14,13,1257.3,6,11249,251,1,1154.0,8.951
grasp,RC205,RC,2,15,14,1297.6,5,7558,165,1,1154.0,12.444
grasp,RC205,RC,2,16,15,1293.7,6,6933,149,1,1154.0,12.106
grasp,RC205,RC,2,17,16,1279.0,5,13690,299,1,1154.0,10.832
grasp,RC205,RC,2,18,17,1256.0,6,18273,408,1,1154.0,8.839
grasp,RC205,RC,2,19,18,1282.1,5,11263,243,1,1154.0,11.101
grasp,RC205,RC,2,20,19,1259.3,6,11847,260,1,1154.0,9.125
grasp,RC205,RC,2,21,20,1242.5,6,6829,147,1,1154.0,7.669
grasp,RC205,RC,2,22,21,1285.8,6,10855,232,1,1154.0,11.421
grasp,RC205,RC,2,23,22,1283.2,5,8416,192,1,1154.0,11.196
grasp,RC205,RC,2,24,23,1263.6,6,7704,168,1,1154.0,9.497
grasp,RC205,RC,2,25,24,1294.1,5,13447,290,1,1154.0,12.140
grasp,RC205,RC,2,26,25,1275.1,6,11397,250,1,1154.0,10.494
grasp,RC205,RC,2,27,26,1272.6,6,11573,252,1,1154.0,10.277
grasp,RC205,RC,2,28,27,1250.9,6,8467,183,1,1154.0,8.397
grasp,RC205,RC,2,29,28,1290.1,6,14068,317,1,1154.0,11.794
grasp,RC205,RC,2,30,29,1236.5,6,12157,273,1,1154.0,7.149
i1,RC205,RC,2,1,0,2179.4,5,0,0,1,1154.0,88.856
rgrasp,RC205,RC,2,1,0,1278.7,5,6935,133,1,1154.0,10.806
rgrasp,RC205,RC,2,2,1,1269.1,6,9631,186,1,1154.0,9.974
rgrasp,RC205,RC,2,3,2,1256.4,6,11313,221,1,1154.0,8.873
rgrasp,RC205,RC,2,4,3,1284.4,6,8605,168,1,1154.0,11.300
rgrasp,RC205,RC,2,5,4,1247.1,6,6582,136,1,1154.0,8.068
rgrasp,RC205,RC,2,6,5,1262.6,6,10137,199,1,1154.0,9.411
rgrasp,RC205,RC,2,7,6,1276.1,6,16491,318,1,1154.0,10.581
rgrasp,RC205,RC,2,8,7,1276.7,6,8034,160,1,1154.0,10.633
rgrasp,RC205,RC,2,9,8,1248.2,6,14863,292,1,1154.0,8.163
rgrasp,RC205,RC,2,10,9,1286.6,5,9252,182,1,1154.0,11.490
rgrasp,RC205,RC,2,11,10,1259.6,6,21974,436,1,1154.0,9.151
rgrasp,RC205,RC,2,12,11,1284.2,5,18791,366,1,1154.0,11.282
rgrasp,RC205,RC,2,13,12,1251.0,6,9799,194,1,1154.0,8.406
rgrasp,RC205,RC,2,14,13,1258.6,6,8996,174,1,1154.0,9.064
rgrasp,RC205,RC,2,15,14,1282.4,6,12689,255,1,1154.0,11.127
rgrasp,RC205,RC,2,16,15,1246.6,6,20147,383,1,1154.0,8.024
rgrasp,RC205,RC,2,17,16,1252.1,6,13445,267,1,1154.0,8.501
rgrasp,RC205,RC,2,18,17,1264.7,6,11013,219,1,1154.0,9.593
rgrasp,RC205,RC,2,19,18,1287.2,6,12040,240,1,1154.0,11.542
rgrasp,RC205,RC,2,20,19,1259.4,6,7099,138,1,1154.0,9.133
rgrasp,RC205,RC,2,21,20,1266.8,5,8440,166,1,1154.0,9.775
rgrasp,RC205,RC,2,22,21,1272.7,6,7876,162,1,1154.0,10.286
rgrasp,RC205,RC,2,23,22,1264.0,6,7834,150,1,1154.0,9.532
rgrasp,RC205,RC,2,24,23,1240.6,6,8901,173,1,1154.0,7.504
rgrasp,RC205,RC,2,25,24,1242.8,6,8372,164,1,1154.0,7.695
rgrasp,RC205,RC,2,26,25,1269.6,6,19041,374,1,1154.0,10.017
rgrasp,RC205,RC,2,27,26,1277.4,6,9693,182,1,1154.0,10.693
rgrasp,RC205,RC,2,28,27,1238.0,6,14047,263,1,1154.0,7.279
rgrasp,RC205,RC,2,29,28,1302.8,5,8038,158,1,1154.0,12.894
rgrasp,RC205,RC,2,30,29,1283.1,6,11556,224,1,1154.0,11.187
tabu,RC205,RC,2,1,0,1327.7,5,5930,968,1,1154.0,15.052
vnd,RC205,RC,2,1,0,1412.9,5,62,0,1,1154.0,22.435
grasp,RC206,RC,2,1,0,1126.6,5,9257,169,1,1051.1,7.183
grasp,RC206,RC,2,2,1,1112.1,4,11891,219,1,1051.1,5.803
grasp,RC206,RC,2,3,2,1104.3,4,18145,330,1,1051.1,5.061
grasp,RC206,RC,2,4,3,1091.7,4,11326,215,1,1051.1,3.863
grasp,RC206,RC,2,5,4,1122.6,4,7252,141,1,1051.1,6.802
grasp,RC206,RC,2,6,5,1115.1,4,9599,177,1,1051.1,6.089
grasp,RC206,RC,2,7,6,1110.4,4,10646,209,1,1051.1,5.642
grasp,RC206,RC,2,8,7,1117.1,4,8240,157,1,1051.1,6.279
grasp,RC206,RC,2,9,8,1114.8,4,9373,183,1,1051.1,6.060
grasp,RC206,RC,2,10,9,1115.8,4,13139,249,1,1051.1,6.155
grasp,RC206,RC,2,11,10,1123.0,4,14343,283,1,1051.1,6.840
grasp,RC206,RC,2,12,11,1101.3,4,10205,199,1,1051.1,4.776
grasp,RC206,RC,2,13,12,1114.8,5,18812,343,1,1051.1,6.060
grasp,RC206,RC,2,14,13,1118.8,4,11372,214,1,1051.1,6.441
grasp,RC206,RC,2,15,14,1115.5,5,10223,192,1,1051.1,6.127
grasp,RC206,RC,2,16,15,1118.8,4,9006,167,1,1051.1,6.441
grasp,RC206,RC,2,17,16,1119.4,4,11507,213,1,1051.1,6.498
grasp,RC206,RC,2,18,17,1115.8,4,17580,323,1,1051.1,6.155
grasp,RC206,RC,2,19,18,1125.9,4,8168,154,1,1051.1,7.116
grasp,RC206,RC,2,20,19,1129.1,4,12748,238,1,1051.1,7.421
grasp,RC206,RC,2,21,20,1114.8,5,15621,292,1,1051.1,6.060
grasp,RC206,RC,2,22,21,1116.8,4,10838,202,1,1051.1,6.251
grasp,RC206,RC,2,23,22,1154.1,4,7240,141,1,1051.1,9.799
grasp,RC206,RC,2,24,23,1119.6,4,12649,237,1,1051.1,6.517
grasp,RC206,RC,2,25,24,1115.8,4,16526,316,1,1051.1,6.155
grasp,RC206,RC,2,26,25,1111.1,5,15181,298,1,1051.1,5.708
grasp,RC206,RC,2,27,26,1110.4,4,10043,197,1,1051.1,5.642
grasp,RC206,RC,2,28,27,1110.7,4,19041,373,1,1051.1,5.670
grasp,RC206,RC,2,29,28,1091.4,5,19510,353,1,1051.1,3.834
grasp,RC206,RC,2,30,29,1098.5,4,9155,174,1,1051.1,4.510
i1,RC206,RC,2,1,0,1743.1,4,0,0,1,1051.1,65.836
rgrasp,RC206,RC,2,1,0,1121.7,5,12437,217,1,1051.1,6.717
rgrasp,RC206,RC,2,2,1,1113.3,5,24079,414,1,1051.1,5.918
rgrasp,RC206,RC,2,3,2,1103.2,5,8017,140,1,1051.1,4.957
rgrasp,RC206,RC,2,4,3,1091.1,5,25654,446,1,1051.1,3.806
rgrasp,RC206,RC,2,5,4,1123.4,5,7947,141,1,1051.1,6.879
rgrasp,RC206,RC,2,6,5,1105.5,4,10238,176,1,1051.1,5.176
rgrasp,RC206,RC,2,7,6,1123.4,4,12349,202,1,1051.1,6.879
rgrasp,RC206,RC,2,8,7,1121.1,4,10891,191,1,1051.1,6.660
rgrasp,RC206,RC,2,9,8,1116.8,4,11451,209,1,1051.1,6.251
rgrasp,RC206,RC,2,10,9,1097.0,4,8755,157,1,1051.1,4.367
rgrasp,RC206,RC,2,11,10,1124.0,4,26062,466,1,1051.1,6.936
rgrasp,RC206,RC,2,12,11,1115.4,4,18047,324,1,1051.1,6.117
rgrasp,RC206,RC,2,13,12,1118.1,4,10160,185,1,1051.1,6.374
rgrasp,RC206,RC,2,14,13,1096.2,4,17877,305,1,1051.1,4.291
rgrasp,RC206,RC,2,15,14,1094.6,4,11179,197,1,1051.1,4.139
rgrasp,RC206,RC,2,16,15,1125.4,5,8606,147,1,1051.1,7.069
rgrasp,RC206,RC,2,17,16,1133.2,4,13264,229,1,1051.1,7.811
rgrasp,RC206,RC,2,18,17,1110.9,4,7926,134,1,1051.1,5.689
rgrasp,RC206,RC,2,19,18,1152.1,4,9824,178,1,1051.1,9.609
rgrasp,RC206,RC,2,20,19,1113.0,4,9426,167,1,1051.1,5.889
rgrasp,RC206,RC,2,21,20,1104.8,5,10466,176,1,1051.1,5.109
rgrasp,RC206,RC,2,22,21,1114.8,4,14110,250,1,1051.1,6.060
rgrasp,RC206,RC,2,23,22,1107.1,4,16425,283,1,1051.1,5.328
rgrasp,RC206,RC,2,24,23,1130.7,5,8599,160,1,1051.1,7.573
rgrasp,RC206,RC,2,25,24,1090.4,5,22185,376,1,1051.1,3.739
rgrasp,RC206,RC,2,26,25,1123.7,4,13973,242,1,1051.1,6.907
rgrasp,RC206,RC,2,27,26,1131.0,4,16958,295,1,1051.1,7.602
rgrasp,RC206,RC,2,28,27,1132.0,4,11064,201,1,1051.1,7.697
rgrasp,RC206,RC,2,29,28,1115.8,4,15915,274,1,1051.1,6.155
rgrasp,RC206,RC,2,30,29,1106.3,5,11786,207,1,1051.1,5.252
tabu,RC206,RC,2,1,0,1130.9,4,6607,962,1,1051.1,7.592
vnd,RC206,RC,2,1,0,1218.2,4,62,0,1,1051.1,15.898
grasp,RC207,RC,2,1,0,1016.3,4,10570,177,1,962.9,5.546
grasp,RC207,RC,2,2,1,1033.2,4,14690,256,1,962.9,7.301
grasp,RC207,RC,2,3,2,1038.5,4,10256,173,1,962.9,7.851
grasp,RC207,RC,2,4,3,1022.5,4,19878,345,1,962.9,6.190
grasp,RC207,RC,2,5,4,1041.7,4,11149,195,1,962.9,8.184
grasp,RC207,RC,2,6,5,1021.6,4,12426,213,1,962.9,6.096
grasp,RC207,RC,2,7,6,1023.1,4,11035,189,1,962.9,6.252
grasp,RC207,RC,2,8,7,1035.8,4,7385,135,1,962.9,7.571
grasp,RC207,RC,2,9,8,1037.2,4,15458,262,1,962.9,7.716
grasp,RC207,RC,2,10,9,1023.0,4,13517,240,1,962.9,6.242
grasp,RC207,RC,2,11,10,1019.4,4,16559,280,1,962.9,5.868
grasp,RC207,RC,2,12,11,1027.4,4,7906,138,1,962.9,6.699
grasp,RC207,RC,2,13,12,1024.0,4,9664,173,1,962.9,6.345
grasp,RC207,RC,2,14,13,1045.0,4,13757,248,1,962.9,8.526
grasp,RC207,RC,2,15,14,1025.7,4,20699,361,1,962.9,6.522
grasp,RC207,RC,2,16,15,1034.1,4,10040,173,1,962.9,7.394
grasp,RC207,RC,2,17,16,1026.9,4,11147,190,1,962.9,6.647
grasp,RC207,RC,2,18,17,1026.0,4,11569,199,1,962.9,6.553
grasp,RC207,RC,2,19,18,1019.4,4,10971,184,1,962.9,5.868
grasp,RC207,RC,2,20,19,1055.0,4,9278,168,1,962.9,9.565
grasp,RC207,RC,2,21,20,1023.1,4,11459,198,1,962.9,6.252
grasp,RC207,RC,2,22,21,1042.1,4,18824,332,1,962.9,8.225
grasp,RC207,RC,2,23,22,1028.9,4,11491,209,1,962.9,6.854
grasp,RC207,RC,2,24,23,1030.2,4,15123,267,1,962.9,6.989
grasp,RC207,RC,2,25,24,1022.9,4,9142,157,1,962.9,6.231
grasp,RC207,RC,2,26,25,1026.1,4,12444,212,1,962.9,6.564
grasp,RC207,RC,2,27,26,1024.0,4,16646,284,1,962.9,6.345
grasp,RC207,RC,2,28,27,1024.1,4,11568,206,1,962.9,6.356
grasp,RC207,RC,2,29,28,1029.1,4,10870,201,1,962.9,6.875
grasp,RC207,RC,2,30,29,1033.3,4,10785,184,1,962.9,7.311
i1,RC207,RC,2,1,0,1565.7,4,0,0,1,962.9,62.603
rgrasp,RC207,RC,2,1,0,1033.1,4,13401,206,1,962.9,7.290
rgrasp,RC207,RC,2,2,1,1030.9,4,8446,133,1,962.9,7.062
rgrasp,RC207,RC,2,3,2,1030.3,4,15708,260,1,962.9,7.000
rgrasp,RC207,RC,2,4,3,1020.9,4,9626,160,1,962.9,6.023
rgrasp,RC207,RC,2,5,4,1054.5,5,8365,140,1,962.9,9.513
rgrasp,RC207,RC,2,6,5,1025.6,4,16927,265,1,962.9,6.512
rgrasp,RC207,RC,2,7,6,1031.6,4,14712,226,1,962.9,7.135
rgrasp,RC207,RC,2,8,7,1027.7,4,8326,135,1,962.9,6.730
rgrasp,RC207,RC,2,9,8,1030.9,4,16404,251,1,962.9,7.062
rgrasp,RC207,RC,2,10,9,1061.0,4,13956,224,1,962.9,10.188
rgrasp,RC207,RC,2,11,10,1060.4,4,16487,256,1,962.9,10.126
rgrasp,RC207,RC,2,12,11,1036.2,5,16571,266,1,962.9,7.612
rgrasp,RC207,RC,2,13,12,1036.2,4,19862,305,1,962.9,7.612
rgrasp,RC207,RC,2,14,13,1036.7,5,9352,150,1,962.9,7.664
rgrasp,RC207,RC,2,15,14,1054.2,4,10199,160,1,962.9,9.482
rgrasp,RC207,RC,2,16,15,1024.2,4,23886,393,1,962.9,6.366
rgrasp,RC207,RC,2,17,16,1047.9,4,14235,228,1,962.9,8.828
rgrasp,RC207,RC,2,18,17,1060.7,5,9865,164,1,962.9,10.157
rgrasp,RC207,RC,2,19,18,1016.7,4,22563,363,1,962.9,5.587
rgrasp,RC207,RC,2,20,19,1030.9,4,13972,233,1,962.9,7.062
rgrasp,RC207,RC,2,21,20,1015.2,4,9700,155,1,962.9,5.432
rgrasp,RC207,RC,2,22,21,1027.6,5,24893,392,1,962.9,6.719
rgrasp,RC207,RC,2,23,22,1018.3,4,9463,157,1,962.9,5.753
rgrasp,RC207,RC,2,24,23,1016.8,4,13000,202,1,962.9,5.598
rgrasp,RC207,RC,2,25,24,1015.2,4,12468,202,1,962.9,5.432
rgrasp,RC207,RC,2,26,25,1028.3,4,16823,266,1,962.9,6.792
rgrasp,RC207,RC,2,27,26,1025.6,4,29027,455,1,962.9,6.512
rgrasp,RC207,RC,2,28,27,1044.9,4,11638,184,1,962.9,8.516
rgrasp,RC207,RC,2,29,28,1032.7,4,11106,186,1,962.9,7.249
rgrasp,RC207,RC,2,30,29,1059.7,5,11281,180,1,962.9,10.053
tabu,RC207,RC,2,1,0,1089.2,4,8609,1202,1,962.9,13.117
vnd,RC207,RC,2,1,0,1195.0,4,46,0,1,962.9,24.104
grasp,RC208,RC,2,1,0,895.6,3,10102,232,1,776.1,15.398
grasp,RC208,RC,2,2,1,887.9,3,6693,155,1,776.1,14.405
grasp,RC208,RC,2,3,2,886.5,3,12941,294,1,776.1,14.225
grasp,RC208,RC,2,4,3,895.3,3,6437,158,1,776.1,15.359
grasp,RC208,RC,2,5,4,872.3,3,6171,133,1,776.1,12.395
grasp,RC208,RC,2,6,5,901.3,3,6663,151,1,776.1,16.132
grasp,RC208,RC,2,7,6,882.1,3,12813,277,1,776.1,13.658
grasp,RC208,RC,2,8,7,888.5,3,7755,183,1,776.1,14.483
grasp,RC208,RC,2,9,8,890.5,3,24565,541,1,776.1,14.740
grasp,RC208,RC,2,10,9,873.1,3,16427,382,1,776.1,12.498
grasp,RC208,RC,2,11,10,888.4,3,9033,211,1,776.1,14.470
grasp,RC208,RC,2,12,11,888.6,3,6251,142,1,776.1,14.496
grasp,RC208,RC,2,13,12,878.1,3,6553,147,1,776.1,13.143
grasp,RC208,RC,2,14,13,888.5,3,10133,232,1,776.1,14.483
grasp,RC208,RC,2,15,14,889.0,3,7990,191,1,776.1,14.547
grasp,RC208,RC,2,16,15,874.0,3,7945,176,1,776.1,12.614
grasp,RC208,RC,2,17,16,869.1,3,13926,297,1,776.1,11.983
grasp,RC208,RC,2,18,17,893.9,3,11102,266,1,776.1,15.178
grasp,RC208,RC,2,19,18,899.4,3,9986,214,1,776.1,15.887
grasp,RC208,RC,2,20,19,863.6,3,5969,139,1,776.1,11.274
grasp,RC208,RC,2,21,20,887.7,3,14775,322,1,776.1,14.380
grasp,RC208,RC,2,22,21,899.6,3,8914,206,1,776.1,15.913
grasp,RC208,RC,2,23,22,890.9,3,11540,264,1,776.1,14.792
grasp,RC208,RC,2,24,23,867.6,3,11537,269,1,776.1,11.790
grasp,RC208,RC,2,25,24,876.5,3,10496,238,1,776.1,12.936
grasp,RC208,RC,2,26,25,873.0,3,16512,354,1,776.1,12.486
grasp,RC208,RC,2,27,26,896.1,3,9397,225,1,776.1,15.462
grasp,RC208,RC,2,28,27,897.4,3,8549,209,1,776.1,15.629
grasp,RC208,RC,2,29,28,864.3,3,7281,162,1,776.1,11.365
grasp,RC208,RC,2,30,29,908.2,3,7597,183,1,776.1,17.021
i1,RC208,RC,2,1,0,1155.9,3,0,0,1,776.1,48.937
rgrasp,RC208,RC,2,1,0,879.1,4,10063,174,1,776.1,13.271
rgrasp,RC208,RC,2,2,1,883.0,3,8114,156,1,776.1,13.774
rgrasp,RC208,RC,2,3,2,890.4,3,11868,230,1,776.1,14.727
rgrasp,RC208,RC,2,4,3,900.2,3,8912,167,1,776.1,15.990
rgrasp,RC208,RC,2,5,4,886.7,3,8721,166,1,776.1,14.251
rgrasp,RC208,RC,2,6,5,879.0,4,7169,143,1,776.1,13.259
rgrasp,RC208,RC,2,7,6,880.1,3,18597,336,1,776.1,13.400
rgrasp,RC208,RC,2,8,7,890.0,4,15989,292,1,776.1,14.676
rgrasp,RC208,RC,2,9,8,912.2,3,7963,162,1,776.1,17.536
rgrasp,RC208,RC,2,10,9,895.3,3,7850,153,1,776.1,15.359
rgrasp,RC208,RC,2,11,10,872.2,4,15850,324,1,776.1,12.382
rgrasp,RC208,RC,2,12,11,868.1,4,13670,252,1,776.1,11.854
rgrasp,RC208,RC,2,13,12,890.9,3,15510,302,1,776.1,14.792
rgrasp,RC208,RC,2,14,13,899.4,4,9533,192,1,776.1,15.887
rgrasp,RC208,RC,2,15,14,855.1,4,18623,369,1,776.1,10.179
rgrasp,RC208,RC,2,16,15,870.5,3,11474,209,1,776.1,12.163
rgrasp,RC208,RC,2,17,16,852.9,4,16060,302,1,776.1,9.896
rgrasp,RC208,RC,2,18,17,896.3,3,11518,209,1,776.1,15.488
rgrasp,RC208,RC,2,19,18,871.1,4,8409,162,1,776.1,12.241
rgrasp,RC208,RC,2,20,19,849.2,4,19924,383,1,776.1,9.419
rgrasp,RC208,RC,2,21,20,896.1,3,7085,146,1,776.1,15.462
rgrasp,RC208,RC,2,22,21,894.6,4,8201,168,1,776.1,15.269
rgrasp,RC208,RC,2,23,22,892.9,3,10522,211,1,776.1,15.050
rgrasp,RC208,RC,2,24,23,872.9,3,10602,208,1,776.1,12.473
rgrasp,RC208,RC,2,25,24,895.0,3,7100,136,1,776.1,15.320
rgrasp,RC208,RC,2,26,25,901.4,3,16688,307,1,776.1,16.145
rgrasp,RC208,RC,2,27,26,846.4,4,16727,316,1,776.1,9.058
rgrasp,RC208,RC,2,28,27,893.6,3,8070,146,1,776.1,15.140
rgrasp,RC208,RC,2,29,28,903.3,3,8105,157,1,776.1,16.390
rgrasp,RC208,RC,2,30,29,892.5,3,12544,253,1,776.1,14.998
tabu,RC208,RC,2,1,0,915.4,3,7760,1002,1,776.1,17.949
vnd,RC208,RC,2,1,0,949.8,3,32,0,1,776.1,22.381
