algorithm,instance,family,type,seed,run_idx,distance,vehicles,time_ms,iters,feasible,ref_dinamics,gap_pct
grasp,C101,C,1,1,0,827.3,10,1837,251,1,827.3,0.000
grasp,C101,C,1,2,1,827.3,10,1985,251,1,827.3,0.000
grasp,C101,C,1,3,2,827.3,10,1835,251,1,827.3,0.000
grasp,C101,C,1,4,3,827.3,10,1981,251,1,827.3,0.000
grasp,C101,C,1,5,4,827.3,10,1823,251,1,827.3,0.000
grasp,C101,C,1,6,5,827.3,10,1985,251,1,827.3,0.000
grasp,C101,C,1,7,6,827.3,10,1840,251,1,827.3,0.000
grasp,C101,C,1,8,7,827.3,10,1836,251,1,827.3,0.000
grasp,C101,C,1,9,8,827.3,10,1833,251,1,827.3,0.000
grasp,C101,C,1,10,9,827.3,10,1829,251,1,827.3,0.000
grasp,C101,C,1,11,10,827.3,10,1992,251,1,827.3,0.000
grasp,C101,C,1,12,11,827.3,10,1990,251,1,827.3,0.000
grasp,C101,C,1,13,12,827.3,10,1849,251,1,827.3,0.000
grasp,C101,C,1,14,13,827.3,10,1992,251,1,827.3,0.000
grasp,C101,C,1,15,14,827.3,10,1858,251,1,827.3,0.000
grasp,C101,C,1,16,15,827.3,10,1844,251,1,827.3,0.000
grasp,C101,C,1,17,16,827.3,10,1859,251,1,827.3,0.000
grasp,C101,C,1,18,17,827.3,10,1835,251,1,827.3,0.000
grasp,C101,C,1,19,18,827.3,10,1851,251,1,827.3,0.000
grasp,C101,C,1,20,19,827.3,10,1998,251,1,827.3,0.000
grasp,C101,C,1,21,20,827.3,10,2002,251,1,827.3,0.000
grasp,C101,C,1,22,21,827.3,10,1849,251,1,827.3,0.000
grasp,C101,C,1,23,22,827.3,10,1980,251,1,827.3,0.000
grasp,C101,C,1,24,23,827.3,10,2000,251,1,827.3,0.000
grasp,C101,C,1,25,24,827.3,10,1845,251,1,827.3,0.000
grasp,C101,C,1,26,25,827.3,10,1988,251,1,827.3,0.000
grasp,C101,C,1,27,26,827.3,10,1854,251,1,827.3,0.000
grasp,C101,C,1,28,27,827.3,10,1975,251,1,827.3,0.000
grasp,C101,C,1,29,28,827.3,10,1862,251,1,827.3,0.000
grasp,C101,C,1,30,29,827.3,10,1855,251,1,827.3,0.000
i1,C101,C,1,1,0,922.0,10,0,0,1,827.3,11.447
rgrasp,C101,C,1,1,0,827.3,10,5355,251,1,827.3,0.000
rgrasp,C101,C,1,2,1,827.3,10,5267,251,1,827.3,0.000
rgrasp,C101,C,1,3,2,827.3,10,5288,251,1,827.3,0.000
rgrasp,C101,C,1,4,3,827.3,10,4816,251,1,827.3,0.000
rgrasp,C101,C,1,5,4,827.3,10,5253,251,1,827.3,0.000
rgrasp,C101,C,1,6,5,827.3,10,5197,251,1,827.3,0.000
rgrasp,C101,C,1,7,6,827.3,10,5236,251,1,827.3,0.000
rgrasp,C101,C,1,8,7,827.3,10,5156,251,1,827.3,0.000
rgrasp,C101,C,1,9,8,827.3,10,5139,251,1,827.3,0.000
rgrasp,C101,C,1,10,9,827.3,10,4927,251,1,827.3,0.000
rgrasp,C101,C,1,11,10,827.3,10,5230,251,1,827.3,0.000
rgrasp,C101,C,1,12,11,827.3,10,5457,251,1,827.3,0.000
rgrasp,C101,C,1,13,12,827.3,10,5724,251,1,827.3,0.000
rgrasp,C101,C,1,14,13,827.3,10,5213,251,1,827.3,0.000
rgrasp,C101,C,1,15,14,827.3,10,5348,251,1,827.3,0.000
rgrasp,C101,C,1,16,15,827.3,10,5201,251,1,827.3,0.000
rgrasp,C101,C,1,17,16,827.3,10,5272,251,1,827.3,0.000
rgrasp,C101,C,1,18,17,827.3,10,4830,251,1,827.3,0.000
rgrasp,C101,C,1,19,18,827.3,10,5063,251,1,827.3,0.000
rgrasp,C101,C,1,20,19,827.3,10,5052,251,1,827.3,0.000
rgrasp,C101,C,1,21,20,827.3,10,5161,251,1,827.3,0.000
rgrasp,C101,C,1,22,21,827.3,10,5088,251,1,827.3,0.000
rgrasp,C101,C,1,23,22,827.3,10,5213,251,1,827.3,0.000
rgrasp,C101,C,1,24,23,827.3,10,5494,251,1,827.3,0.000
rgrasp,C101,C,1,25,24,827.3,10,5393,251,1,827.3,0.000
rgrasp,C101,C,1,26,25,827.3,10,5460,251,1,827.3,0.000
rgrasp,C101,C,1,27,26,827.3,10,4987,251,1,827.3,0.000
rgrasp,C101,C,1,28,27,827.3,10,5208,251,1,827.3,0.000
rgrasp,C101,C,1,29,28,827.3,10,5389,251,1,827.3,0.000
rgrasp,C101,C,1,30,29,827.3,10,5158,251,1,827.3,0.000
tabu,C101,C,1,1,0,827.3,10,86,17,1,827.3,0.000
vnd,C101,C,1,1,0,827.3,10,7,0,1,827.3,0.000
grasp,C102,C,1,1,0,827.3,10,4562,251,1,827.3,0.000
grasp,C102,C,1,2,1,827.3,10,4453,251,1,827.3,0.000
grasp,C102,C,1,3,2,827.3,10,4436,251,1,827.3,0.000
grasp,C102,C,1,4,3,827.3,10,4543,252,1,827.3,0.000
grasp,C102,C,1,5,4,827.3,10,4508,252,1,827.3,0.000
grasp,C102,C,1,6,5,827.3,10,4941,257,1,827.3,0.000
grasp,C102,C,1,7,6,827.3,10,4421,254,1,827.3,0.000
grasp,C102,C,1,8,7,827.3,10,4715,253,1,827.3,0.000
grasp,C102,C,1,9,8,827.3,10,4594,251,1,827.3,0.000
grasp,C102,C,1,10,9,827.3,10,4521,255,1,827.3,0.000
grasp,C102,C,1,11,10,827.3,10,4624,251,1,827.3,0.000
grasp,C102,C,1,12,11,827.3,10,4581,253,1,827.3,0.000
grasp,C102,C,1,13,12,827.3,10,4618,253,1,827.3,0.000
grasp,C102,C,1,14,13,827.3,10,4529,251,1,827.3,0.000
grasp,C102,C,1,15,14,827.3,10,4286,251,1,827.3,0.000
grasp,C102,C,1,16,15,827.3,10,4572,251,1,827.3,0.000
grasp,C102,C,1,17,16,827.3,10,4571,251,1,827.3,0.000
grasp,C102,C,1,18,17,827.3,10,4553,254,1,827.3,0.000
grasp,C102,C,1,19,18,827.3,10,4606,251,1,827.3,0.000
grasp,C102,C,1,20,19,827.3,10,4502,251,1,827.3,0.000
grasp,C102,C,1,21,20,827.3,10,4712,251,1,827.3,0.000
grasp,C102,C,1,22,21,827.3,10,4864,253,1,827.3,0.000
grasp,C102,C,1,23,22,827.3,10,4660,252,1,827.3,0.000
grasp,C102,C,1,24,23,827.3,10,4461,251,1,827.3,0.000
grasp,C102,C,1,25,24,827.3,10,4671,252,1,827.3,0.000
grasp,C102,C,1,26,25,827.3,10,4443,251,1,827.3,0.000
grasp,C102,C,1,27,26,827.3,10,4380,252,1,827.3,0.000
grasp,C102,C,1,28,27,827.3,10,4797,252,1,827.3,0.000
grasp,C102,C,1,29,28,827.3,10,4573,251,1,827.3,0.000
grasp,C102,C,1,30,29,827.3,10,4473,252,1,827.3,0.000
i1,C102,C,1,1,0,1039.7,10,0,0,1,827.3,25.674
rgrasp,C102,C,1,1,0,827.3,10,8461,251,1,827.3,0.000
rgrasp,C102,C,1,2,1,827.3,10,8983,251,1,827.3,0.000
rgrasp,C102,C,1,3,2,827.3,10,8254,251,1,827.3,0.000
rgrasp,C102,C,1,4,3,827.3,10,8396,252,1,827.3,0.000
rgrasp,C102,C,1,5,4,827.3,10,8474,257,1,827.3,0.000
rgrasp,C102,C,1,6,5,827.3,10,8076,251,1,827.3,0.000
rgrasp,C102,C,1,7,6,827.3,10,8927,251,1,827.3,0.000
rgrasp,C102,C,1,8,7,827.3,10,8162,251,1,827.3,0.000
rgrasp,C102,C,1,9,8,827.3,10,9329,251,1,827.3,0.000
rgrasp,C102,C,1,10,9,827.3,10,8393,254,1,827.3,0.000
rgrasp,C102,C,1,11,10,827.3,10,8371,252,1,827.3,0.000
rgrasp,C102,C,1,12,11,827.3,10,8411,251,1,827.3,0.000
rgrasp,C102,C,1,13,12,827.3,10,8749,252,1,827.3,0.000
rgrasp,C102,C,1,14,13,827.3,10,8377,251,1,827.3,0.000
rgrasp,C102,C,1,15,14,827.3,10,8426,252,1,827.3,0.000
rgrasp,C102,C,1,16,15,827.3,10,8658,251,1,827.3,0.000
rgrasp,C102,C,1,17,16,827.3,10,8432,251,1,827.3,0.000
rgrasp,C102,C,1,18,17,827.3,10,8413,251,1,827.3,0.000
rgrasp,C102,C,1,19,18,827.3,10,8896,253,1,827.3,0.000
rgrasp,C102,C,1,20,19,827.3,10,8355,251,1,827.3,0.000
rgrasp,C102,C,1,21,20,827.3,10,9133,251,1,827.3,0.000
rgrasp,C102,C,1,22,21,827.3,10,8699,251,1,827.3,0.000
rgrasp,C102,C,1,23,22,827.3,10,8113,251,1,827.3,0.000
rgrasp,C102,C,1,24,23,827.3,10,8990,252,1,827.3,0.000
rgrasp,C102,C,1,25,24,827.3,10,8557,251,1,827.3,0.000
rgrasp,C102,C,1,26,25,827.3,10,8219,251,1,827.3,0.000
rgrasp,C102,C,1,27,26,827.3,10,8608,251,1,827.3,0.000
rgrasp,C102,C,1,28,27,827.3,10,8910,253,1,827.3,0.000
rgrasp,C102,C,1,29,28,827.3,10,8022,251,1,827.3,0.000
rgrasp,C102,C,1,30,29,827.3,10,8807,252,1,827.3,0.000
tabu,C102,C,1,1,0,827.3,10,7185,1416,1,827.3,0.000
vnd,C102,C,1,1,0,841.1,10,11,0,1,827.3,1.668
grasp,C103,C,1,1,0,826.3,10,7127,252,1,826.3,0.000
grasp,C103,C,1,2,1,826.3,10,6978,253,1,826.3,0.000
grasp,C103,C,1,3,2,826.3,10,6731,259,1,826.3,0.000
grasp,C103,C,1,4,3,826.3,10,6881,251,1,826.3,0.000
grasp,C103,C,1,5,4,826.3,10,6692,258,1,826.3,0.000
grasp,C103,C,1,6,5,826.3,10,7006,252,1,826.3,0.000
grasp,C103,C,1,7,6,826.3,10,6816,251,1,826.3,0.000
grasp,C103,C,1,8,7,826.3,10,6763,251,1,826.3,0.000
grasp,C103,C,1,9,8,826.3,10,7082,260,1,826.3,0.000
grasp,C103,C,1,10,9,826.3,10,6886,251,1,826.3,0.000
grasp,C103,C,1,11,10,826.3,10,6814,254,1,826.3,0.000
grasp,C103,C,1,12,11,826.3,10,7020,256,1,826.3,0.000
grasp,C103,C,1,13,12,826.3,10,7018,252,1,826.3,0.000
grasp,C103,C,1,14,13,826.3,10,6557,251,1,826.3,0.000
grasp,C103,C,1,15,14,826.3,10,7114,253,1,826.3,0.000
grasp,C103,C,1,16,15,826.3,10,6930,257,1,826.3,0.000
grasp,C103,C,1,17,16,826.3,10,7285,261,1,826.3,0.000
grasp,C103,C,1,18,17,826.3,10,6759,253,1,826.3,0.000
grasp,C103,C,1,19,18,826.3,10,6905,254,1,826.3,0.000
grasp,C103,C,1,20,19,826.3,10,6629,251,1,826.3,0.000
grasp,C103,C,1,21,20,826.3,10,6954,255,1,826.3,0.000
grasp,C103,C,1,22,21,826.3,10,7693,276,1,826.3,0.000
grasp,C103,C,1,23,22,826.3,10,6839,252,1,826.3,0.000
grasp,C103,C,1,24,23,826.3,10,7252,254,1,826.3,0.000
grasp,C103,C,1,25,24,826.3,10,7140,260,1,826.3,0.000
grasp,C103,C,1,26,25,826.3,10,7214,260,1,826.3,0.000
grasp,C103,C,1,27,26,826.3,10,7134,253,1,826.3,0.000
grasp,C103,C,1,28,27,826.3,10,6880,252,1,826.3,0.000
grasp,C103,C,1,29,28,826.3,10,6686,251,1,826.3,0.000
grasp,C103,C,1,30,29,826.3,10,7275,255,1,826.3,0.000
i1,C103,C,1,1,0,1221.7,11,0,0,1,826.3,47.852
rgrasp,C103,C,1,1,0,826.3,10,11690,253,1,826.3,0.000
rgrasp,C103,C,1,2,1,826.3,10,11486,254,1,826.3,0.000
rgrasp,C103,C,1,3,2,826.3,10,12254,275,1,826.3,0.000
rgrasp,C103,C,1,4,3,826.3,10,12412,266,1,826.3,0.000
rgrasp,C103,C,1,5,4,826.3,10,11336,262,1,826.3,0.000
rgrasp,C103,C,1,6,5,826.3,10,14266,313,1,826.3,0.000
rgrasp,C103,C,1,7,6,826.3,10,12919,287,1,826.3,0.000
rgrasp,C103,C,1,8,7,826.3,10,12972,294,1,826.3,0.000
rgrasp,C103,C,1,9,8,826.3,10,11792,264,1,826.3,0.000
rgrasp,C103,C,1,10,9,826.3,10,11301,252,1,826.3,0.000
rgrasp,C103,C,1,11,10,826.3,10,13064,282,1,826.3,0.000
rgrasp,C103,C,1,12,11,826.3,10,11618,253,1,826.3,0.000
rgrasp,C103,C,1,13,12,826.3,10,12213,261,1,826.3,0.000
rgrasp,C103,C,1,14,13,826.3,10,12976,274,1,826.3,0.000
rgrasp,C103,C,1,15,14,826.3,10,12162,267,1,826.3,0.000
rgrasp,C103,C,1,16,15,826.3,10,11661,253,1,826.3,0.000
rgrasp,C103,C,1,17,16,826.3,10,12606,282,1,826.3,0.000
rgrasp,C103,C,1,18,17,826.3,10,11874,253,1,826.3,0.000
rgrasp,C103,C,1,19,18,826.3,10,11868,252,1,826.3,0.000
rgrasp,C103,C,1,20,19,826.3,10,12091,266,1,826.3,0.000
rgrasp,C103,C,1,21,20,826.3,10,12927,271,1,826.3,0.000
rgrasp,C103,C,1,22,21,826.3,10,12405,270,1,826.3,0.000
rgrasp,C103,C,1,23,22,826.3,10,11755,268,1,826.3,0.000
rgrasp,C103,C,1,24,23,826.3,10,12343,271,1,826.3,0.000
rgrasp,C103,C,1,25,24,826.3,10,11963,265,1,826.3,0.000
rgrasp,C103,C,1,26,25,826.3,10,11847,262,1,826.3,0.000
rgrasp,C103,C,1,27,26,826.3,10,11964,253,1,826.3,0.000
rgrasp,C103,C,1,28,27,826.3,10,11459,253,1,826.3,0.000
rgrasp,C103,C,1,29,28,826.3,10,12122,270,1,826.3,0.000
rgrasp,C103,C,1,30,29,826.3,10,11695,254,1,826.3,0.000
tabu,C103,C,1,1,0,826.3,10,7566,1539,1,826.3,0.000
vnd,C103,C,1,1,0,873.2,10,35,0,1,826.3,5.676
grasp,C104,C,1,1,0,822.9,10,9047,251,1,822.9,0.000
grasp,C104,C,1,2,1,822.9,10,8810,257,1,822.9,0.000
grasp,C104,C,1,3,2,822.9,10,8989,267,1,822.9,0.000
grasp,C104,C,1,4,3,822.9,10,9173,265,1,822.9,0.000
grasp,C104,C,1,5,4,822.9,10,8940,265,1,822.9,0.000
grasp,C104,C,1,6,5,822.9,10,9787,277,1,822.9,0.000
grasp,C104,C,1,7,6,822.9,10,9690,270,1,822.9,0.000
grasp,C104,C,1,8,7,822.9,10,9443,271,1,822.9,0.000
grasp,C104,C,1,9,8,822.9,10,9344,265,1,822.9,0.000
grasp,C104,C,1,10,9,822.9,10,10149,287,1,822.9,0.000
grasp,C104,C,1,11,10,822.9,10,9085,265,1,822.9,0.000
grasp,C104,C,1,12,11,822.9,10,8845,256,1,822.9,0.000
grasp,C104,C,1,13,12,822.9,10,8339,252,1,822.9,0.000
grasp,C104,C,1,14,13,822.9,10,9706,270,1,822.9,0.000
grasp,C104,C,1,15,14,822.9,10,9189,275,1,822.9,0.000
grasp,C104,C,1,16,15,822.9,10,8987,252,1,822.9,0.000
grasp,C104,C,1,17,16,822.9,10,9845,284,1,822.9,0.000
grasp,C104,C,1,18,17,822.9,10,8890,257,1,822.9,0.000
grasp,C104,C,1,19,18,822.9,10,9601,271,1,822.9,0.000
grasp,C104,C,1,20,19,822.9,10,10782,311,1,822.9,0.000
grasp,C104,C,1,21,20,822.9,10,9541,280,1,822.9,0.000
grasp,C104,C,1,22,21,822.9,10,8554,253,1,822.9,0.000
grasp,C104,C,1,23,22,822.9,10,8913,253,1,822.9,0.000
grasp,C104,C,1,24,23,822.9,10,9432,268,1,822.9,0.000
grasp,C104,C,1,25,24,822.9,10,9672,268,1,822.9,0.000
grasp,C104,C,1,26,25,822.9,10,9957,274,1,822.9,0.000
grasp,C104,C,1,27,26,822.9,10,8646,257,1,822.9,0.000
grasp,C104,C,1,28,27,822.9,10,9496,276,1,822.9,0.000
grasp,C104,C,1,29,28,822.9,10,12717,354,1,822.9,0.000
grasp,C104,C,1,30,29,822.9,10,9769,277,1,822.9,0.000
i1,C104,C,1,1,0,1148.2,10,0,0,1,822.9,39.531
rgrasp,C104,C,1,1,0,822.9,10,17598,317,1,822.9,0.000
rgrasp,C104,C,1,2,1,822.9,10,14483,253,1,822.9,0.000
rgrasp,C104,C,1,3,2,822.9,10,20048,350,1,822.9,0.000
rgrasp,C104,C,1,4,3,822.9,10,18212,323,1,822.9,0.000
rgrasp,C104,C,1,5,4,822.9,10,16540,304,1,822.9,0.000
rgrasp,C104,C,1,6,5,822.9,10,15373,288,1,822.9,0.000
rgrasp,C104,C,1,7,6,822.9,10,13873,255,1,822.9,0.000
rgrasp,C104,C,1,8,7,826.0,10,14966,271,1,822.9,0.377
rgrasp,C104,C,1,9,8,822.9,10,15418,284,1,822.9,0.000
rgrasp,C104,C,1,10,9,822.9,10,14616,266,1,822.9,0.000
rgrasp,C104,C,1,11,10,822.9,10,15334,280,1,822.9,0.000
rgrasp,C104,C,1,12,11,822.9,10,19209,338,1,822.9,0.000
rgrasp,C104,C,1,13,12,822.9,10,19160,333,1,822.9,0.000
rgrasp,C104,C,1,14,13,822.9,10,17089,311,1,822.9,0.000
rgrasp,C104,C,1,15,14,822.9,10,27310,492,1,822.9,0.000
rgrasp,C104,C,1,16,15,822.9,10,14486,251,1,822.9,0.000
rgrasp,C104,C,1,17,16,822.9,10,17111,305,1,822.9,0.000
rgrasp,C104,C,1,18,17,822.9,10,13746,252,1,822.9,0.000
rgrasp,C104,C,1,19,18,822.9,10,15262,270,1,822.9,0.000
rgrasp,C104,C,1,20,19,822.9,10,14872,263,1,822.9,0.000
rgrasp,C104,C,1,21,20,822.9,10,21397,388,1,822.9,0.000
rgrasp,C104,C,1,22,21,822.9,10,14364,251,1,822.9,0.000
rgrasp,C104,C,1,23,22,822.9,10,16991,299,1,822.9,0.000
rgrasp,C104,C,1,24,23,822.9,10,14983,278,1,822.9,0.000
rgrasp,C104,C,1,25,24,822.9,10,14041,254,1,822.9,0.000
rgrasp,C104,C,1,26,25,822.9,10,19535,329,1,822.9,0.000
rgrasp,C104,C,1,27,26,822.9,10,15002,274,1,822.9,0.000
rgrasp,C104,C,1,28,27,822.9,10,16350,304,1,822.9,0.000
rgrasp,C104,C,1,29,28,822.9,10,15106,278,1,822.9,0.000
rgrasp,C104,C,1,30,29,822.9,10,22498,296,1,822.9,0.000
tabu,C104,C,1,1,0,824.6,10,7611,1606,1,822.9,0.207
vnd,C104,C,1,1,0,898.2,10,49,0,1,822.9,9.151
grasp,C105,C,1,1,0,827.3,10,2112,251,1,827.3,0.000
grasp,C105,C,1,2,1,827.3,10,2080,251,1,827.3,0.000
grasp,C105,C,1,3,2,827.3,10,2105,251,1,827.3,0.000
grasp,C105,C,1,4,3,827.3,10,2133,251,1,827.3,0.000
grasp,C105,C,1,5,4,827.3,10,2005,251,1,827.3,0.000
grasp,C105,C,1,6,5,827.3,10,2106,251,1,827.3,0.000
grasp,C105,C,1,7,6,827.3,10,2099,251,1,827.3,0.000
grasp,C105,C,1,8,7,827.3,10,2063,251,1,827.3,0.000
grasp,C105,C,1,9,8,827.3,10,2003,251,1,827.3,0.000
grasp,C105,C,1,10,9,827.3,10,2037,251,1,827.3,0.000
grasp,C105,C,1,11,10,827.3,10,2098,251,1,827.3,0.000
grasp,C105,C,1,12,11,827.3,10,2121,251,1,827.3,0.000
grasp,C105,C,1,13,12,827.3,10,1954,251,1,827.3,0.000
grasp,C105,C,1,14,13,827.3,10,2094,251,1,827.3,0.000
grasp,C105,C,1,15,14,827.3,10,2001,251,1,827.3,0.000
grasp,C105,C,1,16,15,827.3,10,2109,251,1,827.3,0.000
grasp,C105,C,1,17,16,827.3,10,2034,251,1,827.3,0.000
grasp,C105,C,1,18,17,827.3,10,2090,251,1,827.3,0.000
grasp,C105,C,1,19,18,827.3,10,1986,251,1,827.3,0.000
grasp,C105,C,1,20,19,827.3,10,2010,251,1,827.3,0.000
grasp,C105,C,1,21,20,827.3,10,2090,251,1,827.3,0.000
grasp,C105,C,1,22,21,827.3,10,2113,251,1,827.3,0.000
grasp,C105,C,1,23,22,827.3,10,2099,251,1,827.3,0.000
grasp,C105,C,1,24,23,827.3,10,1981,251,1,827.3,0.000
grasp,C105,C,1,25,24,827.3,10,1985,251,1,827.3,0.000
grasp,C105,C,1,26,25,827.3,10,2086,251,1,827.3,0.000
grasp,C105,C,1,27,26,827.3,10,2080,251,1,827.3,0.000
grasp,C105,C,1,28,27,827.3,10,2126,251,1,827.3,0.000
grasp,C105,C,1,29,28,827.3,10,1960,251,1,827.3,0.000
grasp,C105,C,1,30,29,827.3,10,2100,251,1,827.3,0.000
i1,C105,C,1,1,0,878.9,10,0,0,1,827.3,6.237
rgrasp,C105,C,1,1,0,827.3,10,6602,251,1,827.3,0.000
rgrasp,C105,C,1,2,1,827.3,10,6091,251,1,827.3,0.000
rgrasp,C105,C,1,3,2,827.3,10,6884,251,1,827.3,0.000
rgrasp,C105,C,1,4,3,827.3,10,6456,251,1,827.3,0.000
rgrasp,C105,C,1,5,4,827.3,10,6795,251,1,827.3,0.000
rgrasp,C105,C,1,6,5,827.3,10,6457,251,1,827.3,0.000
rgrasp,C105,C,1,7,6,827.3,10,6604,251,1,827.3,0.000
rgrasp,C105,C,1,8,7,827.3,10,7191,251,1,827.3,0.000
rgrasp,C105,C,1,9,8,827.3,10,6344,251,1,827.3,0.000
rgrasp,C105,C,1,10,9,827.3,10,7121,251,1,827.3,0.000
rgrasp,C105,C,1,11,10,827.3,10,6463,251,1,827.3,0.000
rgrasp,C105,C,1,12,11,827.3,10,6791,251,1,827.3,0.000
rgrasp,C105,C,1,13,12,827.3,10,7209,251,1,827.3,0.000
rgrasp,C105,C,1,14,13,827.3,10,6470,251,1,827.3,0.000
rgrasp,C105,C,1,15,14,827.3,10,6937,251,1,827.3,0.000
rgrasp,C105,C,1,16,15,827.3,10,6602,251,1,827.3,0.000
rgrasp,C105,C,1,17,16,827.3,10,7090,251,1,827.3,0.000
rgrasp,C105,C,1,18,17,827.3,10,6997,251,1,827.3,0.000
rgrasp,C105,C,1,19,18,827.3,10,6256,251,1,827.3,0.000
rgrasp,C105,C,1,20,19,827.3,10,6840,251,1,827.3,0.000
rgrasp,C105,C,1,21,20,827.3,10,7207,251,1,827.3,0.000
rgrasp,C105,C,1,22,21,827.3,10,6422,251,1,827.3,0.000
rgrasp,C105,C,1,23,22,827.3,10,6322,251,1,827.3,0.000
rgrasp,C105,C,1,24,23,827.3,10,6789,251,1,827.3,0.000
rgrasp,C105,C,1,25,24,827.3,10,7117,251,1,827.3,0.000
rgrasp,C105,C,1,26,25,827.3,10,5991,251,1,827.3,0.000
rgrasp,C105,C,1,27,26,827.3,10,6554,251,1,827.3,0.000
rgrasp,C105,C,1,28,27,827.3,10,7233,251,1,827.3,0.000
rgrasp,C105,C,1,29,28,827.3,10,6653,251,1,827.3,0.000
rgrasp,C105,C,1,30,29,827.3,10,6997,251,1,827.3,0.000
tabu,C105,C,1,1,0,827.3,10,254,50,1,827.3,0.000
vnd,C105,C,1,1,0,827.3,10,8,0,1,827.3,0.000
grasp,C106,C,1,1,0,827.3,10,2842,251,1,827.3,0.000
grasp,C106,C,1,2,1,827.3,10,3015,251,1,827.3,0.000
grasp,C106,C,1,3,2,827.3,10,2825,251,1,827.3,0.000
grasp,C106,C,1,4,3,827.3,10,2982,251,1,827.3,0.000
grasp,C106,C,1,5,4,827.3,10,2842,252,1,827.3,0.000
grasp,C106,C,1,6,5,827.3,10,2966,251,1,827.3,0.000
grasp,C106,C,1,7,6,827.3,10,2886,251,1,827.3,0.000
grasp,C106,C,1,8,7,827.3,10,2964,251,1,827.3,0.000
grasp,C106,C,1,9,8,827.3,10,2980,251,1,827.3,0.000
grasp,C106,C,1,10,9,827.3,10,2888,252,1,827.3,0.000
grasp,C106,C,1,11,10,827.3,10,2681,251,1,827.3,0.000
grasp,C106,C,1,12,11,827.3,10,2943,252,1,827.3,0.000
grasp,C106,C,1,13,12,827.3,10,2878,251,1,827.3,0.000
grasp,C106,C,1,14,13,827.3,10,2637,251,1,827.3,0.000
grasp,C106,C,1,15,14,827.3,10,2852,251,1,827.3,0.000
grasp,C106,C,1,16,15,827.3,10,2898,251,1,827.3,0.000
grasp,C106,C,1,17,16,827.3,10,2944,251,1,827.3,0.000
grasp,C106,C,1,18,17,827.3,10,2821,251,1,827.3,0.000
grasp,C106,C,1,19,18,827.3,10,2782,251,1,827.3,0.000
grasp,C106,C,1,20,19,827.3,10,3002,251,1,827.3,0.000
grasp,C106,C,1,21,20,827.3,10,2935,251,1,827.3,0.000
grasp,C106,C,1,22,21,827.3,10,2677,251,1,827.3,0.000
grasp,C106,C,1,23,22,827.3,10,2937,251,1,827.3,0.000
grasp,C106,C,1,24,23,827.3,10,2753,252,1,827.3,0.000
grasp,C106,C,1,25,24,827.3,10,2903,251,1,827.3,0.000
grasp,C106,C,1,26,25,827.3,10,3116,254,1,827.3,0.000
grasp,C106,C,1,27,26,827.3,10,2610,251,1,827.3,0.000
grasp,C106,C,1,28,27,827.3,10,2656,251,1,827.3,0.000
grasp,C106,C,1,29,28,827.3,10,2937,252,1,827.3,0.000
grasp,C106,C,1,30,29,827.3,10,2778,252,1,827.3,0.000
i1,C106,C,1,1,0,951.2,11,0,0,1,827.3,14.976
rgrasp,C106,C,1,1,0,827.3,10,8179,251,1,827.3,0.000
rgrasp,C106,C,1,2,1,827.3,10,7975,251,1,827.3,0.000
rgrasp,C106,C,1,3,2,827.3,10,7689,251,1,827.3,0.000
rgrasp,C106,C,1,4,3,827.3,10,7767,251,1,827.3,0.000
rgrasp,C106,C,1,5,4,827.3,10,8105,251,1,827.3,0.000
rgrasp,C106,C,1,6,5,827.3,10,7682,251,1,827.3,0.000
rgrasp,C106,C,1,7,6,827.3,10,8412,251,1,827.3,0.000
rgrasp,C106,C,1,8,7,827.3,10,7462,251,1,827.3,0.000
rgrasp,C106,C,1,9,8,827.3,10,7987,251,1,827.3,0.000
rgrasp,C106,C,1,10,9,827.3,10,8557,251,1,827.3,0.000
rgrasp,C106,C,1,11,10,827.3,10,7682,251,1,827.3,0.000
rgrasp,C106,C,1,12,11,827.3,10,7821,251,1,827.3,0.000
rgrasp,C106,C,1,13,12,827.3,10,7331,251,1,827.3,0.000
rgrasp,C106,C,1,14,13,827.3,10,7598,251,1,827.3,0.000
rgrasp,C106,C,1,15,14,827.3,10,7905,251,1,827.3,0.000
rgrasp,C106,C,1,16,15,827.3,10,7799,251,1,827.3,0.000
rgrasp,C106,C,1,17,16,827.3,10,7324,251,1,827.3,0.000
rgrasp,C106,C,1,18,17,827.3,10,7715,251,1,827.3,0.000
rgrasp,C106,C,1,19,18,827.3,10,7699,251,1,827.3,0.000
rgrasp,C106,C,1,20,19,827.3,10,8427,251,1,827.3,0.000
rgrasp,C106,C,1,21,20,827.3,10,7871,251,1,827.3,0.000
rgrasp,C106,C,1,22,21,827.3,10,8003,251,1,827.3,0.000
rgrasp,C106,C,1,23,22,827.3,10,7970,251,1,827.3,0.000
rgrasp,C106,C,1,24,23,827.3,10,7879,251,1,827.3,0.000
rgrasp,C106,C,1,25,24,827.3,10,8636,251,1,827.3,0.000
rgrasp,C106,C,1,26,25,827.3,10,8300,251,1,827.3,0.000
rgrasp,C106,C,1,27,26,827.3,10,7334,251,1,827.3,0.000
rgrasp,C106,C,1,28,27,827.3,10,8313,251,1,827.3,0.000
rgrasp,C106,C,1,29,28,827.3,10,7824,251,1,827.3,0.000
rgrasp,C106,C,1,30,29,827.3,10,7421,251,1,827.3,0.000
tabu,C106,C,1,1,0,827.3,10,6450,1412,1,827.3,0.000
vnd,C106,C,1,1,0,827.3,10,14,0,1,827.3,0.000
grasp,C107,C,1,1,0,827.3,10,2048,251,1,827.3,0.000
grasp,C107,C,1,2,1,827.3,10,2173,251,1,827.3,0.000
grasp,C107,C,1,3,2,827.3,10,2086,251,1,827.3,0.000
grasp,C107,C,1,4,3,827.3,10,2025,251,1,827.3,0.000
grasp,C107,C,1,5,4,827.3,10,2043,251,1,827.3,0.000
grasp,C107,C,1,6,5,827.3,10,1984,251,1,827.3,0.000
grasp,C107,C,1,7,6,827.3,10,2123,251,1,827.3,0.000
grasp,C107,C,1,8,7,827.3,10,2067,251,1,827.3,0.000
grasp,C107,C,1,9,8,827.3,10,2035,251,1,827.3,0.000
grasp,C107,C,1,10,9,827.3,10,2117,251,1,827.3,0.000
grasp,C107,C,1,11,10,827.3,10,2136,251,1,827.3,0.000
grasp,C107,C,1,12,11,827.3,10,2020,251,1,827.3,0.000
grasp,C107,C,1,13,12,827.3,10,2136,251,1,827.3,0.000
grasp,C107,C,1,14,13,827.3,10,1974,251,1,827.3,0.000
grasp,C107,C,1,15,14,827.3,10,2018,251,1,827.3,0.000
grasp,C107,C,1,16,15,827.3,10,2128,251,1,827.3,0.000
grasp,C107,C,1,17,16,827.3,10,2005,251,1,827.3,0.000
grasp,C107,C,1,18,17,827.3,10,2141,251,1,827.3,0.000
grasp,C107,C,1,19,18,827.3,10,2032,251,1,827.3,0.000
grasp,C107,C,1,20,19,827.3,10,2114,251,1,827.3,0.000
grasp,C107,C,1,21,20,827.3,10,2016,251,1,827.3,0.000
grasp,C107,C,1,22,21,827.3,10,2133,251,1,827.3,0.000
grasp,C107,C,1,23,22,827.3,10,2032,251,1,827.3,0.000
grasp,C107,C,1,24,23,827.3,10,2130,251,1,827.3,0.000
grasp,C107,C,1,25,24,827.3,10,2003,251,1,827.3,0.000
grasp,C107,C,1,26,25,827.3,10,2005,251,1,827.3,0.000
grasp,C107,C,1,27,26,827.3,10,2112,251,1,827.3,0.000
grasp,C107,C,1,28,27,827.3,10,2034,251,1,827.3,0.000
grasp,C107,C,1,29,28,827.3,10,2060,251,1,827.3,0.000
grasp,C107,C,1,30,29,827.3,10,2115,251,1,827.3,0.000
i1,C107,C,1,1,0,902.4,10,0,0,1,827.3,9.078
rgrasp,C107,C,1,1,0,827.3,10,8231,251,1,827.3,0.000
rgrasp,C107,C,1,2,1,827.3,10,7411,251,1,827.3,0.000
rgrasp,C107,C,1,3,2,827.3,10,7912,251,1,827.3,0.000
rgrasp,C107,C,1,4,3,827.3,10,7690,251,1,827.3,0.000
rgrasp,C107,C,1,5,4,827.3,10,7023,251,1,827.3,0.000
rgrasp,C107,C,1,6,5,827.3,10,8756,251,1,827.3,0.000
rgrasp,C107,C,1,7,6,827.3,10,7751,251,1,827.3,0.000
rgrasp,C107,C,1,8,7,827.3,10,7634,251,1,827.3,0.000
rgrasp,C107,C,1,9,8,827.3,10,8050,251,1,827.3,0.000
rgrasp,C107,C,1,10,9,827.3,10,7729,251,1,827.3,0.000
rgrasp,C107,C,1,11,10,827.3,10,7488,251,1,827.3,0.000
rgrasp,C107,C,1,12,11,827.3,10,8086,251,1,827.3,0.000
rgrasp,C107,C,1,13,12,827.3,10,7911,251,1,827.3,0.000
rgrasp,C107,C,1,14,13,827.3,10,8465,251,1,827.3,0.000
rgrasp,C107,C,1,15,14,827.3,10,7385,251,1,827.3,0.000
rgrasp,C107,C,1,16,15,827.3,10,7427,251,1,827.3,0.000
rgrasp,C107,C,1,17,16,827.3,10,7898,251,1,827.3,0.000
rgrasp,C107,C,1,18,17,827.3,10,8482,251,1,827.3,0.000
rgrasp,C107,C,1,19,18,827.3,10,7716,251,1,827.3,0.000
rgrasp,C107,C,1,20,19,827.3,10,7801,251,1,827.3,0.000
rgrasp,C107,C,1,21,20,827.3,10,8426,251,1,827.3,0.000
rgrasp,C107,C,1,22,21,827.3,10,8116,251,1,827.3,0.000
rgrasp,C107,C,1,23,22,827.3,10,7853,251,1,827.3,0.000
rgrasp,C107,C,1,24,23,827.3,10,7726,251,1,827.3,0.000
rgrasp,C107,C,1,25,24,827.3,10,7575,251,1,827.3,0.000
rgrasp,C107,C,1,26,25,827.3,10,6862,251,1,827.3,0.000
rgrasp,C107,C,1,27,26,827.3,10,7160,251,1,827.3,0.000
rgrasp,C107,C,1,28,27,827.3,10,8199,251,1,827.3,0.000
rgrasp,C107,C,1,29,28,827.3,10,7751,251,1,827.3,0.000
rgrasp,C107,C,1,30,29,827.3,10,7686,251,1,827.3,0.000
tabu,C107,C,1,1,0,827.3,10,6476,1406,1,827.3,0.000
vnd,C107,C,1,1,0,827.3,10,7,0,1,827.3,0.000
grasp,C108,C,1,1,0,827.3,10,3581,252,1,827.3,0.000
grasp,C108,C,1,2,1,827.3,10,3405,251,1,827.3,0.000
grasp,C108,C,1,3,2,827.3,10,3313,251,1,827.3,0.000
grasp,C108,C,1,4,3,827.3,10,3456,251,1,827.3,0.000
grasp,C108,C,1,5,4,827.3,10,3282,251,1,827.3,0.000
grasp,C108,C,1,6,5,827.3,10,3295,251,1,827.3,0.000
grasp,C108,C,1,7,6,827.3,10,3410,251,1,827.3,0.000
grasp,C108,C,1,8,7,827.3,10,3481,251,1,827.3,0.000
grasp,C108,C,1,9,8,827.3,10,3497,251,1,827.3,0.000
grasp,C108,C,1,10,9,827.3,10,3491,252,1,827.3,0.000
grasp,C108,C,1,11,10,827.3,10,3438,251,1,827.3,0.000
grasp,C108,C,1,12,11,827.3,10,3364,252,1,827.3,0.000
grasp,C108,C,1,13,12,827.3,10,3431,251,1,827.3,0.000
grasp,C108,C,1,14,13,827.3,10,3529,251,1,827.3,0.000
grasp,C108,C,1,15,14,827.3,10,3525,252,1,827.3,0.000
grasp,C108,C,1,16,15,827.3,10,3331,251,1,827.3,0.000
grasp,C108,C,1,17,16,827.3,10,3495,252,1,827.3,0.000
grasp,C108,C,1,18,17,827.3,10,3339,251,1,827.3,0.000
grasp,C108,C,1,19,18,827.3,10,3367,252,1,827.3,0.000
grasp,C108,C,1,20,19,827.3,10,3519,251,1,827.3,0.000
grasp,C108,C,1,21,20,827.3,10,3645,251,1,827.3,0.000
grasp,C108,C,1,22,21,827.3,10,3405,251,1,827.3,0.000
grasp,C108,C,1,23,22,827.3,10,3498,251,1,827.3,0.000
grasp,C108,C,1,24,23,827.3,10,3494,253,1,827.3,0.000
grasp,C108,C,1,25,24,827.3,10,3548,251,1,827.3,0.000
grasp,C108,C,1,26,25,827.3,10,3237,251,1,827.3,0.000
grasp,C108,C,1,27,26,827.3,10,3575,251,1,827.3,0.000
grasp,C108,C,1,28,27,827.3,10,3552,251,1,827.3,0.000
grasp,C108,C,1,29,28,827.3,10,3479,251,1,827.3,0.000
grasp,C108,C,1,30,29,827.3,10,3407,251,1,827.3,0.000
i1,C108,C,1,1,0,975.2,10,0,0,1,827.3,17.877
rgrasp,C108,C,1,1,0,827.3,10,9114,251,1,827.3,0.000
rgrasp,C108,C,1,2,1,827.3,10,9525,252,1,827.3,0.000
rgrasp,C108,C,1,3,2,827.3,10,8737,251,1,827.3,0.000
rgrasp,C108,C,1,4,3,827.3,10,10007,251,1,827.3,0.000
rgrasp,C108,C,1,5,4,827.3,10,8755,251,1,827.3,0.000
rgrasp,C108,C,1,6,5,827.3,10,8898,251,1,827.3,0.000
rgrasp,C108,C,1,7,6,827.3,10,9487,251,1,827.3,0.000
rgrasp,C108,C,1,8,7,827.3,10,8605,252,1,827.3,0.000
rgrasp,C108,C,1,9,8,827.3,10,9318,252,1,827.3,0.000
rgrasp,C108,C,1,10,9,827.3,10,9310,251,1,827.3,0.000
rgrasp,C108,C,1,11,10,827.3,10,9355,253,1,827.3,0.000
rgrasp,C108,C,1,12,11,827.3,10,9089,253,1,827.3,0.000
rgrasp,C108,C,1,13,12,827.3,10,9382,253,1,827.3,0.000
rgrasp,C108,C,1,14,13,827.3,10,8889,253,1,827.3,0.000
rgrasp,C108,C,1,15,14,827.3,10,8770,251,1,827.3,0.000
rgrasp,C108,C,1,16,15,827.3,10,9026,251,1,827.3,0.000
rgrasp,C108,C,1,17,16,827.3,10,9135,251,1,827.3,0.000
rgrasp,C108,C,1,18,17,827.3,10,9220,253,1,827.3,0.000
rgrasp,C108,C,1,19,18,827.3,10,9100,254,1,827.3,0.000
rgrasp,C108,C,1,20,19,827.3,10,9744,252,1,827.3,0.000
rgrasp,C108,C,1,21,20,827.3,10,8797,252,1,827.3,0.000
rgrasp,C108,C,1,22,21,827.3,10,8964,253,1,827.3,0.000
rgrasp,C108,C,1,23,22,827.3,10,9838,267,1,827.3,0.000
rgrasp,C108,C,1,24,23,827.3,10,9090,252,1,827.3,0.000
rgrasp,C108,C,1,25,24,827.3,10,9562,251,1,827.3,0.000
rgrasp,C108,C,1,26,25,827.3,10,9121,253,1,827.3,0.000
rgrasp,C108,C,1,27,26,827.3,10,8986,251,1,827.3,0.000
rgrasp,C108,C,1,28,27,827.3,10,9598,251,1,827.3,0.000
rgrasp,C108,C,1,29,28,827.3,10,9543,252,1,827.3,0.000
rgrasp,C108,C,1,30,29,827.3,10,8502,251,1,827.3,0.000
tabu,C108,C,1,1,0,827.3,10,6922,1419,1,827.3,0.000
vnd,C108,C,1,1,0,827.3,10,11,0,1,827.3,0.000
grasp,C109,C,1,1,0,827.3,10,4901,251,1,827.3,0.000
grasp,C109,C,1,2,1,827.3,10,4640,252,1,827.3,0.000
grasp,C109,C,1,3,2,827.3,10,4900,252,1,827.3,0.000
grasp,C109,C,1,4,3,827.3,10,4785,252,1,827.3,0.000
grasp,C109,C,1,5,4,827.3,10,4570,252,1,827.3,0.000
grasp,C109,C,1,6,5,827.3,10,4667,252,1,827.3,0.000
grasp,C109,C,1,7,6,827.3,10,4849,252,1,827.3,0.000
grasp,C109,C,1,8,7,827.3,10,4812,253,1,827.3,0.000
grasp,C109,C,1,9,8,827.3,10,5023,252,1,827.3,0.000
grasp,C109,C,1,10,9,827.3,10,4763,251,1,827.3,0.000
grasp,C109,C,1,11,10,827.3,10,4552,251,1,827.3,0.000
grasp,C109,C,1,12,11,827.3,10,5752,251,1,827.3,0.000
grasp,C109,C,1,13,12,827.3,10,4840,252,1,827.3,0.000
grasp,C109,C,1,14,13,827.3,10,4616,251,1,827.3,0.000
grasp,C109,C,1,15,14,827.3,10,4654,251,1,827.3,0.000
grasp,C109,C,1,16,15,827.3,10,4827,251,1,827.3,0.000
grasp,C109,C,1,17,16,827.3,10,4735,251,1,827.3,0.000
grasp,C109,C,1,18,17,827.3,10,4630,254,1,827.3,0.000
grasp,C109,C,1,19,18,827.3,10,4639,252,1,827.3,0.000
grasp,C109,C,1,20,19,827.3,10,4601,253,1,827.3,0.000
grasp,C109,C,1,21,20,827.3,10,4532,251,1,827.3,0.000
grasp,C109,C,1,22,21,827.3,10,4834,252,1,827.3,0.000
grasp,C109,C,1,23,22,827.3,10,4963,251,1,827.3,0.000
grasp,C109,C,1,24,23,827.3,10,4741,251,1,827.3,0.000
grasp,C109,C,1,25,24,827.3,10,4787,253,1,827.3,0.000
grasp,C109,C,1,26,25,827.3,10,4753,252,1,827.3,0.000
grasp,C109,C,1,27,26,827.3,10,4694,251,1,827.3,0.000
grasp,C109,C,1,28,27,827.3,10,4701,251,1,827.3,0.000
grasp,C109,C,1,29,28,827.3,10,4832,255,1,827.3,0.000
grasp,C109,C,1,30,29,827.3,10,4760,251,1,827.3,0.000
i1,C109,C,1,1,0,933.1,11,0,0,1,827.3,12.789
rgrasp,C109,C,1,1,0,827.3,10,10046,252,1,827.3,0.000
rgrasp,C109,C,1,2,1,827.3,10,9678,251,1,827.3,0.000
rgrasp,C109,C,1,3,2,827.3,10,10266,251,1,827.3,0.000
rgrasp,C109,C,1,4,3,827.3,10,9790,254,1,827.3,0.000
rgrasp,C109,C,1,5,4,827.3,10,10212,255,1,827.3,0.000
rgrasp,C109,C,1,6,5,827.3,10,9340,252,1,827.3,0.000
rgrasp,C109,C,1,7,6,827.3,10,10043,252,1,827.3,0.000
rgrasp,C109,C,1,8,7,827.3,10,9209,252,1,827.3,0.000
rgrasp,C109,C,1,9,8,827.3,10,9842,252,1,827.3,0.000
rgrasp,C109,C,1,10,9,827.3,10,10326,251,1,827.3,0.000
rgrasp,C109,C,1,11,10,827.3,10,9666,252,1,827.3,0.000
rgrasp,C109,C,1,12,11,827.3,10,10496,252,1,827.3,0.000
rgrasp,C109,C,1,13,12,827.3,10,10811,253,1,827.3,0.000
rgrasp,C109,C,1,14,13,827.3,10,9691,251,1,827.3,0.000
rgrasp,C109,C,1,15,14,827.3,10,10229,252,1,827.3,0.000
rgrasp,C109,C,1,16,15,827.3,10,10877,252,1,827.3,0.000
rgrasp,C109,C,1,17,16,827.3,10,9950,252,1,827.3,0.000
rgrasp,C109,C,1,18,17,827.3,10,9798,252,1,827.3,0.000
rgrasp,C109,C,1,19,18,827.3,10,9857,253,1,827.3,0.000
rgrasp,C109,C,1,20,19,827.3,10,9906,251,1,827.3,0.000
rgrasp,C109,C,1,21,20,827.3,10,9443,252,1,827.3,0.000
rgrasp,C109,C,1,22,21,827.3,10,10781,252,1,827.3,0.000
rgrasp,C109,C,1,23,22,827.3,10,9873,254,1,827.3,0.000
rgrasp,C109,C,1,24,23,827.3,10,9891,251,1,827.3,0.000
rgrasp,C109,C,1,25,24,827.3,10,9616,252,1,827.3,0.000
rgrasp,C109,C,1,26,25,827.3,10,9938,252,1,827.3,0.000
rgrasp,C109,C,1,27,26,827.3,10,9680,252,1,827.3,0.000
rgrasp,C109,C,1,28,27,827.3,10,10029,251,1,827.3,0.000
rgrasp,C109,C,1,29,28,827.3,10,9671,252,1,827.3,0.000
rgrasp,C109,C,1,30,29,827.3,10,9791,262,1,827.3,0.000
tabu,C109,C,1,1,0,827.3,10,6713,1424,1,827.3,0.000
vnd,C109,C,1,1,0,880.2,11,11,0,1,827.3,6.394
grasp,C201,C,2,1,0,589.1,3,2327,251,1,589.1,0.000
grasp,C201,C,2,2,1,589.1,3,2490,251,1,589.1,0.000
grasp,C201,C,2,3,2,589.1,3,2456,251,1,589.1,0.000
grasp,C201,C,2,4,3,589.1,3,2331,251,1,589.1,0.000
grasp,C201,C,2,5,4,589.1,3,2348,251,1,589.1,0.000
grasp,C201,C,2,6,5,589.1,3,2452,251,1,589.1,0.000
grasp,C201,C,2,7,6,589.1,3,2327,251,1,589.1,0.000
grasp,C201,C,2,8,7,589.1,3,2483,251,1,589.1,0.000
grasp,C201,C,2,9,8,589.1,3,2430,251,1,589.1,0.000
grasp,C201,C,2,10,9,589.1,3,2485,251,1,589.1,0.000
grasp,C201,C,2,11,10,589.1,3,2325,251,1,589.1,0.000
grasp,C201,C,2,12,11,589.1,3,2345,251,1,589.1,0.000
grasp,C201,C,2,13,12,589.1,3,2436,251,1,589.1,0.000
grasp,C201,C,2,14,13,589.1,3,2447,251,1,589.1,0.000
grasp,C201,C,2,15,14,589.1,3,2336,251,1,589.1,0.000
grasp,C201,C,2,16,15,589.1,3,2327,251,1,589.1,0.000
grasp,C201,C,2,17,16,589.1,3,2444,251,1,589.1,0.000
grasp,C201,C,2,18,17,589.1,3,2333,251,1,589.1,0.000
grasp,C201,C,2,19,18,589.1,3,2459,251,1,589.1,0.000
grasp,C201,C,2,20,19,589.1,3,2500,251,1,589.1,0.000
grasp,C201,C,2,21,20,589.1,3,2322,251,1,589.1,0.000
grasp,C201,C,2,22,21,589.1,3,2331,251,1,589.1,0.000
grasp,C201,C,2,23,22,589.1,3,2503,251,1,589.1,0.000
grasp,C201,C,2,24,23,589.1,3,2502,251,1,589.1,0.000
grasp,C201,C,2,25,24,589.1,3,2493,251,1,589.1,0.000
grasp,C201,C,2,26,25,589.1,3,2334,251,1,589.1,0.000
grasp,C201,C,2,27,26,589.1,3,2472,251,1,589.1,0.000
grasp,C201,C,2,28,27,589.1,3,2325,251,1,589.1,0.000
grasp,C201,C,2,29,28,589.1,3,2440,251,1,589.1,0.000
grasp,C201,C,2,30,29,589.1,3,2340,251,1,589.1,0.000
i1,C201,C,2,1,0,609.1,3,0,0,1,589.1,3.395
rgrasp,C201,C,2,1,0,589.1,3,3585,251,1,589.1,0.000
rgrasp,C201,C,2,2,1,589.1,3,3624,251,1,589.1,0.000
rgrasp,C201,C,2,3,2,589.1,3,3566,251,1,589.1,0.000
rgrasp,C201,C,2,4,3,589.1,3,3818,251,1,589.1,0.000
rgrasp,C201,C,2,5,4,589.1,3,3629,251,1,589.1,0.000
rgrasp,C201,C,2,6,5,589.1,3,3637,251,1,589.1,0.000
rgrasp,C201,C,2,7,6,589.1,3,3652,251,1,589.1,0.000
rgrasp,C201,C,2,8,7,589.1,3,3830,251,1,589.1,0.000
rgrasp,C201,C,2,9,8,589.1,3,3630,251,1,589.1,0.000
rgrasp,C201,C,2,10,9,589.1,3,3577,251,1,589.1,0.000
rgrasp,C201,C,2,11,10,589.1,3,3221,251,1,589.1,0.000
rgrasp,C201,C,2,12,11,589.1,3,3888,251,1,589.1,0.000
rgrasp,C201,C,2,13,12,589.1,3,4007,251,1,589.1,0.000
rgrasp,C201,C,2,14,13,589.1,3,3751,251,1,589.1,0.000
rgrasp,C201,C,2,15,14,589.1,3,3619,251,1,589.1,0.000
rgrasp,C201,C,2,16,15,589.1,3,3849,251,1,589.1,0.000
rgrasp,C201,C,2,17,16,589.1,3,3746,251,1,589.1,0.000
rgrasp,C201,C,2,18,17,589.1,3,3658,251,1,589.1,0.000
rgrasp,C201,C,2,19,18,589.1,3,3259,251,1,589.1,0.000
rgrasp,C201,C,2,20,19,589.1,3,3570,251,1,589.1,0.000
rgrasp,C201,C,2,21,20,589.1,3,3686,251,1,589.1,0.000
rgrasp,C201,C,2,22,21,589.1,3,3585,251,1,589.1,0.000
rgrasp,C201,C,2,23,22,589.1,3,3692,251,1,589.1,0.000
rgrasp,C201,C,2,24,23,589.1,3,3493,251,1,589.1,0.000
rgrasp,C201,C,2,25,24,589.1,3,3626,251,1,589.1,0.000
rgrasp,C201,C,2,26,25,589.1,3,3793,251,1,589.1,0.000
rgrasp,C201,C,2,27,26,589.1,3,3658,251,1,589.1,0.000
rgrasp,C201,C,2,28,27,589.1,3,3445,251,1,589.1,0.000
rgrasp,C201,C,2,29,28,589.1,3,3486,251,1,589.1,0.000
rgrasp,C201,C,2,30,29,589.1,3,3626,251,1,589.1,0.000
tabu,C201,C,2,1,0,589.1,3,206,26,1,589.1,0.000
vnd,C201,C,2,1,0,589.1,3,9,0,1,589.1,0.000
grasp,C202,C,2,1,0,589.1,3,6220,256,1,589.1,0.000
grasp,C202,C,2,2,1,589.1,3,6111,258,1,589.1,0.000
grasp,C202,C,2,3,2,589.1,3,6143,257,1,589.1,0.000
grasp,C202,C,2,4,3,589.1,3,5702,251,1,589.1,0.000
grasp,C202,C,2,5,4,589.1,3,5607,254,1,589.1,0.000
grasp,C202,C,2,6,5,589.1,3,5650,255,1,589.1,0.000
grasp,C202,C,2,7,6,589.1,3,5664,253,1,589.1,0.000
grasp,C202,C,2,8,7,589.1,3,5655,252,1,589.1,0.000
grasp,C202,C,2,9,8,589.1,3,5567,251,1,589.1,0.000
grasp,C202,C,2,10,9,589.1,3,6061,254,1,589.1,0.000
grasp,C202,C,2,11,10,589.1,3,5967,255,1,589.1,0.000
grasp,C202,C,2,12,11,589.1,3,5935,251,1,589.1,0.000
grasp,C202,C,2,13,12,589.1,3,5573,255,1,589.1,0.000
grasp,C202,C,2,14,13,589.1,3,6167,253,1,589.1,0.000
grasp,C202,C,2,15,14,589.1,3,5853,254,1,589.1,0.000
grasp,C202,C,2,16,15,589.1,3,5867,251,1,589.1,0.000
grasp,C202,C,2,17,16,589.1,3,5910,251,1,589.1,0.000
grasp,C202,C,2,18,17,589.1,3,6315,256,1,589.1,0.000
grasp,C202,C,2,19,18,589.1,3,6127,251,1,589.1,0.000
grasp,C202,C,2,20,19,589.1,3,6340,252,1,589.1,0.000
grasp,C202,C,2,21,20,589.1,3,5501,253,1,589.1,0.000
grasp,C202,C,2,22,21,589.1,3,5657,251,1,589.1,0.000
grasp,C202,C,2,23,22,589.1,3,5983,256,1,589.1,0.000
grasp,C202,C,2,24,23,589.1,3,5716,252,1,589.1,0.000
grasp,C202,C,2,25,24,589.1,3,5931,258,1,589.1,0.000
grasp,C202,C,2,26,25,589.1,3,5875,252,1,589.1,0.000
grasp,C202,C,2,27,26,589.1,3,5654,254,1,589.1,0.000
grasp,C202,C,2,28,27,589.1,3,5903,251,1,589.1,0.000
grasp,C202,C,2,29,28,589.1,3,5729,251,1,589.1,0.000
grasp,C202,C,2,30,29,589.1,3,6001,251,1,589.1,0.000
i1,C202,C,2,1,0,793.0,4,0,0,1,589.1,34.612
rgrasp,C202,C,2,1,0,589.1,3,8367,255,1,589.1,0.000
rgrasp,C202,C,2,2,1,589.1,3,7317,258,1,589.1,0.000
rgrasp,C202,C,2,3,2,589.1,3,7209,252,1,589.1,0.000
rgrasp,C202,C,2,4,3,589.1,3,7938,255,1,589.1,0.000
rgrasp,C202,C,2,5,4,589.1,3,7783,252,1,589.1,0.000
rgrasp,C202,C,2,6,5,589.1,3,7971,257,1,589.1,0.000
rgrasp,C202,C,2,7,6,589.1,3,7225,253,1,589.1,0.000
rgrasp,C202,C,2,8,7,589.1,3,7749,254,1,589.1,0.000
rgrasp,C202,C,2,9,8,589.1,3,7309,252,1,589.1,0.000
rgrasp,C202,C,2,10,9,589.1,3,7858,256,1,589.1,0.000
rgrasp,C202,C,2,11,10,589.1,3,7940,252,1,589.1,0.000
rgrasp,C202,C,2,12,11,589.1,3,6997,257,1,589.1,0.000
rgrasp,C202,C,2,13,12,589.1,3,6964,256,1,589.1,0.000
rgrasp,C202,C,2,14,13,589.1,3,7560,253,1,589.1,0.000
rgrasp,C202,C,2,15,14,589.1,3,7844,252,1,589.1,0.000
rgrasp,C202,C,2,16,15,589.1,3,7720,252,1,589.1,0.000
rgrasp,C202,C,2,17,16,589.1,3,8529,268,1,589.1,0.000
rgrasp,C202,C,2,18,17,589.1,3,7794,255,1,589.1,0.000
rgrasp,C202,C,2,19,18,589.1,3,7710,253,1,589.1,0.000
rgrasp,C202,C,2,20,19,589.1,3,7876,254,1,589.1,0.000
rgrasp,C202,C,2,21,20,589.1,3,7209,253,1,589.1,0.000
rgrasp,C202,C,2,22,21,589.1,3,8135,255,1,589.1,0.000
rgrasp,C202,C,2,23,22,589.1,3,8348,257,1,589.1,0.000
rgrasp,C202,C,2,24,23,589.1,3,7388,254,1,589.1,0.000
rgrasp,C202,C,2,25,24,589.1,3,8195,254,1,589.1,0.000
rgrasp,C202,C,2,26,25,589.1,3,7402,253,1,589.1,0.000
rgrasp,C202,C,2,27,26,589.1,3,7871,252,1,589.1,0.000
rgrasp,C202,C,2,28,27,589.1,3,7520,256,1,589.1,0.000
rgrasp,C202,C,2,29,28,589.1,3,7306,259,1,589.1,0.000
rgrasp,C202,C,2,30,29,589.1,3,7499,252,1,589.1,0.000
tabu,C202,C,2,1,0,589.1,3,11414,1425,1,589.1,0.000
vnd,C202,C,2,1,0,617.9,3,18,0,1,589.1,4.889
grasp,C203,C,2,1,0,588.7,3,18701,455,1,588.7,0.000
grasp,C203,C,2,2,1,588.7,3,13662,327,1,588.7,0.000
grasp,C203,C,2,3,2,588.7,3,11435,302,1,588.7,0.000
grasp,C203,C,2,4,3,588.7,3,16992,412,1,588.7,0.000
grasp,C203,C,2,5,4,597.7,3,10411,256,1,588.7,1.529
grasp,C203,C,2,6,5,588.7,3,10966,294,1,588.7,0.000
grasp,C203,C,2,7,6,597.7,3,10429,265,1,588.7,1.529
grasp,C203,C,2,8,7,597.7,3,10015,263,1,588.7,1.529
grasp,C203,C,2,9,8,588.7,3,17961,465,1,588.7,0.000
grasp,C203,C,2,10,9,588.7,3,16772,414,1,588.7,0.000
grasp,C203,C,2,11,10,588.7,3,13943,361,1,588.7,0.000
grasp,C203,C,2,12,11,588.7,3,13483,336,1,588.7,0.000
grasp,C203,C,2,13,12,597.7,3,10841,286,1,588.7,1.529
grasp,C203,C,2,14,13,588.7,3,9701,252,1,588.7,0.000
grasp,C203,C,2,15,14,588.7,3,12914,312,1,588.7,0.000
grasp,C203,C,2,16,15,588.7,3,21082,530,1,588.7,0.000
grasp,C203,C,2,17,16,597.7,3,10531,257,1,588.7,1.529
grasp,C203,C,2,18,17,597.7,3,10013,254,1,588.7,1.529
grasp,C203,C,2,19,18,597.7,3,9780,251,1,588.7,1.529
grasp,C203,C,2,20,19,588.7,3,12160,315,1,588.7,0.000
grasp,C203,C,2,21,20,588.7,3,14362,353,1,588.7,0.000
grasp,C203,C,2,22,21,588.7,3,17968,406,1,588.7,0.000
grasp,C203,C,2,23,22,588.7,3,15553,383,1,588.7,0.000
grasp,C203,C,2,24,23,588.7,3,14556,362,1,588.7,0.000
grasp,C203,C,2,25,24,588.7,3,17074,424,1,588.7,0.000
grasp,C203,C,2,26,25,597.7,3,9748,263,1,588.7,1.529
grasp,C203,C,2,27,26,588.7,3,13110,328,1,588.7,0.000
grasp,C203,C,2,28,27,588.7,3,16630,426,1,588.7,0.000
grasp,C203,C,2,29,28,588.7,3,14377,355,1,588.7,0.000
grasp,C203,C,2,30,29,588.7,3,10956,290,1,588.7,0.000
i1,C203,C,2,1,0,931.4,4,0,0,1,588.7,58.213
rgrasp,C203,C,2,1,0,597.7,3,12755,256,1,588.7,1.529
rgrasp,C203,C,2,2,1,597.7,3,12705,261,1,588.7,1.529
rgrasp,C203,C,2,3,2,588.7,3,23718,478,1,588.7,0.000
rgrasp,C203,C,2,4,3,588.7,3,17291,346,1,588.7,0.000
rgrasp,C203,C,2,5,4,597.7,3,13691,275,1,588.7,1.529
rgrasp,C203,C,2,6,5,588.7,3,18109,364,1,588.7,0.000
rgrasp,C203,C,2,7,6,597.7,3,11643,251,1,588.7,1.529
rgrasp,C203,C,2,8,7,597.7,3,12609,252,1,588.7,1.529
rgrasp,C203,C,2,9,8,588.7,3,17023,335,1,588.7,0.000
rgrasp,C203,C,2,10,9,597.7,3,13311,263,1,588.7,1.529
rgrasp,C203,C,2,11,10,597.7,3,11945,255,1,588.7,1.529
rgrasp,C203,C,2,12,11,597.7,3,12938,252,1,588.7,1.529
rgrasp,C203,C,2,13,12,597.7,3,11838,252,1,588.7,1.529
rgrasp,C203,C,2,14,13,588.7,3,16315,336,1,588.7,0.000
rgrasp,C203,C,2,15,14,597.7,3,12180,263,1,588.7,1.529
rgrasp,C203,C,2,16,15,588.7,3,24675,503,1,588.7,0.000
rgrasp,C203,C,2,17,16,597.7,3,13243,281,1,588.7,1.529
rgrasp,C203,C,2,18,17,588.7,3,12835,256,1,588.7,0.000
rgrasp,C203,C,2,19,18,597.7,3,12531,258,1,588.7,1.529
rgrasp,C203,C,2,20,19,588.7,3,17021,329,1,588.7,0.000
rgrasp,C203,C,2,21,20,597.7,3,12638,264,1,588.7,1.529
rgrasp,C203,C,2,22,21,597.7,3,13745,267,1,588.7,1.529
rgrasp,C203,C,2,23,22,588.7,3,20794,422,1,588.7,0.000
rgrasp,C203,C,2,24,23,597.7,3,12469,253,1,588.7,1.529
rgrasp,C203,C,2,25,24,597.7,3,12864,251,1,588.7,1.529
rgrasp,C203,C,2,26,25,597.7,3,12258,262,1,588.7,1.529
rgrasp,C203,C,2,27,26,597.7,3,12596,266,1,588.7,1.529
rgrasp,C203,C,2,28,27,597.7,3,12723,251,1,588.7,1.529
rgrasp,C203,C,2,29,28,597.7,3,11900,252,1,588.7,1.529
rgrasp,C203,C,2,30,29,588.7,3,19835,397,1,588.7,0.000
tabu,C203,C,2,1,0,588.7,3,12319,1519,1,588.7,0.000
vnd,C203,C,2,1,0,622.2,4,44,0,1,588.7,5.691
grasp,C204,C,2,1,0,612.8,3,29377,482,1,588.1,4.200
grasp,C204,C,2,2,1,613.1,3,18528,324,1,588.1,4.251
grasp,C204,C,2,3,2,605.4,3,30827,503,1,588.1,2.942
grasp,C204,C,2,4,3,612.5,3,21404,348,1,588.1,4.149
grasp,C204,C,2,5,4,610.0,3,16329,291,1,588.1,3.724
grasp,C204,C,2,6,5,608.1,3,27451,473,1,588.1,3.401
grasp,C204,C,2,7,6,600.2,3,33085,543,1,588.1,2.057
grasp,C204,C,2,8,7,614.8,3,15311,257,1,588.1,4.540
grasp,C204,C,2,9,8,607.4,3,28629,470,1,588.1,3.282
grasp,C204,C,2,10,9,605.4,3,34380,565,1,588.1,2.942
grasp,C204,C,2,11,10,615.8,3,20230,353,1,588.1,4.710
grasp,C204,C,2,12,11,612.5,3,23263,418,1,588.1,4.149
grasp,C204,C,2,13,12,614.0,3,18412,321,1,588.1,4.404
grasp,C204,C,2,14,13,612.5,3,18572,323,1,588.1,4.149
grasp,C204,C,2,15,14,608.1,3,23574,386,1,588.1,3.401
grasp,C204,C,2,16,15,591.4,3,17884,307,1,588.1,0.561
grasp,C204,C,2,17,16,605.4,3,37568,620,1,588.1,2.942
grasp,C204,C,2,18,17,615.8,3,18872,310,1,588.1,4.710
grasp,C204,C,2,19,18,605.4,3,20951,358,1,588.1,2.942
grasp,C204,C,2,20,19,610.5,3,20773,341,1,588.1,3.809
grasp,C204,C,2,21,20,608.1,3,49348,816,1,588.1,3.401
grasp,C204,C,2,22,21,614.8,3,18918,313,1,588.1,4.540
grasp,C204,C,2,23,22,608.1,3,50367,821,1,588.1,3.401
grasp,C204,C,2,24,23,613.1,3,16787,291,1,588.1,4.251
grasp,C204,C,2,25,24,609.8,3,16538,286,1,588.1,3.690
grasp,C204,C,2,26,25,607.7,3,14979,261,1,588.1,3.333
grasp,C204,C,2,27,26,594.0,3,18961,308,1,588.1,1.003
grasp,C204,C,2,28,27,608.1,3,42522,700,1,588.1,3.401
grasp,C204,C,2,29,28,612.3,3,22228,383,1,588.1,4.115
grasp,C204,C,2,30,29,608.1,3,27092,457,1,588.1,3.401
i1,C204,C,2,1,0,1138.4,4,0,0,1,588.1,93.573
rgrasp,C204,C,2,1,0,613.1,3,20120,304,1,588.1,4.251
rgrasp,C204,C,2,2,1,605.4,3,18373,265,1,588.1,2.942
rgrasp,C204,C,2,3,2,608.1,3,18781,261,1,588.1,3.401
rgrasp,C204,C,2,4,3,608.1,3,18179,271,1,588.1,3.401
rgrasp,C204,C,2,5,4,598.6,3,31803,491,1,588.1,1.785
rgrasp,C204,C,2,6,5,608.1,3,35570,508,1,588.1,3.401
rgrasp,C204,C,2,7,6,608.5,3,26917,403,1,588.1,3.469
rgrasp,C204,C,2,8,7,599.9,3,18925,296,1,588.1,2.006
rgrasp,C204,C,2,9,8,597.3,3,29854,439,1,588.1,1.564
rgrasp,C204,C,2,10,9,601.7,3,43445,675,1,588.1,2.313
rgrasp,C204,C,2,11,10,616.7,3,23694,358,1,588.1,4.863
rgrasp,C204,C,2,12,11,615.8,3,23586,346,1,588.1,4.710
rgrasp,C204,C,2,13,12,609.8,3,49206,716,1,588.1,3.690
rgrasp,C204,C,2,14,13,610.0,3,16880,255,1,588.1,3.724
rgrasp,C204,C,2,15,14,603.5,3,41341,633,1,588.1,2.619
rgrasp,C204,C,2,16,15,608.1,3,30310,441,1,588.1,3.401
rgrasp,C204,C,2,17,16,609.1,3,26632,377,1,588.1,3.571
rgrasp,C204,C,2,18,17,596.7,3,32148,481,1,588.1,1.462
rgrasp,C204,C,2,19,18,600.2,3,18171,264,1,588.1,2.057
rgrasp,C204,C,2,20,19,596.7,3,32672,478,1,588.1,1.462
rgrasp,C204,C,2,21,20,594.0,3,38544,565,1,588.1,1.003
rgrasp,C204,C,2,22,21,599.9,3,51276,730,1,588.1,2.006
rgrasp,C204,C,2,23,22,608.1,3,34519,509,1,588.1,3.401
rgrasp,C204,C,2,24,23,607.7,3,28026,436,1,588.1,3.333
rgrasp,C204,C,2,25,24,608.1,3,31531,478,1,588.1,3.401
rgrasp,C204,C,2,26,25,612.6,3,19044,287,1,588.1,4.166
rgrasp,C204,C,2,27,26,596.7,3,47500,731,1,588.1,1.462
rgrasp,C204,C,2,28,27,612.0,3,20423,312,1,588.1,4.064
rgrasp,C204,C,2,29,28,605.4,3,27098,378,1,588.1,2.942
rgrasp,C204,C,2,30,29,608.8,3,39561,573,1,588.1,3.520
tabu,C204,C,2,1,0,660.5,4,13284,1799,1,588.1,12.311
vnd,C204,C,2,1,0,770.0,4,74,0,1,588.1,30.930
grasp,C205,C,2,1,0,586.4,3,4179,253,1,586.4,0.000
grasp,C205,C,2,2,1,586.4,3,3995,251,1,586.4,0.000
grasp,C205,C,2,3,2,586.4,3,4065,251,1,586.4,0.000
grasp,C205,C,2,4,3,586.4,3,3977,253,1,586.4,0.000
grasp,C205,C,2,5,4,586.4,3,4126,252,1,586.4,0.000
grasp,C205,C,2,6,5,586.4,3,4240,251,1,586.4,0.000
grasp,C205,C,2,7,6,586.4,3,4042,254,1,586.4,0.000
grasp,C205,C,2,8,7,586.4,3,4043,252,1,586.4,0.000
grasp,C205,C,2,9,8,586.4,3,4440,257,1,586.4,0.000
grasp,C205,C,2,10,9,586.4,3,4242,251,1,586.4,0.000
grasp,C205,C,2,11,10,586.4,3,4404,256,1,586.4,0.000
grasp,C205,C,2,12,11,586.4,3,4358,254,1,586.4,0.000
grasp,C205,C,2,13,12,586.4,3,4217,259,1,586.4,0.000
grasp,C205,C,2,14,13,586.4,3,4260,256,1,586.4,0.000
grasp,C205,C,2,15,14,586.4,3,4086,252,1,586.4,0.000
grasp,C205,C,2,16,15,586.4,3,4303,251,1,586.4,0.000
grasp,C205,C,2,17,16,586.4,3,4056,252,1,586.4,0.000
grasp,C205,C,2,18,17,586.4,3,4326,253,1,586.4,0.000
grasp,C205,C,2,19,18,586.4,3,4318,251,1,586.4,0.000
grasp,C205,C,2,20,19,586.4,3,4329,252,1,586.4,0.000
grasp,C205,C,2,21,20,586.4,3,4254,253,1,586.4,0.000
grasp,C205,C,2,22,21,586.4,3,4049,252,1,586.4,0.000
grasp,C205,C,2,23,22,586.4,3,4055,251,1,586.4,0.000
grasp,C205,C,2,24,23,586.4,3,4313,251,1,586.4,0.000
grasp,C205,C,2,25,24,586.4,3,3974,251,1,586.4,0.000
grasp,C205,C,2,26,25,586.4,3,4283,251,1,586.4,0.000
grasp,C205,C,2,27,26,586.4,3,4325,253,1,586.4,0.000
grasp,C205,C,2,28,27,586.4,3,4039,253,1,586.4,0.000
grasp,C205,C,2,29,28,586.4,3,4363,252,1,586.4,0.000
grasp,C205,C,2,30,29,586.4,3,4322,252,1,586.4,0.000
i1,C205,C,2,1,0,667.6,4,0,0,1,586.4,13.847
rgrasp,C205,C,2,1,0,586.4,3,5539,251,1,586.4,0.000
rgrasp,C205,C,2,2,1,586.4,3,5664,252,1,586.4,0.000
rgrasp,C205,C,2,3,2,586.4,3,5715,257,1,586.4,0.000
rgrasp,C205,C,2,4,3,586.4,3,5305,253,1,586.4,0.000
rgrasp,C205,C,2,5,4,586.4,3,5688,252,1,586.4,0.000
rgrasp,C205,C,2,6,5,586.4,3,5378,253,1,586.4,0.000
rgrasp,C205,C,2,7,6,586.4,3,5786,253,1,586.4,0.000
rgrasp,C205,C,2,8,7,586.4,3,5253,252,1,586.4,0.000
rgrasp,C205,C,2,9,8,586.4,3,6071,258,1,586.4,0.000
rgrasp,C205,C,2,10,9,586.4,3,6140,254,1,586.4,0.000
rgrasp,C205,C,2,11,10,586.4,3,5581,254,1,586.4,0.000
rgrasp,C205,C,2,12,11,586.4,3,5894,254,1,586.4,0.000
rgrasp,C205,C,2,13,12,586.4,3,5766,252,1,586.4,0.000
rgrasp,C205,C,2,14,13,586.4,3,5660,256,1,586.4,0.000
rgrasp,C205,C,2,15,14,586.4,3,5344,254,1,586.4,0.000
rgrasp,C205,C,2,16,15,586.4,3,5363,253,1,586.4,0.000
rgrasp,C205,C,2,17,16,586.4,3,6219,252,1,586.4,0.000
rgrasp,C205,C,2,18,17,586.4,3,5666,252,1,586.4,0.000
rgrasp,C205,C,2,19,18,586.4,3,5500,252,1,586.4,0.000
rgrasp,C205,C,2,20,19,586.4,3,5796,253,1,586.4,0.000
rgrasp,C205,C,2,21,20,586.4,3,5612,253,1,586.4,0.000
rgrasp,C205,C,2,22,21,586.4,3,5999,252,1,586.4,0.000
rgrasp,C205,C,2,23,22,586.4,3,5665,252,1,586.4,0.000
rgrasp,C205,C,2,24,23,586.4,3,5279,253,1,586.4,0.000
rgrasp,C205,C,2,25,24,586.4,3,5957,252,1,586.4,0.000
rgrasp,C205,C,2,26,25,586.4,3,5437,251,1,586.4,0.000
rgrasp,C205,C,2,27,26,586.4,3,5603,253,1,586.4,0.000
rgrasp,C205,C,2,28,27,586.4,3,5721,251,1,586.4,0.000
rgrasp,C205,C,2,29,28,586.4,3,5968,256,1,586.4,0.000
rgrasp,C205,C,2,30,29,586.4,3,5887,252,1,586.4,0.000
tabu,C205,C,2,1,0,586.4,3,11079,1412,1,586.4,0.000
vnd,C205,C,2,1,0,606.8,3,21,0,1,586.4,3.479
grasp,C206,C,2,1,0,586.0,3,5114,251,1,586.0,0.000
grasp,C206,C,2,2,1,586.0,3,5122,251,1,586.0,0.000
grasp,C206,C,2,3,2,586.0,3,5386,251,1,586.0,0.000
grasp,C206,C,2,4,3,586.0,3,5228,251,1,586.0,0.000
grasp,C206,C,2,5,4,586.0,3,5013,252,1,586.0,0.000
grasp,C206,C,2,6,5,586.0,3,4839,251,1,586.0,0.000
grasp,C206,C,2,7,6,586.0,3,5348,251,1,586.0,0.000
grasp,C206,C,2,8,7,586.0,3,4801,251,1,586.0,0.000
grasp,C206,C,2,9,8,586.0,3,5147,251,1,586.0,0.000
grasp,C206,C,2,10,9,586.0,3,5366,251,1,586.0,0.000
grasp,C206,C,2,11,10,586.0,3,5186,251,1,586.0,0.000
grasp,C206,C,2,12,11,586.0,3,5215,252,1,586.0,0.000
grasp,C206,C,2,13,12,586.0,3,5275,251,1,586.0,0.000
grasp,C206,C,2,14,13,586.0,3,5101,251,1,586.0,0.000
grasp,C206,C,2,15,14,586.0,3,5272,251,1,586.0,0.000
grasp,C206,C,2,16,15,586.0,3,5233,251,1,586.0,0.000
grasp,C206,C,2,17,16,586.0,3,5253,252,1,586.0,0.000
grasp,C206,C,2,18,17,586.0,3,5160,251,1,586.0,0.000
grasp,C206,C,2,19,18,586.0,3,4950,251,1,586.0,0.000
grasp,C206,C,2,20,19,586.0,3,4888,251,1,586.0,0.000
grasp,C206,C,2,21,20,586.0,3,4956,251,1,586.0,0.000
grasp,C206,C,2,22,21,586.0,3,5331,251,1,586.0,0.000
grasp,C206,C,2,23,22,586.0,3,5078,251,1,586.0,0.000
grasp,C206,C,2,24,23,586.0,3,5179,251,1,586.0,0.000
grasp,C206,C,2,25,24,586.0,3,4937,251,1,586.0,0.000
grasp,C206,C,2,26,25,586.0,3,5261,251,1,586.0,0.000
grasp,C206,C,2,27,26,586.0,3,5341,251,1,586.0,0.000
grasp,C206,C,2,28,27,586.0,3,5212,251,1,586.0,0.000
grasp,C206,C,2,29,28,586.0,3,5329,251,1,586.0,0.000
grasp,C206,C,2,30,29,586.0,3,4994,251,1,586.0,0.000
i1,C206,C,2,1,0,660.6,3,0,0,1,586.0,12.730
rgrasp,C206,C,2,1,0,586.0,3,7096,251,1,586.0,0.000
rgrasp,C206,C,2,2,1,586.0,3,6957,251,1,586.0,0.000
rgrasp,C206,C,2,3,2,586.0,3,6760,251,1,586.0,0.000
rgrasp,C206,C,2,4,3,586.0,3,6647,251,1,586.0,0.000
rgrasp,C206,C,2,5,4,586.0,3,7082,251,1,586.0,0.000
rgrasp,C206,C,2,6,5,586.0,3,6751,251,1,586.0,0.000
rgrasp,C206,C,2,7,6,586.0,3,6727,251,1,586.0,0.000
rgrasp,C206,C,2,8,7,586.0,3,6871,251,1,586.0,0.000
rgrasp,C206,C,2,9,8,586.0,3,6693,251,1,586.0,0.000
rgrasp,C206,C,2,10,9,586.0,3,7034,251,1,586.0,0.000
rgrasp,C206,C,2,11,10,586.0,3,6745,251,1,586.0,0.000
rgrasp,C206,C,2,12,11,586.0,3,6920,251,1,586.0,0.000
rgrasp,C206,C,2,13,12,586.0,3,6839,251,1,586.0,0.000
rgrasp,C206,C,2,14,13,586.0,3,6988,251,1,586.0,0.000
rgrasp,C206,C,2,15,14,586.0,3,6897,251,1,586.0,0.000
rgrasp,C206,C,2,16,15,586.0,3,6710,251,1,586.0,0.000
rgrasp,C206,C,2,17,16,586.0,3,6436,251,1,586.0,0.000
rgrasp,C206,C,2,18,17,586.0,3,6641,251,1,586.0,0.000
rgrasp,C206,C,2,19,18,586.0,3,6625,251,1,586.0,0.000
rgrasp,C206,C,2,20,19,586.0,3,6839,251,1,586.0,0.000
rgrasp,C206,C,2,21,20,586.0,3,6874,251,1,586.0,0.000
rgrasp,C206,C,2,22,21,586.0,3,6395,251,1,586.0,0.000
rgrasp,C206,C,2,23,22,586.0,3,6803,251,1,586.0,0.000
rgrasp,C206,C,2,24,23,586.0,3,6718,251,1,586.0,0.000
rgrasp,C206,C,2,25,24,586.0,3,7105,251,1,586.0,0.000
rgrasp,C206,C,2,26,25,586.0,3,6395,251,1,586.0,0.000
rgrasp,C206,C,2,27,26,586.0,3,6704,251,1,586.0,0.000
rgrasp,C206,C,2,28,27,586.0,3,6292,251,1,586.0,0.000
rgrasp,C206,C,2,29,28,586.0,3,6854,251,1,586.0,0.000
rgrasp,C206,C,2,30,29,586.0,3,6601,251,1,586.0,0.000
tabu,C206,C,2,1,0,586.0,3,11131,1411,1,586.0,0.000
vnd,C206,C,2,1,0,586.0,3,16,0,1,586.0,0.000
grasp,C207,C,2,1,0,585.8,3,5387,252,1,585.8,0.000
grasp,C207,C,2,2,1,585.8,3,5118,251,1,585.8,0.000
grasp,C207,C,2,3,2,585.8,3,5153,252,1,585.8,0.000
grasp,C207,C,2,4,3,585.8,3,5171,252,1,585.8,0.000
grasp,C207,C,2,5,4,585.8,3,4988,252,1,585.8,0.000
grasp,C207,C,2,6,5,585.8,3,5489,252,1,585.8,0.000
grasp,C207,C,2,7,6,585.8,3,4978,251,1,585.8,0.000
grasp,C207,C,2,8,7,585.8,3,4922,251,1,585.8,0.000
grasp,C207,C,2,9,8,585.8,3,5246,251,1,585.8,0.000
grasp,C207,C,2,10,9,585.8,3,5252,251,1,585.8,0.000
grasp,C207,C,2,11,10,585.8,3,5279,251,1,585.8,0.000
grasp,C207,C,2,12,11,585.8,3,5330,251,1,585.8,0.000
grasp,C207,C,2,13,12,585.8,3,5480,251,1,585.8,0.000
grasp,C207,C,2,14,13,585.8,3,5509,251,1,585.8,0.000
grasp,C207,C,2,15,14,585.8,3,5095,254,1,585.8,0.000
grasp,C207,C,2,16,15,585.8,3,5058,252,1,585.8,0.000
grasp,C207,C,2,17,16,585.8,3,4895,251,1,585.8,0.000
grasp,C207,C,2,18,17,585.8,3,5233,251,1,585.8,0.000
grasp,C207,C,2,19,18,585.8,3,5337,251,1,585.8,0.000
grasp,C207,C,2,20,19,585.8,3,5407,251,1,585.8,0.000
grasp,C207,C,2,21,20,585.8,3,5163,251,1,585.8,0.000
grasp,C207,C,2,22,21,585.8,3,5473,251,1,585.8,0.000
grasp,C207,C,2,23,22,585.8,3,4975,251,1,585.8,0.000
grasp,C207,C,2,24,23,585.8,3,5377,251,1,585.8,0.000
grasp,C207,C,2,25,24,585.8,3,5401,251,1,585.8,0.000
grasp,C207,C,2,26,25,585.8,3,5436,251,1,585.8,0.000
grasp,C207,C,2,27,26,585.8,3,5194,251,1,585.8,0.000
grasp,C207,C,2,28,27,585.8,3,5421,251,1,585.8,0.000
grasp,C207,C,2,29,28,585.8,3,4998,251,1,585.8,0.000
grasp,C207,C,2,30,29,585.8,3,5345,252,1,585.8,0.000
i1,C207,C,2,1,0,747.1,3,0,0,1,585.8,27.535
rgrasp,C207,C,2,1,0,585.8,3,6202,251,1,585.8,0.000
rgrasp,C207,C,2,2,1,585.8,3,6431,251,1,585.8,0.000
rgrasp,C207,C,2,3,2,585.8,3,6890,252,1,585.8,0.000
rgrasp,C207,C,2,4,3,585.8,3,6789,251,1,585.8,0.000
rgrasp,C207,C,2,5,4,585.8,3,6233,252,1,585.8,0.000
rgrasp,C207,C,2,6,5,585.8,3,6760,251,1,585.8,0.000
rgrasp,C207,C,2,7,6,585.8,3,6923,251,1,585.8,0.000
rgrasp,C207,C,2,8,7,585.8,3,6782,251,1,585.8,0.000
rgrasp,C207,C,2,9,8,585.8,3,6639,251,1,585.8,0.000
rgrasp,C207,C,2,10,9,585.8,3,6632,251,1,585.8,0.000
rgrasp,C207,C,2,11,10,585.8,3,7082,251,1,585.8,0.000
rgrasp,C207,C,2,12,11,585.8,3,6311,253,1,585.8,0.000
rgrasp,C207,C,2,13,12,585.8,3,6653,251,1,585.8,0.000
rgrasp,C207,C,2,14,13,585.8,3,6525,251,1,585.8,0.000
rgrasp,C207,C,2,15,14,585.8,3,6193,251,1,585.8,0.000
rgrasp,C207,C,2,16,15,585.8,3,6707,251,1,585.8,0.000
rgrasp,C207,C,2,17,16,585.8,3,6811,252,1,585.8,0.000
rgrasp,C207,C,2,18,17,585.8,3,6977,251,1,585.8,0.000
rgrasp,C207,C,2,19,18,585.8,3,6533,253,1,585.8,0.000
rgrasp,C207,C,2,20,19,585.8,3,6523,251,1,585.8,0.000
rgrasp,C207,C,2,21,20,585.8,3,6532,252,1,585.8,0.000
rgrasp,C207,C,2,22,21,585.8,3,6873,251,1,585.8,0.000
rgrasp,C207,C,2,23,22,585.8,3,6374,252,1,585.8,0.000
rgrasp,C207,C,2,24,23,585.8,3,6267,251,1,585.8,0.000
rgrasp,C207,C,2,25,24,585.8,3,6744,251,1,585.8,0.000
rgrasp,C207,C,2,26,25,585.8,3,7255,251,1,585.8,0.000
rgrasp,C207,C,2,27,26,585.8,3,6793,251,1,585.8,0.000
rgrasp,C207,C,2,28,27,585.8,3,6522,251,1,585.8,0.000
rgrasp,C207,C,2,29,28,585.8,3,6533,251,1,585.8,0.000
rgrasp,C207,C,2,30,29,585.8,3,6284,251,1,585.8,0.000
tabu,C207,C,2,1,0,585.8,3,11223,1415,1,585.8,0.000
vnd,C207,C,2,1,0,585.8,3,20,0,1,585.8,0.000
grasp,C208,C,2,1,0,585.8,3,6183,251,1,585.8,0.000
grasp,C208,C,2,2,1,585.8,3,6507,251,1,585.8,0.000
grasp,C208,C,2,3,2,585.8,3,6374,252,1,585.8,0.000
grasp,C208,C,2,4,3,585.8,3,5903,251,1,585.8,0.000
grasp,C208,C,2,5,4,585.8,3,6615,251,1,585.8,0.000
grasp,C208,C,2,6,5,585.8,3,6475,251,1,585.8,0.000
grasp,C208,C,2,7,6,585.8,3,6405,251,1,585.8,0.000
grasp,C208,C,2,8,7,585.8,3,6652,251,1,585.8,0.000
grasp,C208,C,2,9,8,585.8,3,6150,251,1,585.8,0.000
grasp,C208,C,2,10,9,585.8,3,6080,252,1,585.8,0.000
grasp,C208,C,2,11,10,585.8,3,6079,252,1,585.8,0.000
grasp,C208,C,2,12,11,585.8,3,6283,251,1,585.8,0.000
grasp,C208,C,2,13,12,585.8,3,6178,251,1,585.8,0.000
grasp,C208,C,2,14,13,585.8,3,6058,251,1,585.8,0.000
grasp,C208,C,2,15,14,585.8,3,6392,251,1,585.8,0.000
grasp,C208,C,2,16,15,585.8,3,6575,251,1,585.8,0.000
grasp,C208,C,2,17,16,585.8,3,6405,252,1,585.8,0.000
grasp,C208,C,2,18,17,585.8,3,6505,252,1,585.8,0.000
grasp,C208,C,2,19,18,585.8,3,6470,251,1,585.8,0.000
grasp,C208,C,2,20,19,585.8,3,5931,251,1,585.8,0.000
grasp,C208,C,2,21,20,585.8,3,6110,251,1,585.8,0.000
grasp,C208,C,2,22,21,585.8,3,6681,251,1,585.8,0.000
grasp,C208,C,2,23,22,585.8,3,6543,251,1,585.8,0.000
grasp,C208,C,2,24,23,585.8,3,6532,251,1,585.8,0.000
grasp,C208,C,2,25,24,585.8,3,6272,251,1,585.8,0.000
grasp,C208,C,2,26,25,585.8,3,6182,251,1,585.8,0.000
grasp,C208,C,2,27,26,585.8,3,6322,251,1,585.8,0.000
grasp,C208,C,2,28,27,585.8,3,6498,252,1,585.8,0.000
grasp,C208,C,2,29,28,585.8,3,6013,251,1,585.8,0.000
grasp,C208,C,2,30,29,585.8,3,6503,251,1,585.8,0.000
i1,C208,C,2,1,0,717.6,3,0,0,1,585.8,22.499
rgrasp,C208,C,2,1,0,585.8,3,8081,251,1,585.8,0.000
rgrasp,C208,C,2,2,1,585.8,3,7946,251,1,585.8,0.000
rgrasp,C208,C,2,3,2,585.8,3,7858,254,1,585.8,0.000
rgrasp,C208,C,2,4,3,585.8,3,7539,251,1,585.8,0.000
rgrasp,C208,C,2,5,4,585.8,3,8006,251,1,585.8,0.000
rgrasp,C208,C,2,6,5,585.8,3,7995,251,1,585.8,0.000
rgrasp,C208,C,2,7,6,585.8,3,8302,251,1,585.8,0.000
rgrasp,C208,C,2,8,7,585.8,3,8290,252,1,585.8,0.000
rgrasp,C208,C,2,9,8,585.8,3,8174,252,1,585.8,0.000
rgrasp,C208,C,2,10,9,585.8,3,7172,251,1,585.8,0.000
rgrasp,C208,C,2,11,10,585.8,3,8171,251,1,585.8,0.000
rgrasp,C208,C,2,12,11,585.8,3,8028,253,1,585.8,0.000
rgrasp,C208,C,2,13,12,585.8,3,7435,251,1,585.8,0.000
rgrasp,C208,C,2,14,13,585.8,3,8017,253,1,585.8,0.000
rgrasp,C208,C,2,15,14,585.8,3,8220,252,1,585.8,0.000
rgrasp,C208,C,2,16,15,585.8,3,7854,253,1,585.8,0.000
rgrasp,C208,C,2,17,16,585.8,3,7283,252,1,585.8,0.000
rgrasp,C208,C,2,18,17,585.8,3,7274,251,1,585.8,0.000
rgrasp,C208,C,2,19,18,585.8,3,8115,252,1,585.8,0.000
rgrasp,C208,C,2,20,19,585.8,3,8333,251,1,585.8,0.000
rgrasp,C208,C,2,21,20,585.8,3,7318,251,1,585.8,0.000
rgrasp,C208,C,2,22,21,585.8,3,7424,251,1,585.8,0.000
rgrasp,C208,C,2,23,22,585.8,3,8016,251,1,585.8,0.000
rgrasp,C208,C,2,24,23,585.8,3,8146,252,1,585.8,0.000
rgrasp,C208,C,2,25,24,585.8,3,7954,251,1,585.8,0.000
rgrasp,C208,C,2,26,25,585.8,3,8013,252,1,585.8,0.000
rgrasp,C208,C,2,27,26,585.8,3,7956,252,1,585.8,0.000
rgrasp,C208,C,2,28,27,585.8,3,7808,251,1,585.8,0.000
rgrasp,C208,C,2,29,28,585.8,3,7421,252,1,585.8,0.000
rgrasp,C208,C,2,30,29,585.8,3,8131,251,1,585.8,0.000
tabu,C208,C,2,1,0,585.8,3,11500,1421,1,585.8,0.000
vnd,C208,C,2,1,0,632.3,3,21,0,1,585.8,7.938
grasp,R101,R,1,1,0,1644.5,20,9073,262,1,1637.7,0.415
grasp,R101,R,1,2,1,1639.9,20,16295,511,1,1637.7,0.134
grasp,R101,R,1,3,2,1641.8,20,7943,252,1,1637.7,0.250
grasp,R101,R,1,4,3,1644.6,20,20071,562,1,1637.7,0.421
grasp,R101,R,1,5,4,1641.0,20,14460,409,1,1637.7,0.202
grasp,R101,R,1,6,5,1643.3,20,8730,278,1,1637.7,0.342
grasp,R101,R,1,7,6,1642.7,20,10474,295,1,1637.7,0.305
grasp,R101,R,1,8,7,1644.5,20,10813,345,1,1637.7,0.415
grasp,R101,R,1,9,8,1641.4,20,10538,340,1,1637.7,0.226
grasp,R101,R,1,10,9,1643.3,20,15236,477,1,1637.7,0.342
grasp,R101,R,1,11,10,1641.5,20,15926,506,1,1637.7,0.232
grasp,R101,R,1,12,11,1643.5,20,16478,526,1,1637.7,0.354
grasp,R101,R,1,13,12,1641.5,20,14806,441,1,1637.7,0.232
grasp,R101,R,1,14,13,1641.4,20,8744,276,1,1637.7,0.226
grasp,R101,R,1,15,14,1642.8,20,13609,426,1,1637.7,0.311
grasp,R101,R,1,16,15,1644.3,20,13412,380,1,1637.7,0.403
grasp,R101,R,1,17,16,1642.7,20,14769,454,1,1637.7,0.305
grasp,R101,R,1,18,17,1646.6,20,8814,278,1,1637.7,0.543
grasp,R101,R,1,19,18,1643.4,20,12682,398,1,1637.7,0.348
grasp,R101,R,1,20,19,1642.9,20,14963,419,1,1637.7,0.318
grasp,R101,R,1,21,20,1641.4,20,29147,852,1,1637.7,0.226
grasp,R101,R,1,22,21,1641.4,20,16923,513,1,1637.7,0.226
grasp,R101,R,1,23,22,1640.1,20,11306,348,1,1637.7,0.147
grasp,R101,R,1,24,23,1643.0,20,11133,350,1,1637.7,0.324
grasp,R101,R,1,25,24,1642.9,20,22093,666,1,1637.7,0.318
grasp,R101,R,1,26,25,1641.4,20,20832,569,1,1637.7,0.226
grasp,R101,R,1,27,26,1639.9,20,14812,449,1,1637.7,0.134
grasp,R101,R,1,28,27,1644.8,20,10500,286,1,1637.7,0.434
grasp,R101,R,1,29,28,1644.8,20,10815,315,1,1637.7,0.434
grasp,R101,R,1,30,29,1643.3,20,19758,596,1,1637.7,0.342
i1,R101,R,1,1,0,1867.1,21,0,0,1,1637.7,14.007
rgrasp,R101,R,1,1,0,1640.8,20,19285,458,1,1637.7,0.189
rgrasp,R101,R,1,2,1,1640.3,20,12484,277,1,1637.7,0.159
rgrasp,R101,R,1,3,2,1640.5,20,14825,314,1,1637.7,0.171
rgrasp,R101,R,1,4,3,1644.8,20,18020,417,1,1637.7,0.434
rgrasp,R101,R,1,5,4,1639.3,20,22090,491,1,1637.7,0.098
rgrasp,R101,R,1,6,5,1643.0,20,12628,284,1,1637.7,0.324
rgrasp,R101,R,1,7,6,1641.0,20,15895,369,1,1637.7,0.202
rgrasp,R101,R,1,8,7,1638.2,20,16558,426,1,1637.7,0.031
rgrasp,R101,R,1,9,8,1638.2,20,35746,801,1,1637.7,0.031
rgrasp,R101,R,1,10,9,1639.8,20,25348,639,1,1637.7,0.128
rgrasp,R101,R,1,11,10,1645.3,20,12020,287,1,1637.7,0.464
rgrasp,R101,R,1,12,11,1641.7,20,14663,368,1,1637.7,0.244
rgrasp,R101,R,1,13,12,1640.3,20,14032,352,1,1637.7,0.159
rgrasp,R101,R,1,14,13,1647.1,20,13402,331,1,1637.7,0.574
rgrasp,R101,R,1,15,14,1638.8,20,27549,695,1,1637.7,0.067
rgrasp,R101,R,1,16,15,1642.9,20,16660,398,1,1637.7,0.318
rgrasp,R101,R,1,17,16,1645.1,20,15030,358,1,1637.7,0.452
rgrasp,R101,R,1,18,17,1639.6,20,26567,643,1,1637.7,0.116
rgrasp,R101,R,1,19,18,1641.7,20,19003,477,1,1637.7,0.244
rgrasp,R101,R,1,20,19,1641.0,20,20631,466,1,1637.7,0.202
rgrasp,R101,R,1,21,20,1639.5,20,22629,502,1,1637.7,0.110
rgrasp,R101,R,1,22,21,1642.0,20,28381,681,1,1637.7,0.263
rgrasp,R101,R,1,23,22,1642.1,20,30582,735,1,1637.7,0.269
rgrasp,R101,R,1,24,23,1641.2,20,11242,281,1,1637.7,0.214
rgrasp,R101,R,1,25,24,1639.0,20,31976,725,1,1637.7,0.079
rgrasp,R101,R,1,26,25,1641.4,20,17373,421,1,1637.7,0.226
rgrasp,R101,R,1,27,26,1643.4,20,15150,384,1,1637.7,0.348
rgrasp,R101,R,1,28,27,1642.1,20,16389,393,1,1637.7,0.269
rgrasp,R101,R,1,29,28,1640.6,20,13823,332,1,1637.7,0.177
rgrasp,R101,R,1,30,29,1639.9,20,15194,364,1,1637.7,0.134
tabu,R101,R,1,1,0,1644.3,20,4803,1428,1,1637.7,0.403
vnd,R101,R,1,1,0,1670.0,21,47,0,1,1637.7,1.972
grasp,R102,R,1,1,0,1471.2,18,15352,444,1,1466.6,0.314
grasp,R102,R,1,2,1,1470.3,18,10534,272,1,1466.6,0.252
grasp,R102,R,1,3,2,1475.8,18,18389,534,1,1466.6,0.627
grasp,R102,R,1,4,3,1477.4,18,36054,946,1,1466.6,0.736
grasp,R102,R,1,5,4,1474.4,18,25496,732,1,1466.6,0.532
grasp,R102,R,1,6,5,1471.7,18,22325,610,1,1466.6,0.348
grasp,R102,R,1,7,6,1479.5,19,11290,319,1,1466.6,0.880
grasp,R102,R,1,8,7,1475.3,18,13337,377,1,1466.6,0.593
grasp,R102,R,1,9,8,1473.9,18,14929,425,1,1466.6,0.498
grasp,R102,R,1,10,9,1469.7,18,14727,391,1,1466.6,0.211
grasp,R102,R,1,11,10,1467.6,18,22042,625,1,1466.6,0.068
grasp,R102,R,1,12,11,1478.4,19,20126,528,1,1466.6,0.805
grasp,R102,R,1,13,12,1471.2,18,15019,429,1,1466.6,0.314
grasp,R102,R,1,14,13,1473.3,18,9006,251,1,1466.6,0.457
grasp,R102,R,1,15,14,1473.3,18,23215,626,1,1466.6,0.457
grasp,R102,R,1,16,15,1478.5,19,11311,304,1,1466.6,0.811
grasp,R102,R,1,17,16,1470.5,18,20613,587,1,1466.6,0.266
grasp,R102,R,1,18,17,1473.3,18,11906,340,1,1466.6,0.457
grasp,R102,R,1,19,18,1467.6,18,17951,514,1,1466.6,0.068
grasp,R102,R,1,20,19,1469.2,18,15500,414,1,1466.6,0.177
grasp,R102,R,1,21,20,1475.9,19,11143,307,1,1466.6,0.634
grasp,R102,R,1,22,21,1478.4,19,15017,426,1,1466.6,0.805
grasp,R102,R,1,23,22,1468.8,18,11353,328,1,1466.6,0.150
grasp,R102,R,1,24,23,1479.4,19,9233,255,1,1466.6,0.873
grasp,R102,R,1,25,24,1479.2,19,10366,274,1,1466.6,0.859
grasp,R102,R,1,26,25,1473.0,18,19821,550,1,1466.6,0.436
grasp,R102,R,1,27,26,1475.4,18,16735,470,1,1466.6,0.600
grasp,R102,R,1,28,27,1476.7,18,9153,259,1,1466.6,0.689
grasp,R102,R,1,29,28,1469.7,18,16853,489,1,1466.6,0.211
grasp,R102,R,1,30,29,1476.4,18,15863,459,1,1466.6,0.668
i1,R102,R,1,1,0,1711.0,19,0,0,1,1466.6,16.664
rgrasp,R102,R,1,1,0,1468.6,18,15424,335,1,1466.6,0.136
rgrasp,R102,R,1,2,1,1470.1,18,22202,532,1,1466.6,0.239
rgrasp,R102,R,1,3,2,1474.2,18,11272,261,1,1466.6,0.518
rgrasp,R102,R,1,4,3,1467.9,18,14786,359,1,1466.6,0.089
rgrasp,R102,R,1,5,4,1468.2,18,13158,293,1,1466.6,0.109
rgrasp,R102,R,1,6,5,1471.0,18,15922,361,1,1466.6,0.300
rgrasp,R102,R,1,7,6,1470.1,18,19387,451,1,1466.6,0.239
rgrasp,R102,R,1,8,7,1467.6,18,15693,356,1,1466.6,0.068
rgrasp,R102,R,1,9,8,1467.4,18,23193,529,1,1466.6,0.055
rgrasp,R102,R,1,10,9,1466.9,18,29193,674,1,1466.6,0.020
rgrasp,R102,R,1,11,10,1474.6,18,20331,484,1,1466.6,0.545
rgrasp,R102,R,1,12,11,1471.5,18,23941,556,1,1466.6,0.334
rgrasp,R102,R,1,13,12,1468.6,18,14363,337,1,1466.6,0.136
rgrasp,R102,R,1,14,13,1469.7,18,17161,373,1,1466.6,0.211
rgrasp,R102,R,1,15,14,1469.7,18,13181,284,1,1466.6,0.211
rgrasp,R102,R,1,16,15,1471.1,18,17718,431,1,1466.6,0.307
rgrasp,R102,R,1,17,16,1468.6,18,23488,539,1,1466.6,0.136
rgrasp,R102,R,1,18,17,1474.7,18,15663,346,1,1466.6,0.552
rgrasp,R102,R,1,19,18,1469.7,18,28214,640,1,1466.6,0.211
rgrasp,R102,R,1,20,19,1468.7,18,13508,321,1,1466.6,0.143
rgrasp,R102,R,1,21,20,1467.9,18,11829,277,1,1466.6,0.089
rgrasp,R102,R,1,22,21,1473.0,18,19355,439,1,1466.6,0.436
rgrasp,R102,R,1,23,22,1472.3,18,12209,287,1,1466.6,0.389
rgrasp,R102,R,1,24,23,1469.2,18,19523,418,1,1466.6,0.177
rgrasp,R102,R,1,25,24,1471.4,18,19016,443,1,1466.6,0.327
rgrasp,R102,R,1,26,25,1466.6,18,25785,610,1,1466.6,0.000
rgrasp,R102,R,1,27,26,1471.2,18,12109,288,1,1466.6,0.314
rgrasp,R102,R,1,28,27,1470.5,18,20226,439,1,1466.6,0.266
rgrasp,R102,R,1,29,28,1472.9,18,11280,267,1,1466.6,0.430
rgrasp,R102,R,1,30,29,1467.6,18,36959,873,1,1466.6,0.068
tabu,R102,R,1,1,0,1480.3,19,8085,1893,1,1466.6,0.934
vnd,R102,R,1,1,0,1509.5,19,21,0,1,1466.6,2.925
grasp,R103,R,1,1,0,1227.3,15,15261,421,1,1208.7,1.539
grasp,R103,R,1,2,1,1234.1,15,9674,272,1,1208.7,2.101
grasp,R103,R,1,3,2,1225.4,14,16828,477,1,1208.7,1.382
grasp,R103,R,1,4,3,1233.4,15,13093,355,1,1208.7,2.044
grasp,R103,R,1,5,4,1228.2,15,27621,779,1,1208.7,1.613
grasp,R103,R,1,6,5,1221.8,15,14056,403,1,1208.7,1.084
grasp,R103,R,1,7,6,1228.9,15,11056,315,1,1208.7,1.671
grasp,R103,R,1,8,7,1230.3,15,15785,425,1,1208.7,1.787
grasp,R103,R,1,9,8,1225.7,14,11062,314,1,1208.7,1.406
grasp,R103,R,1,10,9,1226.1,15,11773,312,1,1208.7,1.440
grasp,R103,R,1,11,10,1227.5,15,26311,742,1,1208.7,1.555
grasp,R103,R,1,12,11,1225.9,14,9779,263,1,1208.7,1.423
grasp,R103,R,1,13,12,1234.5,15,12546,348,1,1208.7,2.135
grasp,R103,R,1,14,13,1228.6,15,16681,487,1,1208.7,1.646
grasp,R103,R,1,15,14,1230.8,15,9004,254,1,1208.7,1.828
grasp,R103,R,1,16,15,1218.0,14,25155,723,1,1208.7,0.769
grasp,R103,R,1,17,16,1222.8,15,20106,565,1,1208.7,1.167
grasp,R103,R,1,18,17,1224.9,14,10081,272,1,1208.7,1.340
grasp,R103,R,1,19,18,1231.2,15,15275,412,1,1208.7,1.862
grasp,R103,R,1,20,19,1222.9,14,16711,466,1,1208.7,1.175
grasp,R103,R,1,21,20,1226.3,14,19480,529,1,1208.7,1.456
grasp,R103,R,1,22,21,1227.6,14,18633,497,1,1208.7,1.564
grasp,R103,R,1,23,22,1223.6,15,25231,698,1,1208.7,1.233
grasp,R103,R,1,24,23,1233.4,14,9281,251,1,1208.7,2.044
grasp,R103,R,1,25,24,1233.4,15,11671,323,1,1208.7,2.044
grasp,R103,R,1,26,25,1228.2,15,18777,498,1,1208.7,1.613
grasp,R103,R,1,27,26,1228.1,14,21392,605,1,1208.7,1.605
grasp,R103,R,1,28,27,1224.6,14,28305,789,1,1208.7,1.315
grasp,R103,R,1,29,28,1227.0,15,17287,504,1,1208.7,1.514
grasp,R103,R,1,30,29,1223.4,15,16807,472,1,1208.7,1.216
i1,R103,R,1,1,0,1550.0,16,0,0,1,1208.7,28.237
rgrasp,R103,R,1,1,0,1226.7,15,21827,522,1,1208.7,1.489
rgrasp,R103,R,1,2,1,1236.6,15,10511,262,1,1208.7,2.308
rgrasp,R103,R,1,3,2,1234.8,14,14033,315,1,1208.7,2.159
rgrasp,R103,R,1,4,3,1223.3,15,23150,514,1,1208.7,1.208
rgrasp,R103,R,1,5,4,1227.3,14,14855,359,1,1208.7,1.539
rgrasp,R103,R,1,6,5,1230.2,14,23408,520,1,1208.7,1.779
rgrasp,R103,R,1,7,6,1225.1,14,15338,377,1,1208.7,1.357
rgrasp,R103,R,1,8,7,1236.5,14,13304,307,1,1208.7,2.300
rgrasp,R103,R,1,9,8,1225.7,14,12947,301,1,1208.7,1.406
rgrasp,R103,R,1,10,9,1231.8,15,18631,451,1,1208.7,1.911
rgrasp,R103,R,1,11,10,1227.3,14,18922,433,1,1208.7,1.539
rgrasp,R103,R,1,12,11,1228.5,15,23197,567,1,1208.7,1.638
rgrasp,R103,R,1,13,12,1232.0,15,13177,293,1,1208.7,1.928
rgrasp,R103,R,1,14,13,1225.6,14,12043,276,1,1208.7,1.398
rgrasp,R103,R,1,15,14,1233.2,15,10342,252,1,1208.7,2.027
rgrasp,R103,R,1,16,15,1228.5,15,17029,409,1,1208.7,1.638
rgrasp,R103,R,1,17,16,1231.6,15,22877,558,1,1208.7,1.895
rgrasp,R103,R,1,18,17,1215.3,14,29218,715,1,1208.7,0.546
rgrasp,R103,R,1,19,18,1227.3,14,14706,337,1,1208.7,1.539
rgrasp,R103,R,1,20,19,1227.3,14,14424,349,1,1208.7,1.539
rgrasp,R103,R,1,21,20,1231.6,15,21005,510,1,1208.7,1.895
rgrasp,R103,R,1,22,21,1227.1,14,21220,501,1,1208.7,1.522
rgrasp,R103,R,1,23,22,1227.3,14,14600,321,1,1208.7,1.539
rgrasp,R103,R,1,24,23,1227.3,14,24264,551,1,1208.7,1.539
rgrasp,R103,R,1,25,24,1228.6,15,25648,590,1,1208.7,1.646
rgrasp,R103,R,1,26,25,1226.2,14,13176,312,1,1208.7,1.448
rgrasp,R103,R,1,27,26,1230.1,14,15793,378,1,1208.7,1.770
rgrasp,R103,R,1,28,27,1227.3,14,14136,336,1,1208.7,1.539
rgrasp,R103,R,1,29,28,1221.9,15,50038,1184,1,1208.7,1.092
rgrasp,R103,R,1,30,29,1227.3,14,36381,871,1,1208.7,1.539
tabu,R103,R,1,1,0,1255.0,16,7046,1651,1,1208.7,3.831
vnd,R103,R,1,1,0,1308.7,16,40,0,1,1208.7,8.273
grasp,R104,R,1,1,0,999.0,11,22650,621,1,971.5,2.831
grasp,R104,R,1,2,1,1001.1,12,12633,342,1,971.5,3.047
grasp,R104,R,1,3,2,1018.7,11,9822,262,1,971.5,4.858
grasp,R104,R,1,4,3,1010.7,12,19238,536,1,971.5,4.035
grasp,R104,R,1,5,4,987.9,11,20339,547,1,971.5,1.688
grasp,R104,R,1,6,5,1012.2,11,14920,405,1,971.5,4.189
grasp,R104,R,1,7,6,1006.5,11,18878,520,1,971.5,3.603
grasp,R104,R,1,8,7,1007.5,11,22856,630,1,971.5,3.706
grasp,R104,R,1,9,8,1017.9,11,9925,274,1,971.5,4.776
grasp,R104,R,1,10,9,997.9,11,11541,304,1,971.5,2.717
grasp,R104,R,1,11,10,996.9,12,9526,256,1,971.5,2.615
grasp,R104,R,1,12,11,1003.4,12,15983,429,1,971.5,3.284
grasp,R104,R,1,13,12,996.4,11,14131,371,1,971.5,2.563
grasp,R104,R,1,14,13,1009.7,11,10283,276,1,971.5,3.932
grasp,R104,R,1,15,14,1018.1,11,12028,335,1,971.5,4.797
grasp,R104,R,1,16,15,1016.4,12,14389,372,1,971.5,4.622
grasp,R104,R,1,17,16,998.2,11,18148,521,1,971.5,2.748
grasp,R104,R,1,18,17,1008.7,12,11795,328,1,971.5,3.829
grasp,R104,R,1,19,18,997.3,11,18319,511,1,971.5,2.656
grasp,R104,R,1,20,19,1013.5,12,16241,438,1,971.5,4.323
grasp,R104,R,1,21,20,1000.0,11,21486,591,1,971.5,2.934
grasp,R104,R,1,22,21,1009.9,11,9873,271,1,971.5,3.953
grasp,R104,R,1,23,22,1013.7,11,10019,267,1,971.5,4.344
grasp,R104,R,1,24,23,996.2,11,21382,572,1,971.5,2.542
grasp,R104,R,1,25,24,998.2,11,14254,388,1,971.5,2.748
grasp,R104,R,1,26,25,1005.8,11,19596,531,1,971.5,3.531
grasp,R104,R,1,27,26,1009.0,11,9677,257,1,971.5,3.860
grasp,R104,R,1,28,27,1007.8,11,14828,399,1,971.5,3.736
grasp,R104,R,1,29,28,1003.4,12,9959,262,1,971.5,3.284
grasp,R104,R,1,30,29,1003.2,11,18433,519,1,971.5,3.263
i1,R104,R,1,1,0,1267.5,12,0,0,1,971.5,30.468
rgrasp,R104,R,1,1,0,1021.8,12,10900,252,1,971.5,5.178
rgrasp,R104,R,1,2,1,1005.3,11,23955,555,1,971.5,3.479
rgrasp,R104,R,1,3,2,1008.1,12,15338,337,1,971.5,3.767
rgrasp,R104,R,1,4,3,1018.1,11,11213,257,1,971.5,4.797
rgrasp,R104,R,1,5,4,1001.1,12,13834,317,1,971.5,3.047
rgrasp,R104,R,1,6,5,1012.8,12,12328,274,1,971.5,4.251
rgrasp,R104,R,1,7,6,1000.0,12,26683,607,1,971.5,2.934
rgrasp,R104,R,1,8,7,1002.6,11,16435,360,1,971.5,3.201
rgrasp,R104,R,1,9,8,1012.0,12,21430,495,1,971.5,4.169
rgrasp,R104,R,1,10,9,1000.7,11,21350,493,1,971.5,3.006
rgrasp,R104,R,1,11,10,1007.9,11,21014,468,1,971.5,3.747
rgrasp,R104,R,1,12,11,1007.4,12,13544,296,1,971.5,3.695
rgrasp,R104,R,1,13,12,1005.9,11,12626,286,1,971.5,3.541
rgrasp,R104,R,1,14,13,1010.8,11,20025,453,1,971.5,4.045
rgrasp,R104,R,1,15,14,1002.5,11,41904,942,1,971.5,3.191
rgrasp,R104,R,1,16,15,1004.9,11,12463,272,1,971.5,3.438
rgrasp,R104,R,1,17,16,1003.6,11,12577,289,1,971.5,3.304
rgrasp,R104,R,1,18,17,1009.6,11,20594,458,1,971.5,3.922
rgrasp,R104,R,1,19,18,1007.4,11,13116,286,1,971.5,3.695
rgrasp,R104,R,1,20,19,998.2,11,18641,427,1,971.5,2.748
rgrasp,R104,R,1,21,20,1000.6,12,22942,526,1,971.5,2.995
rgrasp,R104,R,1,22,21,1001.2,11,15376,346,1,971.5,3.057
rgrasp,R104,R,1,23,22,1004.8,11,26536,579,1,971.5,3.428
rgrasp,R104,R,1,24,23,1005.1,12,20262,450,1,971.5,3.459
rgrasp,R104,R,1,25,24,1006.4,12,21347,497,1,971.5,3.592
rgrasp,R104,R,1,26,25,1001.8,11,24989,570,1,971.5,3.119
rgrasp,R104,R,1,27,26,1002.3,12,17072,374,1,971.5,3.170
rgrasp,R104,R,1,28,27,1006.9,11,18679,429,1,971.5,3.644
rgrasp,R104,R,1,29,28,1008.7,12,19461,456,1,971.5,3.829
rgrasp,R104,R,1,30,29,1004.7,12,11416,252,1,971.5,3.417
tabu,R104,R,1,1,0,1008.4,12,10605,2416,1,971.5,3.798
vnd,R104,R,1,1,0,1048.4,12,50,0,1,971.5,7.916
grasp,R105,R,1,1,0,1377.0,16,21665,779,1,1355.3,1.601
grasp,R105,R,1,2,1,1375.5,16,10441,387,1,1355.3,1.490
grasp,R105,R,1,3,2,1368.4,16,17675,688,1,1355.3,0.967
grasp,R105,R,1,4,3,1370.2,15,8986,350,1,1355.3,1.099
grasp,R105,R,1,5,4,1380.1,16,18963,761,1,1355.3,1.830
grasp,R105,R,1,6,5,1377.3,15,13295,484,1,1355.3,1.623
grasp,R105,R,1,7,6,1387.0,16,11088,415,1,1355.3,2.339
grasp,R105,R,1,8,7,1368.0,15,7132,289,1,1355.3,0.937
grasp,R105,R,1,9,8,1383.7,16,18210,730,1,1355.3,2.095
grasp,R105,R,1,10,9,1375.7,15,21468,822,1,1355.3,1.505
grasp,R105,R,1,11,10,1377.4,15,8540,345,1,1355.3,1.631
grasp,R105,R,1,12,11,1369.2,15,15569,630,1,1355.3,1.026
grasp,R105,R,1,13,12,1366.2,15,12472,467,1,1355.3,0.804
grasp,R105,R,1,14,13,1365.6,15,15542,611,1,1355.3,0.760
grasp,R105,R,1,15,14,1378.8,15,7786,306,1,1355.3,1.734
grasp,R105,R,1,16,15,1362.5,15,7657,303,1,1355.3,0.531
grasp,R105,R,1,17,16,1371.6,15,12069,465,1,1355.3,1.203
grasp,R105,R,1,18,17,1371.3,15,12475,500,1,1355.3,1.181
grasp,R105,R,1,19,18,1389.3,15,8567,320,1,1355.3,2.509
grasp,R105,R,1,20,19,1380.5,16,7552,278,1,1355.3,1.859
grasp,R105,R,1,21,20,1387.4,15,8217,323,1,1355.3,2.368
grasp,R105,R,1,22,21,1376.5,15,11458,452,1,1355.3,1.564
grasp,R105,R,1,23,22,1370.1,16,10502,386,1,1355.3,1.092
grasp,R105,R,1,24,23,1377.3,15,11452,417,1,1355.3,1.623
grasp,R105,R,1,25,24,1378.2,15,12770,472,1,1355.3,1.690
grasp,R105,R,1,26,25,1385.4,16,8124,310,1,1355.3,2.221
grasp,R105,R,1,27,26,1374.1,16,8604,336,1,1355.3,1.387
grasp,R105,R,1,28,27,1377.3,16,13556,524,1,1355.3,1.623
grasp,R105,R,1,29,28,1379.4,16,8917,339,1,1355.3,1.778
grasp,R105,R,1,30,29,1374.1,16,12964,514,1,1355.3,1.387
i1,R105,R,1,1,0,1593.4,15,0,0,1,1355.3,17.568
rgrasp,R105,R,1,1,0,1372.3,16,15016,442,1,1355.3,1.254
rgrasp,R105,R,1,2,1,1390.0,15,11554,322,1,1355.3,2.560
rgrasp,R105,R,1,3,2,1369.5,16,19060,523,1,1355.3,1.048
rgrasp,R105,R,1,4,3,1372.9,16,11602,311,1,1355.3,1.299
rgrasp,R105,R,1,5,4,1389.3,16,9533,270,1,1355.3,2.509
rgrasp,R105,R,1,6,5,1377.7,15,10885,299,1,1355.3,1.653
rgrasp,R105,R,1,7,6,1373.7,16,10648,296,1,1355.3,1.358
rgrasp,R105,R,1,8,7,1376.6,15,21161,570,1,1355.3,1.572
rgrasp,R105,R,1,9,8,1380.9,15,25357,691,1,1355.3,1.889
rgrasp,R105,R,1,10,9,1385.0,15,14418,410,1,1355.3,2.191
rgrasp,R105,R,1,11,10,1381.7,15,11388,325,1,1355.3,1.948
rgrasp,R105,R,1,12,11,1372.3,16,10326,269,1,1355.3,1.254
rgrasp,R105,R,1,13,12,1373.0,16,9514,259,1,1355.3,1.306
rgrasp,R105,R,1,14,13,1370.6,15,21185,614,1,1355.3,1.129
rgrasp,R105,R,1,15,14,1383.0,15,9968,290,1,1355.3,2.044
rgrasp,R105,R,1,16,15,1371.3,15,24190,672,1,1355.3,1.181
rgrasp,R105,R,1,17,16,1380.3,15,17915,520,1,1355.3,1.845
rgrasp,R105,R,1,18,17,1368.0,16,12232,373,1,1355.3,0.937
rgrasp,R105,R,1,19,18,1386.7,15,16764,451,1,1355.3,2.317
rgrasp,R105,R,1,20,19,1371.5,16,12078,349,1,1355.3,1.195
rgrasp,R105,R,1,21,20,1379.9,16,10978,298,1,1355.3,1.815
rgrasp,R105,R,1,22,21,1378.9,16,17184,494,1,1355.3,1.741
rgrasp,R105,R,1,23,22,1370.8,16,14645,415,1,1355.3,1.144
rgrasp,R105,R,1,24,23,1375.1,16,16634,485,1,1355.3,1.461
rgrasp,R105,R,1,25,24,1381.0,15,10531,271,1,1355.3,1.896
rgrasp,R105,R,1,26,25,1373.7,16,15454,412,1,1355.3,1.358
rgrasp,R105,R,1,27,26,1374.0,16,15542,415,1,1355.3,1.380
rgrasp,R105,R,1,28,27,1384.3,16,13280,397,1,1355.3,2.140
rgrasp,R105,R,1,29,28,1379.2,15,23571,655,1,1355.3,1.763
rgrasp,R105,R,1,30,29,1376.4,15,11938,342,1,1355.3,1.557
tabu,R105,R,1,1,0,1363.8,15,10443,2447,1,1355.3,0.627
vnd,R105,R,1,1,0,1437.1,15,25,0,1,1355.3,6.036
grasp,R106,R,1,1,0,1256.7,13,8193,277,1,1234.6,1.790
grasp,R106,R,1,2,1,1248.5,13,9260,329,1,1234.6,1.126
grasp,R106,R,1,3,2,1252.6,13,17957,614,1,1234.6,1.458
grasp,R106,R,1,4,3,1243.4,13,14511,513,1,1234.6,0.713
grasp,R106,R,1,5,4,1249.3,13,14627,512,1,1234.6,1.191
grasp,R106,R,1,6,5,1258.2,13,9375,339,1,1234.6,1.912
grasp,R106,R,1,7,6,1249.7,13,15001,527,1,1234.6,1.223
grasp,R106,R,1,8,7,1257.3,13,16612,546,1,1234.6,1.839
grasp,R106,R,1,9,8,1249.5,13,7537,261,1,1234.6,1.207
grasp,R106,R,1,10,9,1257.8,13,11118,370,1,1234.6,1.879
grasp,R106,R,1,11,10,1262.3,14,11570,406,1,1234.6,2.244
grasp,R106,R,1,12,11,1260.2,13,11675,394,1,1234.6,2.074
grasp,R106,R,1,13,12,1254.0,13,13686,484,1,1234.6,1.571
grasp,R106,R,1,14,13,1258.2,14,11686,406,1,1234.6,1.912
grasp,R106,R,1,15,14,1259.9,13,12933,430,1,1234.6,2.049
grasp,R106,R,1,16,15,1248.6,13,9723,346,1,1234.6,1.134
grasp,R106,R,1,17,16,1260.7,13,12919,420,1,1234.6,2.114
grasp,R106,R,1,18,17,1248.4,13,12124,423,1,1234.6,1.118
grasp,R106,R,1,19,18,1257.2,13,14459,498,1,1234.6,1.831
grasp,R106,R,1,20,19,1252.3,13,19591,695,1,1234.6,1.434
grasp,R106,R,1,21,20,1250.7,13,10744,344,1,1234.6,1.304
grasp,R106,R,1,22,21,1256.6,13,11073,383,1,1234.6,1.782
grasp,R106,R,1,23,22,1257.3,13,7738,274,1,1234.6,1.839
grasp,R106,R,1,24,23,1257.2,13,11700,413,1,1234.6,1.831
grasp,R106,R,1,25,24,1257.6,13,11534,386,1,1234.6,1.863
grasp,R106,R,1,26,25,1249.5,13,9408,322,1,1234.6,1.207
grasp,R106,R,1,27,26,1260.4,13,13115,443,1,1234.6,2.090
grasp,R106,R,1,28,27,1251.0,13,13206,467,1,1234.6,1.328
grasp,R106,R,1,29,28,1254.7,13,21433,707,1,1234.6,1.628
grasp,R106,R,1,30,29,1256.6,13,8049,264,1,1234.6,1.782
i1,R106,R,1,1,0,1446.6,14,0,0,1,1234.6,17.172
rgrasp,R106,R,1,1,0,1261.4,14,19283,525,1,1234.6,2.171
rgrasp,R106,R,1,2,1,1242.9,13,14047,355,1,1234.6,0.672
rgrasp,R106,R,1,3,2,1260.2,13,10538,281,1,1234.6,2.074
rgrasp,R106,R,1,4,3,1262.9,14,12278,326,1,1234.6,2.292
rgrasp,R106,R,1,5,4,1265.1,13,9962,265,1,1234.6,2.470
rgrasp,R106,R,1,6,5,1258.8,13,24898,665,1,1234.6,1.960
rgrasp,R106,R,1,7,6,1258.8,13,10302,281,1,1234.6,1.960
rgrasp,R106,R,1,8,7,1254.7,13,35276,949,1,1234.6,1.628
rgrasp,R106,R,1,9,8,1263.4,13,15755,425,1,1234.6,2.333
rgrasp,R106,R,1,10,9,1261.3,13,13697,344,1,1234.6,2.163
rgrasp,R106,R,1,11,10,1263.5,13,19471,520,1,1234.6,2.341
rgrasp,R106,R,1,12,11,1259.7,13,11274,295,1,1234.6,2.033
rgrasp,R106,R,1,13,12,1250.3,13,22141,564,1,1234.6,1.272
rgrasp,R106,R,1,14,13,1266.3,13,13191,328,1,1234.6,2.568
rgrasp,R106,R,1,15,14,1258.6,14,12723,347,1,1234.6,1.944
rgrasp,R106,R,1,16,15,1261.9,14,12210,327,1,1234.6,2.211
rgrasp,R106,R,1,17,16,1253.3,14,22778,630,1,1234.6,1.515
rgrasp,R106,R,1,18,17,1258.8,13,18288,466,1,1234.6,1.960
rgrasp,R106,R,1,19,18,1260.6,13,18237,500,1,1234.6,2.106
rgrasp,R106,R,1,20,19,1263.5,13,12986,351,1,1234.6,2.341
rgrasp,R106,R,1,21,20,1266.9,13,15546,399,1,1234.6,2.616
rgrasp,R106,R,1,22,21,1258.8,13,12582,324,1,1234.6,1.960
rgrasp,R106,R,1,23,22,1265.6,14,16259,412,1,1234.6,2.511
rgrasp,R106,R,1,24,23,1248.4,13,15245,386,1,1234.6,1.118
rgrasp,R106,R,1,25,24,1250.7,13,25078,671,1,1234.6,1.304
rgrasp,R106,R,1,26,25,1260.2,13,11170,301,1,1234.6,2.074
rgrasp,R106,R,1,27,26,1256.1,13,30223,799,1,1234.6,1.741
rgrasp,R106,R,1,28,27,1261.0,14,19752,540,1,1234.6,2.138
rgrasp,R106,R,1,29,28,1263.7,13,11001,287,1,1234.6,2.357
rgrasp,R106,R,1,30,29,1263.4,14,13338,366,1,1234.6,2.333
tabu,R106,R,1,1,0,1268.5,14,7306,1643,1,1234.6,2.746
vnd,R106,R,1,1,0,1301.5,14,24,0,1,1234.6,5.419
grasp,R107,R,1,1,0,1104.0,12,15566,472,1,1064.6,3.701
grasp,R107,R,1,2,1,1093.0,12,14353,439,1,1064.6,2.668
grasp,R107,R,1,3,2,1100.0,11,17768,564,1,1064.6,3.325
grasp,R107,R,1,4,3,1107.8,12,18442,590,1,1064.6,4.058
grasp,R107,R,1,5,4,1111.6,12,10370,319,1,1064.6,4.415
grasp,R107,R,1,6,5,1090.6,12,9892,296,1,1064.6,2.442
grasp,R107,R,1,7,6,1102.7,12,7975,252,1,1064.6,3.579
grasp,R107,R,1,8,7,1108.3,12,17089,514,1,1064.6,4.105
grasp,R107,R,1,9,8,1111.0,12,11247,349,1,1064.6,4.358
grasp,R107,R,1,10,9,1106.0,11,11296,362,1,1064.6,3.889
grasp,R107,R,1,11,10,1103.6,12,8461,258,1,1064.6,3.663
grasp,R107,R,1,12,11,1104.3,12,10856,342,1,1064.6,3.729
grasp,R107,R,1,13,12,1101.2,12,19015,615,1,1064.6,3.438
grasp,R107,R,1,14,13,1096.2,12,10162,309,1,1064.6,2.968
grasp,R107,R,1,15,14,1103.7,12,8616,252,1,1064.6,3.673
grasp,R107,R,1,16,15,1104.9,12,17363,543,1,1064.6,3.785
grasp,R107,R,1,17,16,1102.3,12,19122,583,1,1064.6,3.541
grasp,R107,R,1,18,17,1099.7,12,21956,667,1,1064.6,3.297
grasp,R107,R,1,19,18,1102.0,11,15532,489,1,1064.6,3.513
grasp,R107,R,1,20,19,1111.9,12,12305,394,1,1064.6,4.443
grasp,R107,R,1,21,20,1099.4,11,11983,383,1,1064.6,3.269
grasp,R107,R,1,22,21,1108.9,12,11221,352,1,1064.6,4.161
grasp,R107,R,1,23,22,1088.4,12,14531,467,1,1064.6,2.236
grasp,R107,R,1,24,23,1083.8,11,28719,903,1,1064.6,1.803
grasp,R107,R,1,25,24,1102.7,12,15740,478,1,1064.6,3.579
grasp,R107,R,1,26,25,1110.4,12,8380,268,1,1064.6,4.302
grasp,R107,R,1,27,26,1100.8,12,20116,626,1,1064.6,3.400
grasp,R107,R,1,28,27,1104.0,12,12454,385,1,1064.6,3.701
grasp,R107,R,1,29,28,1108.6,11,9353,288,1,1064.6,4.133
grasp,R107,R,1,30,29,1114.1,12,9801,312,1,1064.6,4.650
i1,R107,R,1,1,0,1354.1,12,0,0,1,1064.6,27.193
rgrasp,R107,R,1,1,0,1097.6,12,30179,786,1,1064.6,3.100
rgrasp,R107,R,1,2,1,1106.7,12,13426,354,1,1064.6,3.955
rgrasp,R107,R,1,3,2,1104.0,12,29553,756,1,1064.6,3.701
rgrasp,R107,R,1,4,3,1099.7,12,11203,290,1,1064.6,3.297
rgrasp,R107,R,1,5,4,1100.7,11,17556,437,1,1064.6,3.391
rgrasp,R107,R,1,6,5,1101.2,12,9994,255,1,1064.6,3.438
rgrasp,R107,R,1,7,6,1100.1,12,15972,418,1,1064.6,3.335
rgrasp,R107,R,1,8,7,1105.9,12,16094,410,1,1064.6,3.879
rgrasp,R107,R,1,9,8,1099.4,12,22741,563,1,1064.6,3.269
rgrasp,R107,R,1,10,9,1106.5,12,19832,525,1,1064.6,3.936
rgrasp,R107,R,1,11,10,1111.8,12,10289,259,1,1064.6,4.434
rgrasp,R107,R,1,12,11,1086.3,12,30170,783,1,1064.6,2.038
rgrasp,R107,R,1,13,12,1094.8,12,18775,475,1,1064.6,2.837
rgrasp,R107,R,1,14,13,1108.4,12,21885,543,1,1064.6,4.114
rgrasp,R107,R,1,15,14,1102.5,12,19310,512,1,1064.6,3.560
rgrasp,R107,R,1,16,15,1102.1,12,13663,351,1,1064.6,3.522
rgrasp,R107,R,1,17,16,1097.8,12,12283,322,1,1064.6,3.119
rgrasp,R107,R,1,18,17,1109.8,12,12336,311,1,1064.6,4.246
rgrasp,R107,R,1,19,18,1105.1,12,16874,437,1,1064.6,3.804
rgrasp,R107,R,1,20,19,1108.8,12,12111,303,1,1064.6,4.152
rgrasp,R107,R,1,21,20,1098.6,12,11050,274,1,1064.6,3.194
rgrasp,R107,R,1,22,21,1102.1,12,9404,251,1,1064.6,3.522
rgrasp,R107,R,1,23,22,1109.8,12,16362,421,1,1064.6,4.246
rgrasp,R107,R,1,24,23,1094.7,12,14207,373,1,1064.6,2.827
rgrasp,R107,R,1,25,24,1097.4,12,22790,600,1,1064.6,3.081
rgrasp,R107,R,1,26,25,1102.6,12,10028,258,1,1064.6,3.569
rgrasp,R107,R,1,27,26,1107.3,12,11191,285,1,1064.6,4.011
rgrasp,R107,R,1,28,27,1096.7,12,32190,835,1,1064.6,3.015
rgrasp,R107,R,1,29,28,1099.2,12,21914,567,1,1064.6,3.250
rgrasp,R107,R,1,30,29,1099.2,12,19048,477,1,1064.6,3.250
tabu,R107,R,1,1,0,1078.6,12,16838,3646,1,1064.6,1.315
vnd,R107,R,1,1,0,1172.5,12,39,0,1,1064.6,10.135
grasp,R108,R,1,1,0,969.9,11,9659,276,1,932.1,4.055
grasp,R108,R,1,2,1,977.4,11,11484,323,1,932.1,4.860
grasp,R108,R,1,3,2,955.9,10,10959,302,1,932.1,2.553
grasp,R108,R,1,4,3,975.2,11,11151,308,1,932.1,4.624
grasp,R108,R,1,5,4,977.7,11,10678,296,1,932.1,4.892
grasp,R108,R,1,6,5,974.3,10,9353,266,1,932.1,4.527
grasp,R108,R,1,7,6,973.5,10,22667,616,1,932.1,4.442
grasp,R108,R,1,8,7,976.7,11,11047,309,1,932.1,4.785
grasp,R108,R,1,9,8,975.2,11,19526,539,1,932.1,4.624
grasp,R108,R,1,10,9,973.3,11,22001,629,1,932.1,4.420
grasp,R108,R,1,11,10,967.0,10,23521,666,1,932.1,3.744
grasp,R108,R,1,12,11,970.2,10,14187,390,1,932.1,4.088
grasp,R108,R,1,13,12,975.3,11,13951,391,1,932.1,4.635
grasp,R108,R,1,14,13,966.7,11,20516,566,1,932.1,3.712
grasp,R108,R,1,15,14,974.6,11,16965,478,1,932.1,4.560
grasp,R108,R,1,16,15,968.9,11,11969,324,1,932.1,3.948
grasp,R108,R,1,17,16,969.1,10,14890,410,1,932.1,3.970
grasp,R108,R,1,18,17,970.0,10,17579,508,1,932.1,4.066
grasp,R108,R,1,19,18,980.0,11,14404,391,1,932.1,5.139
grasp,R108,R,1,20,19,972.6,10,29980,853,1,932.1,4.345
grasp,R108,R,1,21,20,975.3,10,15435,432,1,932.1,4.635
grasp,R108,R,1,22,21,977.1,10,16221,437,1,932.1,4.828
grasp,R108,R,1,23,22,980.1,10,13058,363,1,932.1,5.150
grasp,R108,R,1,24,23,976.1,10,9805,277,1,932.1,4.721
grasp,R108,R,1,25,24,975.8,10,13810,377,1,932.1,4.688
grasp,R108,R,1,26,25,968.1,10,25217,686,1,932.1,3.862
grasp,R108,R,1,27,26,977.1,11,13876,373,1,932.1,4.828
grasp,R108,R,1,28,27,966.2,11,25138,718,1,932.1,3.658
grasp,R108,R,1,29,28,975.9,10,12429,357,1,932.1,4.699
grasp,R108,R,1,30,29,968.4,11,13001,370,1,932.1,3.894
i1,R108,R,1,1,0,1226.0,11,0,0,1,932.1,31.531
rgrasp,R108,R,1,1,0,970.7,11,13736,318,1,932.1,4.141
rgrasp,R108,R,1,2,1,969.7,11,13801,310,1,932.1,4.034
rgrasp,R108,R,1,3,2,978.0,11,13069,295,1,932.1,4.924
rgrasp,R108,R,1,4,3,963.9,11,13842,321,1,932.1,3.412
rgrasp,R108,R,1,5,4,972.3,11,23237,547,1,932.1,4.313
rgrasp,R108,R,1,6,5,977.4,10,12040,279,1,932.1,4.860
rgrasp,R108,R,1,7,6,970.3,10,14300,344,1,932.1,4.098
rgrasp,R108,R,1,8,7,970.7,11,30498,713,1,932.1,4.141
rgrasp,R108,R,1,9,8,975.0,11,12892,305,1,932.1,4.603
rgrasp,R108,R,1,10,9,971.4,11,13388,309,1,932.1,4.216
rgrasp,R108,R,1,11,10,973.6,11,24123,538,1,932.1,4.452
rgrasp,R108,R,1,12,11,972.4,10,26771,631,1,932.1,4.324
rgrasp,R108,R,1,13,12,971.0,11,28114,637,1,932.1,4.173
rgrasp,R108,R,1,14,13,965.7,10,27717,629,1,932.1,3.605
rgrasp,R108,R,1,15,14,963.0,11,37382,855,1,932.1,3.315
rgrasp,R108,R,1,16,15,953.1,11,18416,432,1,932.1,2.253
rgrasp,R108,R,1,17,16,967.7,11,18611,437,1,932.1,3.819
rgrasp,R108,R,1,18,17,975.8,11,12087,283,1,932.1,4.688
rgrasp,R108,R,1,19,18,968.7,11,17543,397,1,932.1,3.927
rgrasp,R108,R,1,20,19,978.4,11,10515,253,1,932.1,4.967
rgrasp,R108,R,1,21,20,969.9,10,18423,447,1,932.1,4.055
rgrasp,R108,R,1,22,21,976.1,11,18847,420,1,932.1,4.721
rgrasp,R108,R,1,23,22,965.9,11,16008,365,1,932.1,3.626
rgrasp,R108,R,1,24,23,974.5,10,21607,510,1,932.1,4.549
rgrasp,R108,R,1,25,24,970.7,11,15258,343,1,932.1,4.141
rgrasp,R108,R,1,26,25,979.5,11,11841,260,1,932.1,5.085
rgrasp,R108,R,1,27,26,975.0,11,24164,554,1,932.1,4.603
rgrasp,R108,R,1,28,27,965.5,11,16706,382,1,932.1,3.583
rgrasp,R108,R,1,29,28,966.1,11,21199,495,1,932.1,3.648
rgrasp,R108,R,1,30,29,968.5,11,24860,568,1,932.1,3.905
tabu,R108,R,1,1,0,973.9,10,8552,1912,1,932.1,4.484
vnd,R108,R,1,1,0,1121.2,11,35,0,1,932.1,20.288
grasp,R109,R,1,1,0,1181.4,13,10415,367,1,1146.9,3.008
grasp,R109,R,1,2,1,1174.7,13,8647,299,1,1146.9,2.424
grasp,R109,R,1,3,2,1177.8,13,9245,331,1,1146.9,2.694
grasp,R109,R,1,4,3,1176.9,13,13934,500,1,1146.9,2.616
grasp,R109,R,1,5,4,1172.9,12,11535,428,1,1146.9,2.267
grasp,R109,R,1,6,5,1159.3,13,14590,529,1,1146.9,1.081
grasp,R109,R,1,7,6,1178.8,13,8035,281,1,1146.9,2.781
grasp,R109,R,1,8,7,1186.4,13,7785,286,1,1146.9,3.444
grasp,R109,R,1,9,8,1178.9,13,15517,598,1,1146.9,2.790
grasp,R109,R,1,10,9,1167.6,13,23627,859,1,1146.9,1.805
grasp,R109,R,1,11,10,1169.3,13,9625,356,1,1146.9,1.953
grasp,R109,R,1,12,11,1177.4,13,9891,383,1,1146.9,2.659
grasp,R109,R,1,13,12,1182.3,13,9509,351,1,1146.9,3.087
grasp,R109,R,1,14,13,1179.3,13,23243,882,1,1146.9,2.825
grasp,R109,R,1,15,14,1181.3,14,10778,398,1,1146.9,2.999
grasp,R109,R,1,16,15,1185.4,13,9976,355,1,1146.9,3.357
grasp,R109,R,1,17,16,1172.0,13,12057,447,1,1146.9,2.189
grasp,R109,R,1,18,17,1159.6,13,16153,607,1,1146.9,1.107
grasp,R109,R,1,19,18,1175.2,13,15235,577,1,1146.9,2.468
grasp,R109,R,1,20,19,1185.0,13,18087,682,1,1146.9,3.322
grasp,R109,R,1,21,20,1179.4,13,16443,609,1,1146.9,2.834
grasp,R109,R,1,22,21,1167.0,13,17194,646,1,1146.9,1.753
grasp,R109,R,1,23,22,1177.4,13,17177,622,1,1146.9,2.659
grasp,R109,R,1,24,23,1177.7,13,7234,283,1,1146.9,2.686
grasp,R109,R,1,25,24,1183.3,13,11609,438,1,1146.9,3.174
grasp,R109,R,1,26,25,1179.8,13,15917,588,1,1146.9,2.869
grasp,R109,R,1,27,26,1177.1,13,13194,503,1,1146.9,2.633
grasp,R109,R,1,28,27,1186.7,13,15273,564,1,1146.9,3.470
grasp,R109,R,1,29,28,1169.6,13,17762,675,1,1146.9,1.979
grasp,R109,R,1,30,29,1170.9,13,11098,400,1,1146.9,2.093
i1,R109,R,1,1,0,1457.8,14,0,0,1,1146.9,27.108
rgrasp,R109,R,1,1,0,1174.9,13,10379,264,1,1146.9,2.441
rgrasp,R109,R,1,2,1,1174.6,13,14391,395,1,1146.9,2.415
rgrasp,R109,R,1,3,2,1181.7,13,10544,273,1,1146.9,3.034
rgrasp,R109,R,1,4,3,1187.4,13,10937,287,1,1146.9,3.531
rgrasp,R109,R,1,5,4,1191.3,13,12820,345,1,1146.9,3.871
rgrasp,R109,R,1,6,5,1180.3,14,20078,556,1,1146.9,2.912
rgrasp,R109,R,1,7,6,1175.1,13,17583,472,1,1146.9,2.459
rgrasp,R109,R,1,8,7,1181.0,13,18368,493,1,1146.9,2.973
rgrasp,R109,R,1,9,8,1169.2,13,9603,276,1,1146.9,1.944
rgrasp,R109,R,1,10,9,1183.5,13,14352,396,1,1146.9,3.191
rgrasp,R109,R,1,11,10,1190.4,14,12615,322,1,1146.9,3.793
rgrasp,R109,R,1,12,11,1181.2,13,18475,477,1,1146.9,2.991
rgrasp,R109,R,1,13,12,1177.1,13,15404,413,1,1146.9,2.633
rgrasp,R109,R,1,14,13,1184.9,14,9901,265,1,1146.9,3.313
rgrasp,R109,R,1,15,14,1184.4,13,14252,393,1,1146.9,3.270
rgrasp,R109,R,1,16,15,1179.9,13,12172,308,1,1146.9,2.877
rgrasp,R109,R,1,17,16,1186.7,13,12120,339,1,1146.9,3.470
rgrasp,R109,R,1,18,17,1170.4,13,18808,488,1,1146.9,2.049
rgrasp,R109,R,1,19,18,1182.3,13,12869,314,1,1146.9,3.087
rgrasp,R109,R,1,20,19,1172.7,13,28409,775,1,1146.9,2.250
rgrasp,R109,R,1,21,20,1171.5,13,15394,392,1,1146.9,2.145
rgrasp,R109,R,1,22,21,1175.4,13,17267,477,1,1146.9,2.485
rgrasp,R109,R,1,23,22,1180.2,13,21163,586,1,1146.9,2.903
rgrasp,R109,R,1,24,23,1177.7,14,12738,342,1,1146.9,2.686
rgrasp,R109,R,1,25,24,1177.2,13,15908,452,1,1146.9,2.642
rgrasp,R109,R,1,26,25,1184.7,14,13137,339,1,1146.9,3.296
rgrasp,R109,R,1,27,26,1193.5,13,13120,358,1,1146.9,4.063
rgrasp,R109,R,1,28,27,1182.4,13,11393,291,1,1146.9,3.095
rgrasp,R109,R,1,29,28,1182.0,14,16115,429,1,1146.9,3.060
rgrasp,R109,R,1,30,29,1171.4,13,22331,564,1,1146.9,2.136
tabu,R109,R,1,1,0,1173.1,13,13586,3218,1,1146.9,2.284
vnd,R109,R,1,1,0,1278.4,14,25,0,1,1146.9,11.466
grasp,R110,R,1,1,0,1118.1,12,25569,902,1,1068.0,4.691
grasp,R110,R,1,2,1,1120.1,12,9361,322,1,1068.0,4.878
grasp,R110,R,1,3,2,1120.8,12,13789,498,1,1068.0,4.944
grasp,R110,R,1,4,3,1120.8,13,12755,466,1,1068.0,4.944
grasp,R110,R,1,5,4,1130.0,12,7851,282,1,1068.0,5.805
grasp,R110,R,1,6,5,1119.7,12,7910,270,1,1068.0,4.841
grasp,R110,R,1,7,6,1120.2,12,22546,831,1,1068.0,4.888
grasp,R110,R,1,8,7,1118.7,12,13289,478,1,1068.0,4.747
grasp,R110,R,1,9,8,1113.2,12,7328,259,1,1068.0,4.232
grasp,R110,R,1,10,9,1127.6,13,10446,374,1,1068.0,5.581
grasp,R110,R,1,11,10,1117.7,12,11540,395,1,1068.0,4.654
grasp,R110,R,1,12,11,1109.1,12,19503,688,1,1068.0,3.848
grasp,R110,R,1,13,12,1120.0,12,12184,412,1,1068.0,4.869
grasp,R110,R,1,14,13,1114.6,12,18686,685,1,1068.0,4.363
grasp,R110,R,1,15,14,1110.8,12,21037,747,1,1068.0,4.007
grasp,R110,R,1,16,15,1118.9,12,16357,588,1,1068.0,4.766
grasp,R110,R,1,17,16,1115.1,12,7983,274,1,1068.0,4.410
grasp,R110,R,1,18,17,1113.6,13,9773,325,1,1068.0,4.270
grasp,R110,R,1,19,18,1106.1,12,11262,405,1,1068.0,3.567
grasp,R110,R,1,20,19,1109.6,12,13823,491,1,1068.0,3.895
grasp,R110,R,1,21,20,1107.7,12,8424,285,1,1068.0,3.717
grasp,R110,R,1,22,21,1117.2,12,16784,603,1,1068.0,4.607
grasp,R110,R,1,23,22,1117.0,12,13837,470,1,1068.0,4.588
grasp,R110,R,1,24,23,1104.2,12,8800,300,1,1068.0,3.390
grasp,R110,R,1,25,24,1114.2,12,9770,337,1,1068.0,4.326
grasp,R110,R,1,26,25,1110.9,12,12504,445,1,1068.0,4.017
grasp,R110,R,1,27,26,1108.2,12,14440,527,1,1068.0,3.764
grasp,R110,R,1,28,27,1113.2,12,7957,283,1,1068.0,4.232
grasp,R110,R,1,29,28,1126.0,13,8098,284,1,1068.0,5.431
grasp,R110,R,1,30,29,1116.1,12,9029,318,1,1068.0,4.504
i1,R110,R,1,1,0,1339.0,12,0,0,1,1068.0,25.375
rgrasp,R110,R,1,1,0,1114.8,12,12793,332,1,1068.0,4.382
rgrasp,R110,R,1,2,1,1120.6,12,21178,572,1,1068.0,4.925
rgrasp,R110,R,1,3,2,1115.6,12,14877,413,1,1068.0,4.457
rgrasp,R110,R,1,4,3,1112.1,12,16725,438,1,1068.0,4.129
rgrasp,R110,R,1,5,4,1096.1,12,13627,371,1,1068.0,2.631
rgrasp,R110,R,1,6,5,1116.2,12,11953,324,1,1068.0,4.513
rgrasp,R110,R,1,7,6,1118.1,13,10875,290,1,1068.0,4.691
rgrasp,R110,R,1,8,7,1104.9,12,18433,482,1,1068.0,3.455
rgrasp,R110,R,1,9,8,1109.4,12,10661,287,1,1068.0,3.876
rgrasp,R110,R,1,10,9,1110.0,12,12646,342,1,1068.0,3.933
rgrasp,R110,R,1,11,10,1123.8,13,17419,471,1,1068.0,5.225
rgrasp,R110,R,1,12,11,1115.6,13,15156,411,1,1068.0,4.457
rgrasp,R110,R,1,13,12,1116.7,13,10669,280,1,1068.0,4.560
rgrasp,R110,R,1,14,13,1128.0,12,19257,510,1,1068.0,5.618
rgrasp,R110,R,1,15,14,1113.9,12,12080,321,1,1068.0,4.298
rgrasp,R110,R,1,16,15,1119.9,12,13955,360,1,1068.0,4.860
rgrasp,R110,R,1,17,16,1116.7,13,10781,277,1,1068.0,4.560
rgrasp,R110,R,1,18,17,1120.1,12,19986,559,1,1068.0,4.878
rgrasp,R110,R,1,19,18,1117.5,13,17339,436,1,1068.0,4.635
rgrasp,R110,R,1,20,19,1108.7,12,16895,442,1,1068.0,3.811
rgrasp,R110,R,1,21,20,1107.5,12,25365,689,1,1068.0,3.699
rgrasp,R110,R,1,22,21,1131.9,13,9623,261,1,1068.0,5.983
rgrasp,R110,R,1,23,22,1113.9,13,22176,604,1,1068.0,4.298
rgrasp,R110,R,1,24,23,1111.0,12,23612,647,1,1068.0,4.026
rgrasp,R110,R,1,25,24,1112.4,12,19404,523,1,1068.0,4.157
rgrasp,R110,R,1,26,25,1120.4,12,13663,348,1,1068.0,4.906
rgrasp,R110,R,1,27,26,1116.6,12,21141,577,1,1068.0,4.551
rgrasp,R110,R,1,28,27,1125.3,12,12669,339,1,1068.0,5.365
rgrasp,R110,R,1,29,28,1108.4,12,15494,417,1,1068.0,3.783
rgrasp,R110,R,1,30,29,1118.0,12,27959,769,1,1068.0,4.682
tabu,R110,R,1,1,0,1117.4,12,9330,2027,1,1068.0,4.625
vnd,R110,R,1,1,0,1196.2,12,20,0,1,1068.0,12.004
grasp,R111,R,1,1,0,1078.8,12,7163,252,1,1048.7,2.870
grasp,R111,R,1,2,1,1065.2,11,16583,570,1,1048.7,1.573
grasp,R111,R,1,3,2,1083.6,12,14741,522,1,1048.7,3.328
grasp,R111,R,1,4,3,1078.9,12,13076,474,1,1048.7,2.880
grasp,R111,R,1,5,4,1081.4,12,17794,662,1,1048.7,3.118
grasp,R111,R,1,6,5,1087.3,12,8707,316,1,1048.7,3.681
grasp,R111,R,1,7,6,1081.4,12,22302,797,1,1048.7,3.118
grasp,R111,R,1,8,7,1083.1,12,11962,423,1,1048.7,3.280
grasp,R111,R,1,9,8,1055.5,12,18361,663,1,1048.7,0.648
grasp,R111,R,1,10,9,1087.7,12,8746,311,1,1048.7,3.719
grasp,R111,R,1,11,10,1090.4,12,9581,340,1,1048.7,3.976
grasp,R111,R,1,12,11,1086.5,12,9677,357,1,1048.7,3.604
grasp,R111,R,1,13,12,1058.2,12,10820,398,1,1048.7,0.906
grasp,R111,R,1,14,13,1083.1,12,8805,329,1,1048.7,3.280
grasp,R111,R,1,15,14,1084.4,12,7889,288,1,1048.7,3.404
grasp,R111,R,1,16,15,1076.4,11,11009,398,1,1048.7,2.641
grasp,R111,R,1,17,16,1077.6,12,15346,559,1,1048.7,2.756
grasp,R111,R,1,18,17,1080.5,12,13931,491,1,1048.7,3.032
grasp,R111,R,1,19,18,1065.7,12,17509,624,1,1048.7,1.621
grasp,R111,R,1,20,19,1083.5,11,16936,596,1,1048.7,3.318
grasp,R111,R,1,21,20,1092.4,12,9236,328,1,1048.7,4.167
grasp,R111,R,1,22,21,1075.3,12,9342,352,1,1048.7,2.536
grasp,R111,R,1,23,22,1083.2,12,16988,598,1,1048.7,3.290
grasp,R111,R,1,24,23,1075.1,12,15198,541,1,1048.7,2.517
grasp,R111,R,1,25,24,1068.4,12,10732,398,1,1048.7,1.879
grasp,R111,R,1,26,25,1078.6,12,19159,703,1,1048.7,2.851
grasp,R111,R,1,27,26,1080.9,12,23414,823,1,1048.7,3.070
grasp,R111,R,1,28,27,1075.3,12,14591,538,1,1048.7,2.536
grasp,R111,R,1,29,28,1083.8,12,13728,526,1,1048.7,3.347
grasp,R111,R,1,30,29,1090.2,12,7543,275,1,1048.7,3.957
i1,R111,R,1,1,0,1276.6,12,0,0,1,1048.7,21.732
rgrasp,R111,R,1,1,0,1075.0,12,11341,295,1,1048.7,2.508
rgrasp,R111,R,1,2,1,1085.0,12,10299,278,1,1048.7,3.461
rgrasp,R111,R,1,3,2,1073.0,12,19555,523,1,1048.7,2.317
rgrasp,R111,R,1,4,3,1075.2,12,10495,269,1,1048.7,2.527
rgrasp,R111,R,1,5,4,1086.3,12,14069,367,1,1048.7,3.585
rgrasp,R111,R,1,6,5,1068.5,12,15740,405,1,1048.7,1.888
rgrasp,R111,R,1,7,6,1078.5,12,20583,559,1,1048.7,2.842
rgrasp,R111,R,1,8,7,1059.5,12,10521,259,1,1048.7,1.030
rgrasp,R111,R,1,9,8,1082.5,13,12139,323,1,1048.7,3.223
rgrasp,R111,R,1,10,9,1078.6,12,14841,404,1,1048.7,2.851
rgrasp,R111,R,1,11,10,1083.6,12,11284,316,1,1048.7,3.328
rgrasp,R111,R,1,12,11,1084.7,12,18025,485,1,1048.7,3.433
rgrasp,R111,R,1,13,12,1082.6,12,22813,619,1,1048.7,3.233
rgrasp,R111,R,1,14,13,1072.9,12,18639,519,1,1048.7,2.308
rgrasp,R111,R,1,15,14,1077.1,12,18696,490,1,1048.7,2.708
rgrasp,R111,R,1,16,15,1070.2,12,12680,335,1,1048.7,2.050
rgrasp,R111,R,1,17,16,1081.4,12,25352,686,1,1048.7,3.118
rgrasp,R111,R,1,18,17,1071.3,12,13758,357,1,1048.7,2.155
rgrasp,R111,R,1,19,18,1086.5,12,13659,362,1,1048.7,3.604
rgrasp,R111,R,1,20,19,1081.5,12,25929,702,1,1048.7,3.128
rgrasp,R111,R,1,21,20,1092.1,12,10452,262,1,1048.7,4.138
rgrasp,R111,R,1,22,21,1077.9,12,14513,380,1,1048.7,2.784
rgrasp,R111,R,1,23,22,1067.0,12,14774,399,1,1048.7,1.745
rgrasp,R111,R,1,24,23,1075.7,12,18725,504,1,1048.7,2.575
rgrasp,R111,R,1,25,24,1071.7,12,15876,416,1,1048.7,2.193
rgrasp,R111,R,1,26,25,1091.0,12,13955,377,1,1048.7,4.034
rgrasp,R111,R,1,27,26,1075.7,12,17589,482,1,1048.7,2.575
rgrasp,R111,R,1,28,27,1079.4,12,13019,355,1,1048.7,2.927
rgrasp,R111,R,1,29,28,1082.1,12,10442,284,1,1048.7,3.185
rgrasp,R111,R,1,30,29,1083.7,12,19741,530,1,1048.7,3.337
tabu,R111,R,1,1,0,1079.6,12,9301,2032,1,1048.7,2.947
vnd,R111,R,1,1,0,1134.3,12,42,0,1,1048.7,8.162
grasp,R112,R,1,1,0,995.4,11,9827,326,1,948.6,4.934
grasp,R112,R,1,2,1,991.0,10,23672,818,1,948.6,4.470
grasp,R112,R,1,3,2,994.7,11,8521,284,1,948.6,4.860
grasp,R112,R,1,4,3,988.3,11,10647,360,1,948.6,4.185
grasp,R112,R,1,5,4,977.5,10,25387,876,1,948.6,3.047
grasp,R112,R,1,6,5,998.8,11,9240,316,1,948.6,5.292
grasp,R112,R,1,7,6,995.5,10,13997,482,1,948.6,4.944
grasp,R112,R,1,8,7,1003.5,11,7681,254,1,948.6,5.787
grasp,R112,R,1,9,8,992.7,10,23521,781,1,948.6,4.649
grasp,R112,R,1,10,9,1001.7,10,9302,310,1,948.6,5.598
grasp,R112,R,1,11,10,999.3,11,8160,279,1,948.6,5.345
grasp,R112,R,1,12,11,989.8,10,15225,524,1,948.6,4.343
grasp,R112,R,1,13,12,998.1,11,8178,280,1,948.6,5.218
grasp,R112,R,1,14,13,1006.9,11,8830,311,1,948.6,6.146
grasp,R112,R,1,15,14,991.2,10,10087,341,1,948.6,4.491
grasp,R112,R,1,16,15,994.1,11,10395,354,1,948.6,4.797
grasp,R112,R,1,17,16,986.2,10,19459,649,1,948.6,3.964
grasp,R112,R,1,18,17,991.0,10,19185,630,1,948.6,4.470
grasp,R112,R,1,19,18,991.0,10,15017,516,1,948.6,4.470
grasp,R112,R,1,20,19,1000.5,10,13371,464,1,948.6,5.471
grasp,R112,R,1,21,20,991.2,11,13180,441,1,948.6,4.491
grasp,R112,R,1,22,21,1002.1,10,17145,571,1,948.6,5.640
grasp,R112,R,1,23,22,1002.2,10,11247,389,1,948.6,5.650
grasp,R112,R,1,24,23,993.4,11,14506,508,1,948.6,4.723
grasp,R112,R,1,25,24,981.1,10,10028,345,1,948.6,3.426
grasp,R112,R,1,26,25,995.7,10,10140,338,1,948.6,4.965
grasp,R112,R,1,27,26,1000.3,11,12487,432,1,948.6,5.450
grasp,R112,R,1,28,27,989.1,10,25382,868,1,948.6,4.269
grasp,R112,R,1,29,28,1001.4,11,10088,357,1,948.6,5.566
grasp,R112,R,1,30,29,1003.1,11,8580,296,1,948.6,5.745
i1,R112,R,1,1,0,1188.1,11,0,0,1,948.6,25.248
rgrasp,R112,R,1,1,0,981.8,10,17501,435,1,948.6,3.500
rgrasp,R112,R,1,2,1,1001.5,11,9354,260,1,948.6,5.577
rgrasp,R112,R,1,3,2,979.4,10,36080,929,1,948.6,3.247
rgrasp,R112,R,1,4,3,991.1,11,21071,553,1,948.6,4.480
rgrasp,R112,R,1,5,4,997.0,11,10644,265,1,948.6,5.102
rgrasp,R112,R,1,6,5,1003.1,10,18384,465,1,948.6,5.745
rgrasp,R112,R,1,7,6,983.6,10,32241,798,1,948.6,3.690
rgrasp,R112,R,1,8,7,995.0,11,12956,331,1,948.6,4.891
rgrasp,R112,R,1,9,8,986.0,11,20605,524,1,948.6,3.943
rgrasp,R112,R,1,10,9,985.5,10,20411,491,1,948.6,3.890
rgrasp,R112,R,1,11,10,985.5,11,22097,574,1,948.6,3.890
rgrasp,R112,R,1,12,11,992.4,10,24941,628,1,948.6,4.617
rgrasp,R112,R,1,13,12,995.2,11,14312,362,1,948.6,4.913
rgrasp,R112,R,1,14,13,995.7,11,16562,416,1,948.6,4.965
rgrasp,R112,R,1,15,14,994.6,11,11678,303,1,948.6,4.849
rgrasp,R112,R,1,16,15,984.5,10,17761,454,1,948.6,3.785
rgrasp,R112,R,1,17,16,997.2,11,11371,277,1,948.6,5.123
rgrasp,R112,R,1,18,17,979.8,10,23151,597,1,948.6,3.289
rgrasp,R112,R,1,19,18,997.1,11,13186,334,1,948.6,5.113
rgrasp,R112,R,1,20,19,993.0,11,14832,364,1,948.6,4.681
rgrasp,R112,R,1,21,20,988.1,11,24713,648,1,948.6,4.164
rgrasp,R112,R,1,22,21,999.9,11,17595,448,1,948.6,5.408
rgrasp,R112,R,1,23,22,995.3,11,20223,512,1,948.6,4.923
rgrasp,R112,R,1,24,23,989.5,11,14619,359,1,948.6,4.312
rgrasp,R112,R,1,25,24,998.4,11,17976,443,1,948.6,5.250
rgrasp,R112,R,1,26,25,992.1,11,37044,923,1,948.6,4.586
rgrasp,R112,R,1,27,26,1000.3,11,19500,507,1,948.6,5.450
rgrasp,R112,R,1,28,27,987.5,10,14845,384,1,948.6,4.101
rgrasp,R112,R,1,29,28,991.1,11,13909,358,1,948.6,4.480
rgrasp,R112,R,1,30,29,992.6,11,16883,400,1,948.6,4.638
tabu,R112,R,1,1,0,992.3,11,9435,1991,1,948.6,4.607
vnd,R112,R,1,1,0,1051.9,11,25,0,1,948.6,10.890
grasp,R201,R,2,1,0,1212.2,5,10988,264,1,1143.2,6.036
grasp,R201,R,2,2,1,1210.3,5,36095,822,1,1143.2,5.869
grasp,R201,R,2,3,2,1228.5,5,20251,463,1,1143.2,7.462
grasp,R201,R,2,4,3,1219.9,5,15326,354,1,1143.2,6.709
grasp,R201,R,2,5,4,1226.2,5,26773,610,1,1143.2,7.260
grasp,R201,R,2,6,5,1209.3,6,28053,637,1,1143.2,5.782
grasp,R201,R,2,7,6,1217.6,5,21254,500,1,1143.2,6.508
grasp,R201,R,2,8,7,1221.2,5,13141,297,1,1143.2,6.823
grasp,R201,R,2,9,8,1235.3,5,16278,383,1,1143.2,8.056
grasp,R201,R,2,10,9,1211.2,5,14416,332,1,1143.2,5.948
grasp,R201,R,2,11,10,1219.3,5,21855,497,1,1143.2,6.657
grasp,R201,R,2,12,11,1227.4,5,20825,480,1,1143.2,7.365
grasp,R201,R,2,13,12,1231.2,5,14019,322,1,1143.2,7.698
grasp,R201,R,2,14,13,1240.3,5,16877,406,1,1143.2,8.494
grasp,R201,R,2,15,14,1221.3,5,10958,258,1,1143.2,6.832
grasp,R201,R,2,16,15,1226.2,5,34707,811,1,1143.2,7.260
grasp,R201,R,2,17,16,1222.2,5,15157,344,1,1143.2,6.910
grasp,R201,R,2,18,17,1224.7,5,11207,259,1,1143.2,7.129
grasp,R201,R,2,19,18,1229.6,5,21634,505,1,1143.2,7.558
grasp,R201,R,2,20,19,1221.9,5,20263,461,1,1143.2,6.884
grasp,R201,R,2,21,20,1228.5,5,12191,282,1,1143.2,7.462
grasp,R201,R,2,22,21,1227.5,5,18152,410,1,1143.2,7.374
grasp,R201,R,2,23,22,1229.6,5,11352,260,1,1143.2,7.558
grasp,R201,R,2,24,23,1222.1,5,14827,338,1,1143.2,6.902
grasp,R201,R,2,25,24,1223.3,5,35069,817,1,1143.2,7.007
grasp,R201,R,2,26,25,1212.4,5,22905,539,1,1143.2,6.053
grasp,R201,R,2,27,26,1235.0,5,11533,267,1,1143.2,8.030
grasp,R201,R,2,28,27,1228.2,5,11985,265,1,1143.2,7.435
grasp,R201,R,2,29,28,1217.2,5,30657,702,1,1143.2,6.473
grasp,R201,R,2,30,29,1219.8,5,19753,450,1,1143.2,6.700
i1,R201,R,2,1,0,1805.3,5,0,0,1,1143.2,57.916
rgrasp,R201,R,2,1,0,1225.2,5,16455,342,1,1143.2,7.173
rgrasp,R201,R,2,2,1,1239.8,5,15266,326,1,1143.2,8.450
rgrasp,R201,R,2,3,2,1216.5,5,22757,473,1,1143.2,6.412
rgrasp,R201,R,2,4,3,1243.8,5,17428,365,1,1143.2,8.800
rgrasp,R201,R,2,5,4,1218.5,5,23302,505,1,1143.2,6.587
rgrasp,R201,R,2,6,5,1219.0,5,23221,489,1,1143.2,6.631
rgrasp,R201,R,2,7,6,1225.6,5,13252,278,1,1143.2,7.208
rgrasp,R201,R,2,8,7,1228.2,5,18584,389,1,1143.2,7.435
rgrasp,R201,R,2,9,8,1242.7,5,12108,255,1,1143.2,8.704
rgrasp,R201,R,2,10,9,1219.8,5,13286,272,1,1143.2,6.700
rgrasp,R201,R,2,11,10,1228.5,5,14421,302,1,1143.2,7.462
rgrasp,R201,R,2,12,11,1258.0,5,12456,262,1,1143.2,10.042
rgrasp,R201,R,2,13,12,1229.9,5,27862,582,1,1143.2,7.584
rgrasp,R201,R,2,14,13,1222.5,5,23518,490,1,1143.2,6.937
rgrasp,R201,R,2,15,14,1229.5,5,37073,781,1,1143.2,7.549
rgrasp,R201,R,2,16,15,1235.5,5,24368,511,1,1143.2,8.074
rgrasp,R201,R,2,17,16,1239.8,6,12591,269,1,1143.2,8.450
rgrasp,R201,R,2,18,17,1223.7,5,19560,409,1,1143.2,7.042
rgrasp,R201,R,2,19,18,1224.7,5,21378,454,1,1143.2,7.129
rgrasp,R201,R,2,20,19,1238.3,5,12340,261,1,1143.2,8.319
rgrasp,R201,R,2,21,20,1223.4,5,24040,503,1,1143.2,7.015
rgrasp,R201,R,2,22,21,1212.1,5,30064,638,1,1143.2,6.027
rgrasp,R201,R,2,23,22,1234.8,5,13849,289,1,1143.2,8.013
rgrasp,R201,R,2,24,23,1219.5,5,13517,286,1,1143.2,6.674
rgrasp,R201,R,2,25,24,1219.8,5,13808,292,1,1143.2,6.700
rgrasp,R201,R,2,26,25,1239.2,5,22904,491,1,1143.2,8.397
rgrasp,R201,R,2,27,26,1218.4,5,33189,707,1,1143.2,6.578
rgrasp,R201,R,2,28,27,1223.0,5,15334,325,1,1143.2,6.980
rgrasp,R201,R,2,29,28,1210.1,6,24285,521,1,1143.2,5.852
rgrasp,R201,R,2,30,29,1221.9,5,13606,280,1,1143.2,6.884
tabu,R201,R,2,1,0,1231.8,5,10148,1596,1,1143.2,7.750
vnd,R201,R,2,1,0,1332.9,5,54,0,1,1143.2,16.594
grasp,R202,R,2,1,0,1077.8,5,25021,443,1,1029.6,4.681
grasp,R202,R,2,2,1,1082.8,5,18350,334,1,1029.6,5.167
grasp,R202,R,2,3,2,1066.1,5,30680,541,1,1029.6,3.545
grasp,R202,R,2,4,3,1078.5,5,30301,546,1,1029.6,4.749
grasp,R202,R,2,5,4,1074.7,5,54468,981,1,1029.6,4.380
grasp,R202,R,2,6,5,1076.4,5,14915,288,1,1029.6,4.545
grasp,R202,R,2,7,6,1084.8,5,30578,562,1,1029.6,5.361
grasp,R202,R,2,8,7,1069.3,5,45642,816,1,1029.6,3.856
grasp,R202,R,2,9,8,1077.9,5,28708,504,1,1029.6,4.691
grasp,R202,R,2,10,9,1074.5,5,25604,454,1,1029.6,4.361
grasp,R202,R,2,11,10,1053.1,5,35646,656,1,1029.6,2.282
grasp,R202,R,2,12,11,1075.7,5,20985,387,1,1029.6,4.477
grasp,R202,R,2,13,12,1078.0,5,14349,276,1,1029.6,4.701
grasp,R202,R,2,14,13,1062.1,5,20539,382,1,1029.6,3.157
grasp,R202,R,2,15,14,1087.5,5,15675,304,1,1029.6,5.624
grasp,R202,R,2,16,15,1071.9,5,20728,368,1,1029.6,4.108
grasp,R202,R,2,17,16,1077.8,5,30898,567,1,1029.6,4.681
grasp,R202,R,2,18,17,1063.6,5,43014,772,1,1029.6,3.302
grasp,R202,R,2,19,18,1083.0,5,14096,257,1,1029.6,5.186
grasp,R202,R,2,20,19,1066.0,5,25307,472,1,1029.6,3.535
grasp,R202,R,2,21,20,1084.8,5,15634,292,1,1029.6,5.361
grasp,R202,R,2,22,21,1064.4,5,30275,544,1,1029.6,3.380
grasp,R202,R,2,23,22,1073.3,5,27882,512,1,1029.6,4.244
grasp,R202,R,2,24,23,1088.8,5,15392,282,1,1029.6,5.750
grasp,R202,R,2,25,24,1077.0,5,26635,500,1,1029.6,4.604
grasp,R202,R,2,26,25,1078.4,5,25561,453,1,1029.6,4.740
grasp,R202,R,2,27,26,1086.9,5,15130,285,1,1029.6,5.565
grasp,R202,R,2,28,27,1077.1,5,17689,317,1,1029.6,4.613
grasp,R202,R,2,29,28,1079.1,5,15343,275,1,1029.6,4.808
grasp,R202,R,2,30,29,1092.9,5,18137,323,1,1029.6,6.148
i1,R202,R,2,1,0,1585.0,4,0,0,1,1029.6,53.943
rgrasp,R202,R,2,1,0,1084.3,5,35505,598,1,1029.6,5.313
rgrasp,R202,R,2,2,1,1077.0,5,29089,495,1,1029.6,4.604
rgrasp,R202,R,2,3,2,1069.4,5,18261,319,1,1029.6,3.866
rgrasp,R202,R,2,4,3,1079.4,5,38699,636,1,1029.6,4.837
rgrasp,R202,R,2,5,4,1083.5,5,21945,393,1,1029.6,5.235
rgrasp,R202,R,2,6,5,1074.8,5,27813,468,1,1029.6,4.390
rgrasp,R202,R,2,7,6,1084.8,5,36350,616,1,1029.6,5.361
rgrasp,R202,R,2,8,7,1077.9,5,27730,483,1,1029.6,4.691
rgrasp,R202,R,2,9,8,1085.8,5,27690,495,1,1029.6,5.458
rgrasp,R202,R,2,10,9,1073.3,5,17627,293,1,1029.6,4.244
rgrasp,R202,R,2,11,10,1093.7,5,22546,383,1,1029.6,6.226
rgrasp,R202,R,2,12,11,1087.9,5,40931,729,1,1029.6,5.662
rgrasp,R202,R,2,13,12,1081.8,5,32546,575,1,1029.6,5.070
rgrasp,R202,R,2,14,13,1084.1,5,51862,928,1,1029.6,5.293
rgrasp,R202,R,2,15,14,1071.9,5,20917,358,1,1029.6,4.108
rgrasp,R202,R,2,16,15,1081.8,5,14795,255,1,1029.6,5.070
rgrasp,R202,R,2,17,16,1078.1,5,28568,479,1,1029.6,4.711
rgrasp,R202,R,2,18,17,1070.6,5,22934,392,1,1029.6,3.982
rgrasp,R202,R,2,19,18,1086.0,5,22188,377,1,1029.6,5.478
rgrasp,R202,R,2,20,19,1086.1,5,25912,437,1,1029.6,5.488
rgrasp,R202,R,2,21,20,1079.5,5,24459,417,1,1029.6,4.847
rgrasp,R202,R,2,22,21,1088.6,5,22438,393,1,1029.6,5.730
rgrasp,R202,R,2,23,22,1083.7,5,31641,538,1,1029.6,5.254
rgrasp,R202,R,2,24,23,1085.9,5,15301,252,1,1029.6,5.468
rgrasp,R202,R,2,25,24,1089.7,5,16159,269,1,1029.6,5.837
rgrasp,R202,R,2,26,25,1087.9,5,34601,586,1,1029.6,5.662
rgrasp,R202,R,2,27,26,1074.8,5,33073,559,1,1029.6,4.390
rgrasp,R202,R,2,28,27,1075.9,5,39936,680,1,1029.6,4.497
rgrasp,R202,R,2,29,28,1080.9,5,22553,382,1,1029.6,4.983
rgrasp,R202,R,2,30,29,1076.8,5,27703,489,1,1029.6,4.584
tabu,R202,R,2,1,0,1109.8,4,10435,1478,1,1029.6,7.789
vnd,R202,R,2,1,0,1160.7,4,45,0,1,1029.6,12.733
grasp,R203,R,2,1,0,919.4,4,32138,472,1,870.8,5.581
grasp,R203,R,2,2,1,936.3,4,49255,679,1,870.8,7.522
grasp,R203,R,2,3,2,944.3,4,38915,542,1,870.8,8.441
grasp,R203,R,2,4,3,941.6,4,23111,309,1,870.8,8.130
grasp,R203,R,2,5,4,935.1,4,19091,264,1,870.8,7.384
grasp,R203,R,2,6,5,946.1,4,32557,478,1,870.8,8.647
grasp,R203,R,2,7,6,943.8,4,17908,263,1,870.8,8.383
grasp,R203,R,2,8,7,935.0,4,55352,755,1,870.8,7.373
grasp,R203,R,2,9,8,945.3,4,26131,351,1,870.8,8.555
grasp,R203,R,2,10,9,943.7,4,41587,556,1,870.8,8.372
grasp,R203,R,2,11,10,931.1,4,48783,650,1,870.8,6.925
grasp,R203,R,2,12,11,937.5,4,32687,469,1,870.8,7.660
grasp,R203,R,2,13,12,938.1,4,21558,295,1,870.8,7.729
grasp,R203,R,2,14,13,931.7,4,36588,514,1,870.8,6.994
grasp,R203,R,2,15,14,935.3,4,25787,361,1,870.8,7.407
grasp,R203,R,2,16,15,937.7,4,25881,375,1,870.8,7.683
grasp,R203,R,2,17,16,943.3,4,25169,367,1,870.8,8.326
grasp,R203,R,2,18,17,943.5,4,18081,257,1,870.8,8.349
grasp,R203,R,2,19,18,935.4,4,34699,510,1,870.8,7.418
grasp,R203,R,2,20,19,938.8,4,36515,496,1,870.8,7.809
grasp,R203,R,2,21,20,948.2,4,19707,289,1,870.8,8.888
grasp,R203,R,2,22,21,934.0,4,48371,659,1,870.8,7.258
grasp,R203,R,2,23,22,938.1,4,28606,410,1,870.8,7.729
grasp,R203,R,2,24,23,932.8,4,19906,280,1,870.8,7.120
grasp,R203,R,2,25,24,936.2,4,43123,584,1,870.8,7.510
grasp,R203,R,2,26,25,919.9,4,44909,629,1,870.8,5.638
grasp,R203,R,2,27,26,944.6,4,26097,376,1,870.8,8.475
grasp,R203,R,2,28,27,940.4,4,74426,1004,1,870.8,7.993
grasp,R203,R,2,29,28,931.4,4,40704,556,1,870.8,6.959
grasp,R203,R,2,30,29,943.7,4,27427,385,1,870.8,8.372
i1,R203,R,2,1,0,1534.3,4,0,0,1,870.8,76.194
rgrasp,R203,R,2,1,0,938.4,4,27750,375,1,870.8,7.763
rgrasp,R203,R,2,2,1,929.1,4,35407,497,1,870.8,6.695
rgrasp,R203,R,2,3,2,941.8,4,34750,480,1,870.8,8.153
rgrasp,R203,R,2,4,3,941.2,4,39737,515,1,870.8,8.085
rgrasp,R203,R,2,5,4,930.2,4,29593,417,1,870.8,6.821
rgrasp,R203,R,2,6,5,930.4,4,30608,433,1,870.8,6.844
rgrasp,R203,R,2,7,6,914.7,4,26595,373,1,870.8,5.041
rgrasp,R203,R,2,8,7,938.9,4,24989,340,1,870.8,7.820
rgrasp,R203,R,2,9,8,923.4,4,37161,523,1,870.8,6.040
rgrasp,R203,R,2,10,9,924.8,4,63303,825,1,870.8,6.201
rgrasp,R203,R,2,11,10,930.7,5,42624,610,1,870.8,6.879
rgrasp,R203,R,2,12,11,940.6,4,34595,461,1,870.8,8.016
rgrasp,R203,R,2,13,12,932.8,4,36819,487,1,870.8,7.120
rgrasp,R203,R,2,14,13,952.7,4,20145,280,1,870.8,9.405
rgrasp,R203,R,2,15,14,924.0,4,43098,560,1,870.8,6.109
rgrasp,R203,R,2,16,15,936.8,4,37281,533,1,870.8,7.579
rgrasp,R203,R,2,17,16,934.6,4,32566,429,1,870.8,7.327
rgrasp,R203,R,2,18,17,928.9,4,36785,477,1,870.8,6.672
rgrasp,R203,R,2,19,18,927.7,4,21830,309,1,870.8,6.534
rgrasp,R203,R,2,20,19,937.1,4,30750,402,1,870.8,7.614
rgrasp,R203,R,2,21,20,934.5,4,23595,334,1,870.8,7.315
rgrasp,R203,R,2,22,21,907.1,4,51658,732,1,870.8,4.169
rgrasp,R203,R,2,23,22,936.5,4,52397,682,1,870.8,7.545
rgrasp,R203,R,2,24,23,936.6,4,24652,323,1,870.8,7.556
rgrasp,R203,R,2,25,24,939.9,4,23281,304,1,870.8,7.935
rgrasp,R203,R,2,26,25,943.5,4,25731,342,1,870.8,8.349
rgrasp,R203,R,2,27,26,936.7,4,27091,360,1,870.8,7.568
rgrasp,R203,R,2,28,27,927.8,4,23199,328,1,870.8,6.546
rgrasp,R203,R,2,29,28,939.0,4,34532,472,1,870.8,7.832
rgrasp,R203,R,2,30,29,935.5,4,19001,257,1,870.8,7.430
tabu,R203,R,2,1,0,952.2,4,22674,2869,1,870.8,9.348
vnd,R203,R,2,1,0,1025.3,4,78,0,1,870.8,17.742
grasp,R204,R,2,1,0,762.6,3,36215,510,1,731.3,4.280
grasp,R204,R,2,2,1,759.5,4,42353,645,1,731.3,3.856
grasp,R204,R,2,3,2,750.9,3,33108,467,1,731.3,2.680
grasp,R204,R,2,4,3,759.3,3,39163,565,1,731.3,3.829
grasp,R204,R,2,5,4,760.3,3,47228,646,1,731.3,3.966
grasp,R204,R,2,6,5,763.7,3,23600,333,1,731.3,4.430
grasp,R204,R,2,7,6,762.2,3,25166,378,1,731.3,4.225
grasp,R204,R,2,8,7,758.2,3,23174,321,1,731.3,3.678
grasp,R204,R,2,9,8,757.6,3,19542,301,1,731.3,3.596
grasp,R204,R,2,10,9,758.1,3,34037,522,1,731.3,3.665
grasp,R204,R,2,11,10,760.4,3,42172,597,1,731.3,3.979
grasp,R204,R,2,12,11,761.4,3,51349,726,1,731.3,4.116
grasp,R204,R,2,13,12,764.8,3,23266,351,1,731.3,4.581
grasp,R204,R,2,14,13,764.9,3,28468,397,1,731.3,4.595
grasp,R204,R,2,15,14,765.7,3,19045,270,1,731.3,4.704
grasp,R204,R,2,16,15,758.6,3,31493,442,1,731.3,3.733
grasp,R204,R,2,17,16,761.0,3,24065,343,1,731.3,4.061
grasp,R204,R,2,18,17,764.8,3,27383,407,1,731.3,4.581
grasp,R204,R,2,19,18,761.3,3,16507,251,1,731.3,4.102
grasp,R204,R,2,20,19,757.1,3,44621,674,1,731.3,3.528
grasp,R204,R,2,21,20,760.3,3,24208,349,1,731.3,3.966
grasp,R204,R,2,22,21,755.9,3,21665,327,1,731.3,3.364
grasp,R204,R,2,23,22,757.8,3,34137,515,1,731.3,3.624
grasp,R204,R,2,24,23,754.5,3,50355,710,1,731.3,3.172
grasp,R204,R,2,25,24,749.5,3,21198,314,1,731.3,2.489
grasp,R204,R,2,26,25,763.3,3,18398,264,1,731.3,4.376
grasp,R204,R,2,27,26,767.6,3,24328,367,1,731.3,4.964
grasp,R204,R,2,28,27,763.2,3,27027,395,1,731.3,4.362
grasp,R204,R,2,29,28,753.2,3,33822,481,1,731.3,2.995
grasp,R204,R,2,30,29,753.2,3,22832,353,1,731.3,2.995
i1,R204,R,2,1,0,1155.2,4,0,0,1,731.3,57.965
rgrasp,R204,R,2,1,0,762.1,3,35551,459,1,731.3,4.212
rgrasp,R204,R,2,2,1,762.4,3,25311,327,1,731.3,4.253
rgrasp,R204,R,2,3,2,758.0,3,29003,368,1,731.3,3.651
rgrasp,R204,R,2,4,3,769.6,3,22122,287,1,731.3,5.237
rgrasp,R204,R,2,5,4,759.5,3,32833,464,1,731.3,3.856
rgrasp,R204,R,2,6,5,765.4,3,25218,331,1,731.3,4.663
rgrasp,R204,R,2,7,6,760.3,3,29407,389,1,731.3,3.966
rgrasp,R204,R,2,8,7,753.1,3,25531,363,1,731.3,2.981
rgrasp,R204,R,2,9,8,761.9,3,23453,323,1,731.3,4.184
rgrasp,R204,R,2,10,9,750.9,3,24617,341,1,731.3,2.680
rgrasp,R204,R,2,11,10,753.7,3,34281,435,1,731.3,3.063
rgrasp,R204,R,2,12,11,764.6,3,30965,398,1,731.3,4.554
rgrasp,R204,R,2,13,12,751.9,3,38661,483,1,731.3,2.817
rgrasp,R204,R,2,14,13,764.4,3,29493,410,1,731.3,4.526
rgrasp,R204,R,2,15,14,769.9,4,20660,265,1,731.3,5.278
rgrasp,R204,R,2,16,15,753.0,3,35151,450,1,731.3,2.967
rgrasp,R204,R,2,17,16,764.8,3,20642,261,1,731.3,4.581
rgrasp,R204,R,2,18,17,756.7,3,65780,846,1,731.3,3.473
rgrasp,R204,R,2,19,18,770.1,3,18447,254,1,731.3,5.306
rgrasp,R204,R,2,20,19,760.0,4,26501,345,1,731.3,3.925
rgrasp,R204,R,2,21,20,763.8,3,35895,483,1,731.3,4.444
rgrasp,R204,R,2,22,21,765.3,3,24001,304,1,731.3,4.649
rgrasp,R204,R,2,23,22,756.0,3,43310,564,1,731.3,3.378
rgrasp,R204,R,2,24,23,756.0,3,22973,317,1,731.3,3.378
rgrasp,R204,R,2,25,24,763.9,3,50042,642,1,731.3,4.458
rgrasp,R204,R,2,26,25,756.0,3,20913,290,1,731.3,3.378
rgrasp,R204,R,2,27,26,758.6,3,29456,407,1,731.3,3.733
rgrasp,R204,R,2,28,27,756.9,3,23461,325,1,731.3,3.501
rgrasp,R204,R,2,29,28,761.2,3,33336,426,1,731.3,4.089
rgrasp,R204,R,2,30,29,767.7,3,18070,252,1,731.3,4.977
tabu,R204,R,2,1,0,817.4,4,12828,1645,1,731.3,11.774
vnd,R204,R,2,1,0,846.7,4,85,0,1,731.3,15.780
grasp,R205,R,2,1,0,1006.0,4,29872,596,1,949.8,5.917
grasp,R205,R,2,2,1,1021.3,4,13725,274,1,949.8,7.528
grasp,R205,R,2,3,2,1027.0,4,24350,505,1,949.8,8.128
grasp,R205,R,2,4,3,1009.1,4,12493,266,1,949.8,6.243
grasp,R205,R,2,5,4,1022.4,4,18736,406,1,949.8,7.644
grasp,R205,R,2,6,5,1022.5,4,16758,337,1,949.8,7.654
grasp,R205,R,2,7,6,1040.9,4,22267,458,1,949.8,9.591
grasp,R205,R,2,8,7,1034.6,4,13124,282,1,949.8,8.928
grasp,R205,R,2,9,8,1009.2,4,27341,593,1,949.8,6.254
grasp,R205,R,2,10,9,1019.5,4,12242,266,1,949.8,7.338
grasp,R205,R,2,11,10,1001.7,4,40794,830,1,949.8,5.464
grasp,R205,R,2,12,11,1022.8,4,13654,299,1,949.8,7.686
grasp,R205,R,2,13,12,989.5,4,28521,587,1,949.8,4.180
grasp,R205,R,2,14,13,1036.1,4,16375,333,1,949.8,9.086
grasp,R205,R,2,15,14,1005.0,4,39286,783,1,949.8,5.812
grasp,R205,R,2,16,15,1020.6,4,21581,438,1,949.8,7.454
grasp,R205,R,2,17,16,1009.7,4,19899,433,1,949.8,6.307
grasp,R205,R,2,18,17,1005.3,4,27962,571,1,949.8,5.843
grasp,R205,R,2,19,18,1009.8,4,23483,505,1,949.8,6.317
grasp,R205,R,2,20,19,1010.3,4,21116,440,1,949.8,6.370
grasp,R205,R,2,21,20,1013.7,4,23512,473,1,949.8,6.728
grasp,R205,R,2,22,21,1017.5,4,24223,531,1,949.8,7.128
grasp,R205,R,2,23,22,1025.1,4,17783,392,1,949.8,7.928
grasp,R205,R,2,24,23,1032.8,4,16866,361,1,949.8,8.739
grasp,R205,R,2,25,24,1023.0,4,38664,776,1,949.8,7.707
grasp,R205,R,2,26,25,1020.0,4,15778,328,1,949.8,7.391
grasp,R205,R,2,27,26,1003.8,4,38494,780,1,949.8,5.685
grasp,R205,R,2,28,27,1020.9,4,28917,625,1,949.8,7.486
grasp,R205,R,2,29,28,994.0,4,15917,317,1,949.8,4.654
grasp,R205,R,2,30,29,1023.4,4,15442,308,1,949.8,7.749
i1,R205,R,2,1,0,1403.3,4,0,0,1,949.8,47.747
rgrasp,R205,R,2,1,0,1011.6,4,24807,478,1,949.8,6.507
rgrasp,R205,R,2,2,1,1024.0,4,31333,564,1,949.8,7.812
rgrasp,R205,R,2,3,2,990.7,4,42042,753,1,949.8,4.306
rgrasp,R205,R,2,4,3,1018.3,4,31569,558,1,949.8,7.212
rgrasp,R205,R,2,5,4,989.4,4,22794,433,1,949.8,4.169
rgrasp,R205,R,2,6,5,1026.2,4,18788,347,1,949.8,8.044
rgrasp,R205,R,2,7,6,1015.4,4,17927,338,1,949.8,6.907
rgrasp,R205,R,2,8,7,1017.5,4,14305,264,1,949.8,7.128
rgrasp,R205,R,2,9,8,1010.9,4,28901,516,1,949.8,6.433
rgrasp,R205,R,2,10,9,1022.7,4,21896,421,1,949.8,7.675
rgrasp,R205,R,2,11,10,1019.5,4,28241,551,1,949.8,7.338
rgrasp,R205,R,2,12,11,1025.4,4,29611,529,1,949.8,7.960
rgrasp,R205,R,2,13,12,1027.0,4,15816,283,1,949.8,8.128
rgrasp,R205,R,2,14,13,1007.6,4,21687,403,1,949.8,6.085
rgrasp,R205,R,2,15,14,1001.4,4,50827,905,1,949.8,5.433
rgrasp,R205,R,2,16,15,1012.5,4,26855,506,1,949.8,6.601
rgrasp,R205,R,2,17,16,1011.1,4,21842,420,1,949.8,6.454
rgrasp,R205,R,2,18,17,1014.4,4,24694,463,1,949.8,6.801
rgrasp,R205,R,2,19,18,1017.6,4,48989,871,1,949.8,7.138
rgrasp,R205,R,2,20,19,1010.0,4,21712,390,1,949.8,6.338
rgrasp,R205,R,2,21,20,1005.6,4,43891,773,1,949.8,5.875
rgrasp,R205,R,2,22,21,1034.0,4,16241,317,1,949.8,8.865
rgrasp,R205,R,2,23,22,1020.8,4,15005,269,1,949.8,7.475
rgrasp,R205,R,2,24,23,1031.3,4,16385,293,1,949.8,8.581
rgrasp,R205,R,2,25,24,981.1,4,31644,572,1,949.8,3.295
rgrasp,R205,R,2,26,25,1004.0,4,27542,514,1,949.8,5.706
rgrasp,R205,R,2,27,26,1020.3,4,34909,661,1,949.8,7.423
rgrasp,R205,R,2,28,27,1016.9,4,14503,261,1,949.8,7.065
rgrasp,R205,R,2,29,28,992.2,4,27669,541,1,949.8,4.464
rgrasp,R205,R,2,30,29,1023.1,4,17723,324,1,949.8,7.717
tabu,R205,R,2,1,0,1040.1,4,12526,1762,1,949.8,9.507
vnd,R205,R,2,1,0,1178.2,4,28,0,1,949.8,24.047
grasp,R206,R,2,1,0,968.1,4,18413,326,1,875.9,10.526
grasp,R206,R,2,2,1,951.8,3,33173,615,1,875.9,8.665
grasp,R206,R,2,3,2,949.5,3,17721,320,1,875.9,8.403
grasp,R206,R,2,4,3,946.2,4,13898,260,1,875.9,8.026
grasp,R206,R,2,5,4,942.9,4,34694,612,1,875.9,7.649
grasp,R206,R,2,6,5,924.5,4,13924,258,1,875.9,5.549
grasp,R206,R,2,7,6,920.6,4,20707,359,1,875.9,5.103
grasp,R206,R,2,8,7,950.5,3,15293,281,1,875.9,8.517
grasp,R206,R,2,9,8,951.6,3,16760,292,1,875.9,8.643
grasp,R206,R,2,10,9,953.7,4,25525,483,1,875.9,8.882
grasp,R206,R,2,11,10,937.2,3,26251,455,1,875.9,6.999
grasp,R206,R,2,12,11,948.7,3,14579,278,1,875.9,8.311
grasp,R206,R,2,13,12,930.7,4,18153,320,1,875.9,6.256
grasp,R206,R,2,14,13,951.7,3,19043,357,1,875.9,8.654
grasp,R206,R,2,15,14,943.3,4,33948,592,1,875.9,7.695
grasp,R206,R,2,16,15,929.4,4,17337,329,1,875.9,6.108
grasp,R206,R,2,17,16,953.9,4,29459,518,1,875.9,8.905
grasp,R206,R,2,18,17,956.0,3,41251,717,1,875.9,9.145
grasp,R206,R,2,19,18,946.3,3,16639,294,1,875.9,8.037
grasp,R206,R,2,20,19,935.7,4,17021,324,1,875.9,6.827
grasp,R206,R,2,21,20,944.2,4,15970,301,1,875.9,7.798
grasp,R206,R,2,22,21,941.9,3,26148,459,1,875.9,7.535
grasp,R206,R,2,23,22,942.6,3,17406,300,1,875.9,7.615
grasp,R206,R,2,24,23,944.9,4,24360,433,1,875.9,7.878
grasp,R206,R,2,25,24,947.1,3,51736,929,1,875.9,8.129
grasp,R206,R,2,26,25,932.4,4,33938,597,1,875.9,6.451
grasp,R206,R,2,27,26,932.4,4,18394,343,1,875.9,6.451
grasp,R206,R,2,28,27,928.5,4,16659,299,1,875.9,6.005
grasp,R206,R,2,29,28,941.7,3,25151,460,1,875.9,7.512
grasp,R206,R,2,30,29,963.5,3,20647,401,1,875.9,10.001
i1,R206,R,2,1,0,1303.5,3,0,0,1,875.9,48.818
rgrasp,R206,R,2,1,0,947.4,4,38941,678,1,875.9,8.163
rgrasp,R206,R,2,2,1,933.3,4,34311,547,1,875.9,6.553
rgrasp,R206,R,2,3,2,956.1,4,20547,343,1,875.9,9.156
rgrasp,R206,R,2,4,3,937.3,3,26838,423,1,875.9,7.010
rgrasp,R206,R,2,5,4,949.4,4,16960,268,1,875.9,8.391
rgrasp,R206,R,2,6,5,930.3,4,25938,414,1,875.9,6.211
rgrasp,R206,R,2,7,6,936.6,4,33613,539,1,875.9,6.930
rgrasp,R206,R,2,8,7,932.2,4,29167,462,1,875.9,6.428
rgrasp,R206,R,2,9,8,944.4,3,14622,252,1,875.9,7.821
rgrasp,R206,R,2,10,9,949.4,3,27145,435,1,875.9,8.391
rgrasp,R206,R,2,11,10,919.4,4,38805,622,1,875.9,4.966
rgrasp,R206,R,2,12,11,941.0,4,20912,355,1,875.9,7.432
rgrasp,R206,R,2,13,12,937.7,4,81243,1257,1,875.9,7.056
rgrasp,R206,R,2,14,13,956.0,4,15013,255,1,875.9,9.145
rgrasp,R206,R,2,15,14,949.8,4,20288,350,1,875.9,8.437
rgrasp,R206,R,2,16,15,951.9,3,17886,300,1,875.9,8.677
rgrasp,R206,R,2,17,16,950.0,4,21324,337,1,875.9,8.460
rgrasp,R206,R,2,18,17,926.9,4,21192,337,1,875.9,5.823
rgrasp,R206,R,2,19,18,944.3,4,17692,288,1,875.9,7.809
rgrasp,R206,R,2,20,19,928.2,4,26659,426,1,875.9,5.971
rgrasp,R206,R,2,21,20,942.7,4,59197,939,1,875.9,7.626
rgrasp,R206,R,2,22,21,946.4,4,37448,618,1,875.9,8.049
rgrasp,R206,R,2,23,22,948.9,4,15009,253,1,875.9,8.334
rgrasp,R206,R,2,24,23,927.7,4,16340,259,1,875.9,5.914
rgrasp,R206,R,2,25,24,940.8,3,32462,561,1,875.9,7.410
rgrasp,R206,R,2,26,25,934.3,4,17774,304,1,875.9,6.667
rgrasp,R206,R,2,27,26,931.8,4,45080,717,1,875.9,6.382
rgrasp,R206,R,2,28,27,943.7,4,23973,412,1,875.9,7.741
rgrasp,R206,R,2,29,28,954.8,4,15303,258,1,875.9,9.008
rgrasp,R206,R,2,30,29,934.5,4,23153,366,1,875.9,6.690
tabu,R206,R,2,1,0,951.5,3,18147,2313,1,875.9,8.631
vnd,R206,R,2,1,0,1076.7,3,63,0,1,875.9,22.925
grasp,R207,R,2,1,0,853.2,3,26254,406,1,794.0,7.456
grasp,R207,R,2,2,1,844.6,3,18796,266,1,794.0,6.373
grasp,R207,R,2,3,2,842.4,3,32612,469,1,794.0,6.096
grasp,R207,R,2,4,3,865.6,3,26223,400,1,794.0,9.018
grasp,R207,R,2,5,4,845.3,3,57540,825,1,794.0,6.461
grasp,R207,R,2,6,5,836.9,3,46939,684,1,794.0,5.403
grasp,R207,R,2,7,6,844.7,3,53752,772,1,794.0,6.385
grasp,R207,R,2,8,7,844.5,3,28838,434,1,794.0,6.360
grasp,R207,R,2,9,8,844.7,3,26568,412,1,794.0,6.385
grasp,R207,R,2,10,9,856.0,3,37279,554,1,794.0,7.809
grasp,R207,R,2,11,10,828.0,3,26140,390,1,794.0,4.282
grasp,R207,R,2,12,11,841.3,3,28434,436,1,794.0,5.957
grasp,R207,R,2,13,12,822.1,3,26526,388,1,794.0,3.539
grasp,R207,R,2,14,13,843.8,3,20488,317,1,794.0,6.272
grasp,R207,R,2,15,14,859.2,3,18855,287,1,794.0,8.212
grasp,R207,R,2,16,15,829.5,3,39102,569,1,794.0,4.471
grasp,R207,R,2,17,16,858.4,3,17401,267,1,794.0,8.111
grasp,R207,R,2,18,17,831.6,3,49227,771,1,794.0,4.736
grasp,R207,R,2,19,18,833.9,3,71141,1014,1,794.0,5.025
grasp,R207,R,2,20,19,824.1,3,47289,731,1,794.0,3.791
grasp,R207,R,2,21,20,836.2,3,57104,832,1,794.0,5.315
grasp,R207,R,2,22,21,855.4,3,19766,288,1,794.0,7.733
grasp,R207,R,2,23,22,839.7,3,38469,553,1,794.0,5.756
grasp,R207,R,2,24,23,858.0,3,33715,486,1,794.0,8.060
grasp,R207,R,2,25,24,834.0,3,46315,682,1,794.0,5.038
grasp,R207,R,2,26,25,830.1,3,43037,630,1,794.0,4.547
grasp,R207,R,2,27,26,840.1,3,35936,515,1,794.0,5.806
grasp,R207,R,2,28,27,874.8,3,16942,254,1,794.0,10.176
grasp,R207,R,2,29,28,842.3,3,26804,418,1,794.0,6.083
grasp,R207,R,2,30,29,863.4,3,27201,388,1,794.0,8.741
i1,R207,R,2,1,0,1169.9,3,0,0,1,794.0,47.343
rgrasp,R207,R,2,1,0,848.5,3,18935,271,1,794.0,6.864
rgrasp,R207,R,2,2,1,860.3,3,22826,327,1,794.0,8.350
rgrasp,R207,R,2,3,2,836.9,3,56900,810,1,794.0,5.403
rgrasp,R207,R,2,4,3,856.1,4,28494,377,1,794.0,7.821
rgrasp,R207,R,2,5,4,856.1,3,24205,313,1,794.0,7.821
rgrasp,R207,R,2,6,5,851.5,3,22204,287,1,794.0,7.242
rgrasp,R207,R,2,7,6,843.1,3,47688,653,1,794.0,6.184
rgrasp,R207,R,2,8,7,858.7,3,31184,410,1,794.0,8.149
rgrasp,R207,R,2,9,8,857.1,3,34411,455,1,794.0,7.947
rgrasp,R207,R,2,10,9,819.7,4,71057,1019,1,794.0,3.237
rgrasp,R207,R,2,11,10,860.0,3,26656,346,1,794.0,8.312
rgrasp,R207,R,2,12,11,860.6,3,31807,420,1,794.0,8.388
rgrasp,R207,R,2,13,12,836.9,3,30498,430,1,794.0,5.403
rgrasp,R207,R,2,14,13,831.0,3,43135,601,1,794.0,4.660
rgrasp,R207,R,2,15,14,838.4,3,28005,401,1,794.0,5.592
rgrasp,R207,R,2,16,15,850.9,3,23137,302,1,794.0,7.166
rgrasp,R207,R,2,17,16,831.0,3,62167,816,1,794.0,4.660
rgrasp,R207,R,2,18,17,867.0,3,32676,432,1,794.0,9.194
rgrasp,R207,R,2,19,18,850.6,3,28338,384,1,794.0,7.128
rgrasp,R207,R,2,20,19,857.9,3,20167,288,1,794.0,8.048
rgrasp,R207,R,2,21,20,857.2,3,29829,415,1,794.0,7.960
rgrasp,R207,R,2,22,21,860.4,3,22625,273,1,794.0,8.363
rgrasp,R207,R,2,23,22,852.9,3,31881,414,1,794.0,7.418
rgrasp,R207,R,2,24,23,846.1,3,28725,382,1,794.0,6.562
rgrasp,R207,R,2,25,24,850.7,3,30539,444,1,794.0,7.141
rgrasp,R207,R,2,26,25,851.2,3,20039,275,1,794.0,7.204
rgrasp,R207,R,2,27,26,852.8,3,30073,417,1,794.0,7.406
rgrasp,R207,R,2,28,27,845.7,3,20141,285,1,794.0,6.511
rgrasp,R207,R,2,29,28,852.2,4,20655,266,1,794.0,7.330
rgrasp,R207,R,2,30,29,844.9,3,27680,386,1,794.0,6.411
tabu,R207,R,2,1,0,839.0,3,22497,2673,1,794.0,5.668
vnd,R207,R,2,1,0,940.7,3,50,0,1,794.0,18.476
grasp,R208,R,2,1,0,729.3,3,23046,323,1,701.0,4.037
grasp,R208,R,2,2,1,724.4,3,18753,269,1,701.0,3.338
grasp,R208,R,2,3,2,718.9,3,23023,353,1,701.0,2.553
grasp,R208,R,2,4,3,727.6,3,31293,465,1,701.0,3.795
grasp,R208,R,2,5,4,729.1,3,18816,262,1,701.0,4.009
grasp,R208,R,2,6,5,716.4,3,31948,446,1,701.0,2.197
grasp,R208,R,2,7,6,716.6,3,19304,267,1,701.0,2.225
grasp,R208,R,2,8,7,720.9,3,17518,263,1,701.0,2.839
grasp,R208,R,2,9,8,723.8,3,49075,748,1,701.0,3.252
grasp,R208,R,2,10,9,722.1,3,23039,326,1,701.0,3.010
grasp,R208,R,2,11,10,721.4,3,24590,350,1,701.0,2.910
grasp,R208,R,2,12,11,719.1,3,31805,472,1,701.0,2.582
grasp,R208,R,2,13,12,737.5,3,18005,263,1,701.0,5.207
grasp,R208,R,2,14,13,723.2,3,23348,328,1,701.0,3.167
grasp,R208,R,2,15,14,723.2,3,22712,334,1,701.0,3.167
grasp,R208,R,2,16,15,722.2,3,23768,347,1,701.0,3.024
grasp,R208,R,2,17,16,732.7,3,29349,407,1,701.0,4.522
grasp,R208,R,2,18,17,713.3,3,25338,361,1,701.0,1.755
grasp,R208,R,2,19,18,724.9,3,18244,273,1,701.0,3.409
grasp,R208,R,2,20,19,718.1,3,33396,466,1,701.0,2.439
grasp,R208,R,2,21,20,729.0,3,20889,295,1,701.0,3.994
grasp,R208,R,2,22,21,726.0,3,26899,379,1,701.0,3.566
grasp,R208,R,2,23,22,718.1,3,39595,563,1,701.0,2.439
grasp,R208,R,2,24,23,724.9,3,17505,268,1,701.0,3.409
grasp,R208,R,2,25,24,710.8,3,25561,370,1,701.0,1.398
grasp,R208,R,2,26,25,711.4,3,22463,327,1,701.0,1.484
grasp,R208,R,2,27,26,717.1,3,46606,659,1,701.0,2.297
grasp,R208,R,2,28,27,723.1,3,68233,969,1,701.0,3.153
grasp,R208,R,2,29,28,729.4,3,29721,464,1,701.0,4.051
grasp,R208,R,2,30,29,732.2,3,23934,368,1,701.0,4.451
i1,R208,R,2,1,0,974.0,3,0,0,1,701.0,38.944
rgrasp,R208,R,2,1,0,733.8,3,24733,314,1,701.0,4.679
rgrasp,R208,R,2,2,1,726.9,3,24400,318,1,701.0,3.695
rgrasp,R208,R,2,3,2,735.2,3,19821,278,1,701.0,4.879
rgrasp,R208,R,2,4,3,725.2,3,31269,416,1,701.0,3.452
rgrasp,R208,R,2,5,4,735.0,3,31174,408,1,701.0,4.850
rgrasp,R208,R,2,6,5,723.6,3,27432,355,1,701.0,3.224
rgrasp,R208,R,2,7,6,726.8,3,19659,267,1,701.0,3.680
rgrasp,R208,R,2,8,7,724.0,3,34278,466,1,701.0,3.281
rgrasp,R208,R,2,9,8,713.3,3,40786,556,1,701.0,1.755
rgrasp,R208,R,2,10,9,727.7,3,20195,284,1,701.0,3.809
rgrasp,R208,R,2,11,10,718.7,3,50529,637,1,701.0,2.525
rgrasp,R208,R,2,12,11,724.0,3,31178,447,1,701.0,3.281
rgrasp,R208,R,2,13,12,730.5,3,23708,335,1,701.0,4.208
rgrasp,R208,R,2,14,13,722.7,3,35410,504,1,701.0,3.096
rgrasp,R208,R,2,15,14,714.6,3,30597,398,1,701.0,1.940
rgrasp,R208,R,2,16,15,719.2,3,54671,719,1,701.0,2.596
rgrasp,R208,R,2,17,16,728.8,3,27737,358,1,701.0,3.966
rgrasp,R208,R,2,18,17,717.9,3,33423,433,1,701.0,2.411
rgrasp,R208,R,2,19,18,720.2,3,50815,706,1,701.0,2.739
rgrasp,R208,R,2,20,19,716.2,3,58512,765,1,701.0,2.168
rgrasp,R208,R,2,21,20,730.3,3,38719,527,1,701.0,4.180
rgrasp,R208,R,2,22,21,725.7,3,37842,516,1,701.0,3.524
rgrasp,R208,R,2,23,22,728.5,3,49181,675,1,701.0,3.923
rgrasp,R208,R,2,24,23,729.9,3,21803,282,1,701.0,4.123
rgrasp,R208,R,2,25,24,722.1,3,35310,506,1,701.0,3.010
rgrasp,R208,R,2,26,25,726.2,3,45664,607,1,701.0,3.595
rgrasp,R208,R,2,27,26,720.7,3,51982,737,1,701.0,2.810
rgrasp,R208,R,2,28,27,723.1,3,21566,289,1,701.0,3.153
rgrasp,R208,R,2,29,28,731.7,3,25376,357,1,701.0,4.379
rgrasp,R208,R,2,30,29,721.7,3,46733,604,1,701.0,2.953
tabu,R208,R,2,1,0,767.7,3,32165,3340,1,701.0,9.515
vnd,R208,R,2,1,0,821.9,3,53,0,1,701.0,17.247
grasp,R209,R,2,1,0,891.5,4,31086,594,1,854.8,4.293
grasp,R209,R,2,2,1,897.0,4,19701,372,1,854.8,4.937
grasp,R209,R,2,3,2,900.6,4,21717,406,1,854.8,5.358
grasp,R209,R,2,4,3,909.7,4,23545,446,1,854.8,6.423
grasp,R209,R,2,5,4,899.3,4,21927,431,1,854.8,5.206
grasp,R209,R,2,6,5,906.8,4,29758,566,1,854.8,6.083
grasp,R209,R,2,7,6,912.7,4,17824,338,1,854.8,6.774
grasp,R209,R,2,8,7,895.4,4,34340,695,1,854.8,4.750
grasp,R209,R,2,9,8,900.4,4,16261,323,1,854.8,5.335
grasp,R209,R,2,10,9,924.3,4,17366,352,1,854.8,8.131
grasp,R209,R,2,11,10,927.4,4,15308,303,1,854.8,8.493
grasp,R209,R,2,12,11,897.2,4,35384,666,1,854.8,4.960
grasp,R209,R,2,13,12,905.0,4,14918,283,1,854.8,5.873
grasp,R209,R,2,14,13,917.7,4,31360,633,1,854.8,7.358
grasp,R209,R,2,15,14,911.2,4,20650,382,1,854.8,6.598
grasp,R209,R,2,16,15,911.9,4,18081,355,1,854.8,6.680
grasp,R209,R,2,17,16,905.9,4,22729,428,1,854.8,5.978
grasp,R209,R,2,18,17,903.4,4,25059,463,1,854.8,5.686
grasp,R209,R,2,19,18,913.5,4,16140,318,1,854.8,6.867
grasp,R209,R,2,20,19,903.8,4,23150,474,1,854.8,5.732
grasp,R209,R,2,21,20,922.0,4,18979,361,1,854.8,7.861
grasp,R209,R,2,22,21,909.5,4,13967,278,1,854.8,6.399
grasp,R209,R,2,23,22,914.0,4,16054,306,1,854.8,6.926
grasp,R209,R,2,24,23,922.7,4,17235,334,1,854.8,7.943
grasp,R209,R,2,25,24,914.0,4,21377,410,1,854.8,6.926
grasp,R209,R,2,26,25,894.7,4,20545,389,1,854.8,4.668
grasp,R209,R,2,27,26,883.6,4,16348,313,1,854.8,3.369
grasp,R209,R,2,28,27,896.9,4,27236,531,1,854.8,4.925
grasp,R209,R,2,29,28,890.4,4,17654,356,1,854.8,4.165
grasp,R209,R,2,30,29,906.6,4,37754,720,1,854.8,6.060
i1,R209,R,2,1,0,1322.5,4,0,0,1,854.8,54.715
rgrasp,R209,R,2,1,0,906.4,4,26535,455,1,854.8,6.036
rgrasp,R209,R,2,2,1,898.9,4,14594,251,1,854.8,5.159
rgrasp,R209,R,2,3,2,897.4,4,21555,361,1,854.8,4.984
rgrasp,R209,R,2,4,3,923.2,4,16017,291,1,854.8,8.002
rgrasp,R209,R,2,5,4,911.5,4,20219,344,1,854.8,6.633
rgrasp,R209,R,2,6,5,897.7,4,40154,708,1,854.8,5.019
rgrasp,R209,R,2,7,6,912.7,4,40587,739,1,854.8,6.774
rgrasp,R209,R,2,8,7,894.4,4,36449,662,1,854.8,4.633
rgrasp,R209,R,2,9,8,905.8,4,26173,441,1,854.8,5.966
rgrasp,R209,R,2,10,9,910.4,4,22319,377,1,854.8,6.504
rgrasp,R209,R,2,11,10,903.8,4,32434,581,1,854.8,5.732
rgrasp,R209,R,2,12,11,898.6,4,15737,270,1,854.8,5.124
rgrasp,R209,R,2,13,12,899.3,4,22686,407,1,854.8,5.206
rgrasp,R209,R,2,14,13,900.3,4,32001,543,1,854.8,5.323
rgrasp,R209,R,2,15,14,911.2,4,25760,439,1,854.8,6.598
rgrasp,R209,R,2,16,15,908.6,4,29425,523,1,854.8,6.294
rgrasp,R209,R,2,17,16,911.0,4,25321,440,1,854.8,6.575
rgrasp,R209,R,2,18,17,911.2,4,17814,307,1,854.8,6.598
rgrasp,R209,R,2,19,18,906.7,4,29190,488,1,854.8,6.072
rgrasp,R209,R,2,20,19,906.4,4,14224,261,1,854.8,6.036
rgrasp,R209,R,2,21,20,899.3,4,28560,491,1,854.8,5.206
rgrasp,R209,R,2,22,21,910.2,4,18826,328,1,854.8,6.481
rgrasp,R209,R,2,23,22,912.7,4,24345,414,1,854.8,6.774
rgrasp,R209,R,2,24,23,909.5,4,43537,738,1,854.8,6.399
rgrasp,R209,R,2,25,24,901.0,4,17682,325,1,854.8,5.405
rgrasp,R209,R,2,26,25,907.8,4,15882,268,1,854.8,6.200
rgrasp,R209,R,2,27,26,905.0,4,37328,636,1,854.8,5.873
rgrasp,R209,R,2,28,27,893.8,4,13750,253,1,854.8,4.562
rgrasp,R209,R,2,29,28,902.1,4,28861,526,1,854.8,5.533
rgrasp,R209,R,2,30,29,905.8,4,30347,547,1,854.8,5.966
tabu,R209,R,2,1,0,937.5,4,12262,1701,1,854.8,9.675
vnd,R209,R,2,1,0,954.6,4,64,0,1,854.8,11.675
grasp,R210,R,2,1,0,957.2,4,25852,440,1,900.5,6.297
grasp,R210,R,2,2,1,947.6,4,17493,305,1,900.5,5.230
grasp,R210,R,2,3,2,941.7,4,21466,374,1,900.5,4.575
grasp,R210,R,2,4,3,959.1,4,21785,402,1,900.5,6.507
grasp,R210,R,2,5,4,975.8,4,15767,269,1,900.5,8.362
grasp,R210,R,2,6,5,952.4,4,15054,275,1,900.5,5.763
grasp,R210,R,2,7,6,975.3,4,13989,255,1,900.5,8.306
grasp,R210,R,2,8,7,943.1,4,22108,376,1,900.5,4.731
grasp,R210,R,2,9,8,953.0,4,26924,462,1,900.5,5.830
grasp,R210,R,2,10,9,968.6,4,19857,369,1,900.5,7.562
grasp,R210,R,2,11,10,943.3,4,34601,600,1,900.5,4.753
grasp,R210,R,2,12,11,965.2,4,21555,373,1,900.5,7.185
grasp,R210,R,2,13,12,959.9,4,38152,662,1,900.5,6.596
grasp,R210,R,2,14,13,956.5,4,27858,493,1,900.5,6.219
grasp,R210,R,2,15,14,963.5,4,14889,253,1,900.5,6.996
grasp,R210,R,2,16,15,953.2,4,21730,390,1,900.5,5.852
grasp,R210,R,2,17,16,954.9,4,33767,587,1,900.5,6.041
grasp,R210,R,2,18,17,942.6,4,32767,583,1,900.5,4.675
grasp,R210,R,2,19,18,929.3,4,15559,269,1,900.5,3.198
grasp,R210,R,2,20,19,952.9,4,31167,540,1,900.5,5.819
grasp,R210,R,2,21,20,957.2,4,27001,474,1,900.5,6.297
grasp,R210,R,2,22,21,952.0,4,14503,267,1,900.5,5.719
grasp,R210,R,2,23,22,966.4,4,15250,279,1,900.5,7.318
grasp,R210,R,2,24,23,951.4,4,54492,939,1,900.5,5.652
grasp,R210,R,2,25,24,959.3,4,16897,309,1,900.5,6.530
grasp,R210,R,2,26,25,938.4,4,46257,806,1,900.5,4.209
grasp,R210,R,2,27,26,937.4,4,16918,296,1,900.5,4.098
grasp,R210,R,2,28,27,958.0,4,38792,718,1,900.5,6.385
grasp,R210,R,2,29,28,957.3,4,29730,540,1,900.5,6.308
grasp,R210,R,2,30,29,952.0,4,23887,417,1,900.5,5.719
i1,R210,R,2,1,0,1404.0,4,0,0,1,900.5,55.913
rgrasp,R210,R,2,1,0,960.9,4,28031,437,1,900.5,6.707
rgrasp,R210,R,2,2,1,967.4,4,15846,253,1,900.5,7.429
rgrasp,R210,R,2,3,2,950.1,4,22368,373,1,900.5,5.508
rgrasp,R210,R,2,4,3,980.5,4,16095,251,1,900.5,8.884
rgrasp,R210,R,2,5,4,947.3,4,27119,444,1,900.5,5.197
rgrasp,R210,R,2,6,5,953.1,4,21573,338,1,900.5,5.841
rgrasp,R210,R,2,7,6,951.2,4,40727,633,1,900.5,5.630
rgrasp,R210,R,2,8,7,940.7,4,44240,695,1,900.5,4.464
rgrasp,R210,R,2,9,8,950.8,4,16789,269,1,900.5,5.586
rgrasp,R210,R,2,10,9,950.8,4,21912,348,1,900.5,5.586
rgrasp,R210,R,2,11,10,961.6,4,19267,311,1,900.5,6.785
rgrasp,R210,R,2,12,11,963.7,4,25785,432,1,900.5,7.018
rgrasp,R210,R,2,13,12,954.0,4,39518,614,1,900.5,5.941
rgrasp,R210,R,2,14,13,955.0,4,24606,409,1,900.5,6.052
rgrasp,R210,R,2,15,14,956.1,4,35378,552,1,900.5,6.174
rgrasp,R210,R,2,16,15,970.5,4,23074,372,1,900.5,7.773
rgrasp,R210,R,2,17,16,982.1,4,16060,262,1,900.5,9.062
rgrasp,R210,R,2,18,17,958.2,4,37273,591,1,900.5,6.408
rgrasp,R210,R,2,19,18,953.0,4,24692,411,1,900.5,5.830
rgrasp,R210,R,2,20,19,953.3,4,15792,268,1,900.5,5.863
rgrasp,R210,R,2,21,20,951.5,4,47092,754,1,900.5,5.664
rgrasp,R210,R,2,22,21,959.5,4,21821,348,1,900.5,6.552
rgrasp,R210,R,2,23,22,965.7,4,15386,251,1,900.5,7.240
rgrasp,R210,R,2,24,23,956.4,4,28720,448,1,900.5,6.208
rgrasp,R210,R,2,25,24,950.1,4,18796,316,1,900.5,5.508
rgrasp,R210,R,2,26,25,940.2,4,27316,424,1,900.5,4.409
rgrasp,R210,R,2,27,26,956.2,4,23125,372,1,900.5,6.185
rgrasp,R210,R,2,28,27,951.3,4,52305,814,1,900.5,5.641
rgrasp,R210,R,2,29,28,951.3,4,25594,400,1,900.5,5.641
rgrasp,R210,R,2,30,29,961.5,4,25752,440,1,900.5,6.774
tabu,R210,R,2,1,0,921.5,4,23750,3361,1,900.5,2.332
vnd,R210,R,2,1,0,1093.5,4,52,0,1,900.5,21.433
grasp,R211,R,2,1,0,815.3,3,12341,271,1,746.7,9.187
grasp,R211,R,2,2,1,813.8,3,22690,466,1,746.7,8.986
grasp,R211,R,2,3,2,820.1,3,25773,568,1,746.7,9.830
grasp,R211,R,2,4,3,816.3,3,15633,347,1,746.7,9.321
grasp,R211,R,2,5,4,814.2,3,25183,557,1,746.7,9.040
grasp,R211,R,2,6,5,803.8,3,28535,592,1,746.7,7.647
grasp,R211,R,2,7,6,786.7,3,31662,649,1,746.7,5.357
grasp,R211,R,2,8,7,784.2,3,18488,376,1,746.7,5.022
grasp,R211,R,2,9,8,814.3,3,20185,419,1,746.7,9.053
grasp,R211,R,2,10,9,822.1,3,25785,570,1,746.7,10.098
grasp,R211,R,2,11,10,812.7,3,22702,482,1,746.7,8.839
grasp,R211,R,2,12,11,822.5,3,18546,404,1,746.7,10.151
grasp,R211,R,2,13,12,822.0,3,22113,457,1,746.7,10.084
grasp,R211,R,2,14,13,819.2,3,25849,540,1,746.7,9.709
grasp,R211,R,2,15,14,796.0,3,22050,465,1,746.7,6.602
grasp,R211,R,2,16,15,799.4,3,39483,814,1,746.7,7.058
grasp,R211,R,2,17,16,794.8,3,25396,530,1,746.7,6.442
grasp,R211,R,2,18,17,813.9,3,11203,252,1,746.7,9.000
grasp,R211,R,2,19,18,806.1,3,12541,273,1,746.7,7.955
grasp,R211,R,2,20,19,812.8,3,17923,395,1,746.7,8.852
grasp,R211,R,2,21,20,822.4,3,24278,508,1,746.7,10.138
grasp,R211,R,2,22,21,826.5,3,20971,442,1,746.7,10.687
grasp,R211,R,2,23,22,805.4,3,24190,489,1,746.7,7.861
grasp,R211,R,2,24,23,813.2,3,11630,271,1,746.7,8.906
grasp,R211,R,2,25,24,819.8,3,16223,347,1,746.7,9.790
grasp,R211,R,2,26,25,818.1,3,23804,511,1,746.7,9.562
grasp,R211,R,2,27,26,809.5,3,18362,381,1,746.7,8.410
grasp,R211,R,2,28,27,817.8,3,14010,288,1,746.7,9.522
grasp,R211,R,2,29,28,801.9,3,26793,601,1,746.7,7.393
grasp,R211,R,2,30,29,806.0,3,26480,563,1,746.7,7.942
i1,R211,R,2,1,0,1013.4,3,0,0,1,746.7,35.717
rgrasp,R211,R,2,1,0,800.0,3,28914,527,1,746.7,7.138
rgrasp,R211,R,2,2,1,799.3,3,31591,582,1,746.7,7.044
rgrasp,R211,R,2,3,2,816.2,3,14089,275,1,746.7,9.308
rgrasp,R211,R,2,4,3,784.5,3,15359,283,1,746.7,5.062
rgrasp,R211,R,2,5,4,790.1,3,32068,582,1,746.7,5.812
rgrasp,R211,R,2,6,5,792.5,3,31779,602,1,746.7,6.134
rgrasp,R211,R,2,7,6,799.5,3,23475,453,1,746.7,7.071
rgrasp,R211,R,2,8,7,819.0,3,20646,378,1,746.7,9.683
rgrasp,R211,R,2,9,8,822.3,3,21170,378,1,746.7,10.125
rgrasp,R211,R,2,10,9,800.8,3,23759,424,1,746.7,7.245
rgrasp,R211,R,2,11,10,815.9,3,13991,260,1,746.7,9.267
rgrasp,R211,R,2,12,11,813.7,3,19827,378,1,746.7,8.973
rgrasp,R211,R,2,13,12,809.5,3,15070,271,1,746.7,8.410
rgrasp,R211,R,2,14,13,802.8,3,51537,927,1,746.7,7.513
rgrasp,R211,R,2,15,14,784.3,3,41821,768,1,746.7,5.035
rgrasp,R211,R,2,16,15,801.3,3,35006,640,1,746.7,7.312
rgrasp,R211,R,2,17,16,809.3,3,15292,299,1,746.7,8.384
rgrasp,R211,R,2,18,17,801.1,3,29191,555,1,746.7,7.285
rgrasp,R211,R,2,19,18,808.0,3,20527,367,1,746.7,8.209
rgrasp,R211,R,2,20,19,807.3,3,15881,318,1,746.7,8.116
rgrasp,R211,R,2,21,20,806.8,3,15383,300,1,746.7,8.049
rgrasp,R211,R,2,22,21,823.6,3,13597,254,1,746.7,10.299
rgrasp,R211,R,2,23,22,796.4,3,21041,413,1,746.7,6.656
rgrasp,R211,R,2,24,23,808.5,3,28192,508,1,746.7,8.276
rgrasp,R211,R,2,25,24,804.0,3,25186,463,1,746.7,7.674
rgrasp,R211,R,2,26,25,787.1,3,28716,551,1,746.7,5.410
rgrasp,R211,R,2,27,26,810.5,3,18056,355,1,746.7,8.544
rgrasp,R211,R,2,28,27,805.2,3,25576,477,1,746.7,7.834
rgrasp,R211,R,2,29,28,812.0,3,28324,549,1,746.7,8.745
rgrasp,R211,R,2,30,29,833.1,3,19084,372,1,746.7,11.571
tabu,R211,R,2,1,0,813.6,3,31910,3899,1,746.7,8.959
vnd,R211,R,2,1,0,929.0,3,28,0,1,746.7,24.414
grasp,RC101,RC,1,1,0,1653.0,16,12173,420,1,1619.8,2.050
grasp,RC101,RC,1,2,1,1660.2,16,10729,338,1,1619.8,2.494
grasp,RC101,RC,1,3,2,1648.9,17,19611,660,1,1619.8,1.797
grasp,RC101,RC,1,4,3,1652.5,17,12845,440,1,1619.8,2.019
grasp,RC101,RC,1,5,4,1648.9,17,17049,583,1,1619.8,1.797
grasp,RC101,RC,1,6,5,1653.0,17,9435,320,1,1619.8,2.050
grasp,RC101,RC,1,7,6,1648.6,17,18357,573,1,1619.8,1.778
grasp,RC101,RC,1,8,7,1643.6,17,9425,305,1,1619.8,1.469
grasp,RC101,RC,1,9,8,1658.4,17,11267,387,1,1619.8,2.383
grasp,RC101,RC,1,10,9,1650.6,17,15485,516,1,1619.8,1.901
grasp,RC101,RC,1,11,10,1660.5,16,12388,418,1,1619.8,2.513
grasp,RC101,RC,1,12,11,1657.4,17,10249,317,1,1619.8,2.321
grasp,RC101,RC,1,13,12,1648.9,17,24665,758,1,1619.8,1.797
grasp,RC101,RC,1,14,13,1653.0,17,13266,452,1,1619.8,2.050
grasp,RC101,RC,1,15,14,1655.7,17,13138,426,1,1619.8,2.216
grasp,RC101,RC,1,16,15,1648.2,17,8058,252,1,1619.8,1.753
grasp,RC101,RC,1,17,16,1652.1,16,12784,426,1,1619.8,1.994
grasp,RC101,RC,1,18,17,1653.6,17,17482,587,1,1619.8,2.087
grasp,RC101,RC,1,19,18,1657.4,17,10027,308,1,1619.8,2.321
grasp,RC101,RC,1,20,19,1659.0,17,9079,316,1,1619.8,2.420
grasp,RC101,RC,1,21,20,1648.9,17,11884,376,1,1619.8,1.797
grasp,RC101,RC,1,22,21,1657.6,17,7798,268,1,1619.8,2.334
grasp,RC101,RC,1,23,22,1658.9,17,10691,369,1,1619.8,2.414
grasp,RC101,RC,1,24,23,1648.9,17,15174,517,1,1619.8,1.797
grasp,RC101,RC,1,25,24,1653.6,16,19592,650,1,1619.8,2.087
grasp,RC101,RC,1,26,25,1648.9,17,9702,331,1,1619.8,1.797
grasp,RC101,RC,1,27,26,1648.9,17,15179,476,1,1619.8,1.797
grasp,RC101,RC,1,28,27,1648.9,17,9315,289,1,1619.8,1.797
grasp,RC101,RC,1,29,28,1656.4,17,13139,453,1,1619.8,2.260
grasp,RC101,RC,1,30,29,1653.6,17,12189,408,1,1619.8,2.087
i1,RC101,RC,1,1,0,1920.4,17,0,0,1,1619.8,18.558
rgrasp,RC101,RC,1,1,0,1644.6,17,12409,359,1,1619.8,1.531
rgrasp,RC101,RC,1,2,1,1656.8,17,29122,837,1,1619.8,2.284
rgrasp,RC101,RC,1,3,2,1656.8,17,11948,324,1,1619.8,2.284
rgrasp,RC101,RC,1,4,3,1658.8,16,11519,334,1,1619.8,2.408
rgrasp,RC101,RC,1,5,4,1658.9,17,14104,387,1,1619.8,2.414
rgrasp,RC101,RC,1,6,5,1659.9,18,26683,780,1,1619.8,2.476
rgrasp,RC101,RC,1,7,6,1653.9,17,13330,384,1,1619.8,2.105
rgrasp,RC101,RC,1,8,7,1653.1,17,16928,490,1,1619.8,2.056
rgrasp,RC101,RC,1,9,8,1652.1,17,16837,476,1,1619.8,1.994
rgrasp,RC101,RC,1,10,9,1659.4,17,12635,359,1,1619.8,2.445
rgrasp,RC101,RC,1,11,10,1660.9,17,26677,683,1,1619.8,2.537
rgrasp,RC101,RC,1,12,11,1661.6,17,10619,280,1,1619.8,2.581
rgrasp,RC101,RC,1,13,12,1659.1,17,19492,580,1,1619.8,2.426
rgrasp,RC101,RC,1,14,13,1656.4,16,30415,808,1,1619.8,2.260
rgrasp,RC101,RC,1,15,14,1665.2,17,10721,278,1,1619.8,2.803
rgrasp,RC101,RC,1,16,15,1648.0,16,16495,461,1,1619.8,1.741
rgrasp,RC101,RC,1,17,16,1662.8,17,14556,415,1,1619.8,2.655
rgrasp,RC101,RC,1,18,17,1656.8,17,14377,415,1,1619.8,2.284
rgrasp,RC101,RC,1,19,18,1658.9,17,11718,319,1,1619.8,2.414
rgrasp,RC101,RC,1,20,19,1653.5,17,19081,518,1,1619.8,2.081
rgrasp,RC101,RC,1,21,20,1661.8,17,14229,421,1,1619.8,2.593
rgrasp,RC101,RC,1,22,21,1661.5,17,15259,437,1,1619.8,2.574
rgrasp,RC101,RC,1,23,22,1657.7,17,18753,492,1,1619.8,2.340
rgrasp,RC101,RC,1,24,23,1665.9,17,15596,443,1,1619.8,2.846
rgrasp,RC101,RC,1,25,24,1656.8,17,13820,403,1,1619.8,2.284
rgrasp,RC101,RC,1,26,25,1648.7,16,26696,734,1,1619.8,1.784
rgrasp,RC101,RC,1,27,26,1657.2,16,20600,588,1,1619.8,2.309
rgrasp,RC101,RC,1,28,27,1656.8,17,17728,487,1,1619.8,2.284
rgrasp,RC101,RC,1,29,28,1663.5,17,16885,460,1,1619.8,2.698
rgrasp,RC101,RC,1,30,29,1653.8,17,8728,260,1,1619.8,2.099
tabu,RC101,RC,1,1,0,1663.3,17,5800,1470,1,1619.8,2.686
vnd,RC101,RC,1,1,0,1691.1,17,24,0,1,1619.8,4.402
grasp,RC102,RC,1,1,0,1485.7,15,13455,387,1,1457.4,1.942
grasp,RC102,RC,1,2,1,1477.8,14,11080,313,1,1457.4,1.400
grasp,RC102,RC,1,3,2,1486.4,15,10700,326,1,1457.4,1.990
grasp,RC102,RC,1,4,3,1486.2,15,9773,289,1,1457.4,1.976
grasp,RC102,RC,1,5,4,1482.0,15,12293,382,1,1457.4,1.688
grasp,RC102,RC,1,6,5,1482.1,15,9008,261,1,1457.4,1.695
grasp,RC102,RC,1,7,6,1476.9,14,13319,410,1,1457.4,1.338
grasp,RC102,RC,1,8,7,1479.4,15,22638,699,1,1457.4,1.510
grasp,RC102,RC,1,9,8,1485.6,15,17506,553,1,1457.4,1.935
grasp,RC102,RC,1,10,9,1483.3,15,11598,349,1,1457.4,1.777
grasp,RC102,RC,1,11,10,1485.4,15,9642,305,1,1457.4,1.921
grasp,RC102,RC,1,12,11,1483.0,15,15770,482,1,1457.4,1.757
grasp,RC102,RC,1,13,12,1482.4,15,30737,870,1,1457.4,1.715
grasp,RC102,RC,1,14,13,1485.9,15,12079,369,1,1457.4,1.956
grasp,RC102,RC,1,15,14,1474.9,15,14378,424,1,1457.4,1.201
grasp,RC102,RC,1,16,15,1480.8,15,18190,527,1,1457.4,1.606
grasp,RC102,RC,1,17,16,1486.5,15,8647,279,1,1457.4,1.997
grasp,RC102,RC,1,18,17,1481.1,15,13927,432,1,1457.4,1.626
grasp,RC102,RC,1,19,18,1482.4,15,15230,465,1,1457.4,1.715
grasp,RC102,RC,1,20,19,1484.3,15,10326,308,1,1457.4,1.846
grasp,RC102,RC,1,21,20,1485.7,15,10916,318,1,1457.4,1.942
grasp,RC102,RC,1,22,21,1486.5,15,11018,352,1,1457.4,1.997
grasp,RC102,RC,1,23,22,1477.5,14,14130,440,1,1457.4,1.379
grasp,RC102,RC,1,24,23,1482.2,15,15675,494,1,1457.4,1.702
grasp,RC102,RC,1,25,24,1478.9,15,18136,579,1,1457.4,1.475
grasp,RC102,RC,1,26,25,1483.6,15,12634,392,1,1457.4,1.798
grasp,RC102,RC,1,27,26,1479.5,14,21956,674,1,1457.4,1.516
grasp,RC102,RC,1,28,27,1484.1,15,13568,418,1,1457.4,1.832
grasp,RC102,RC,1,29,28,1482.4,15,13056,411,1,1457.4,1.715
grasp,RC102,RC,1,30,29,1485.1,15,24258,756,1,1457.4,1.901
i1,RC102,RC,1,1,0,1813.3,15,0,0,1,1457.4,24.420
rgrasp,RC102,RC,1,1,0,1484.1,15,38250,969,1,1457.4,1.832
rgrasp,RC102,RC,1,2,1,1485.7,15,12817,337,1,1457.4,1.942
rgrasp,RC102,RC,1,3,2,1485.5,15,13753,330,1,1457.4,1.928
rgrasp,RC102,RC,1,4,3,1489.3,15,15825,406,1,1457.4,2.189
rgrasp,RC102,RC,1,5,4,1481.7,15,24143,576,1,1457.4,1.667
rgrasp,RC102,RC,1,6,5,1478.6,15,22115,579,1,1457.4,1.455
rgrasp,RC102,RC,1,7,6,1486.8,15,16602,423,1,1457.4,2.017
rgrasp,RC102,RC,1,8,7,1486.5,15,22381,534,1,1457.4,1.997
rgrasp,RC102,RC,1,9,8,1486.4,15,24916,596,1,1457.4,1.990
rgrasp,RC102,RC,1,10,9,1490.2,15,16962,451,1,1457.4,2.251
rgrasp,RC102,RC,1,11,10,1485.1,15,16172,415,1,1457.4,1.901
rgrasp,RC102,RC,1,12,11,1486.8,15,12314,295,1,1457.4,2.017
rgrasp,RC102,RC,1,13,12,1484.1,15,19531,501,1,1457.4,1.832
rgrasp,RC102,RC,1,14,13,1487.8,15,18819,453,1,1457.4,2.086
rgrasp,RC102,RC,1,15,14,1488.3,15,22994,594,1,1457.4,2.120
rgrasp,RC102,RC,1,16,15,1486.4,15,11653,301,1,1457.4,1.990
rgrasp,RC102,RC,1,17,16,1482.6,15,17490,461,1,1457.4,1.729
rgrasp,RC102,RC,1,18,17,1486.4,14,19476,503,1,1457.4,1.990
rgrasp,RC102,RC,1,19,18,1486.7,14,12832,324,1,1457.4,2.010
rgrasp,RC102,RC,1,20,19,1490.2,15,16063,395,1,1457.4,2.251
rgrasp,RC102,RC,1,21,20,1480.9,15,14353,347,1,1457.4,1.612
rgrasp,RC102,RC,1,22,21,1486.3,14,23103,605,1,1457.4,1.983
rgrasp,RC102,RC,1,23,22,1485.2,14,16236,412,1,1457.4,1.908
rgrasp,RC102,RC,1,24,23,1485.9,15,16271,429,1,1457.4,1.956
rgrasp,RC102,RC,1,25,24,1487.9,15,11415,296,1,1457.4,2.093
rgrasp,RC102,RC,1,26,25,1486.2,15,16730,397,1,1457.4,1.976
rgrasp,RC102,RC,1,27,26,1485.3,14,30930,746,1,1457.4,1.914
rgrasp,RC102,RC,1,28,27,1486.7,15,18485,477,1,1457.4,2.010
rgrasp,RC102,RC,1,29,28,1486.3,15,23772,611,1,1457.4,1.983
rgrasp,RC102,RC,1,30,29,1486.9,15,11661,279,1,1457.4,2.024
tabu,RC102,RC,1,1,0,1480.4,15,14142,3478,1,1457.4,1.578
vnd,RC102,RC,1,1,0,1544.1,15,53,0,1,1457.4,5.949
grasp,RC103,RC,1,1,0,1307.6,12,16638,481,1,1258.0,3.943
grasp,RC103,RC,1,2,1,1275.0,11,23013,661,1,1258.0,1.351
grasp,RC103,RC,1,3,2,1292.9,12,10494,302,1,1258.0,2.774
grasp,RC103,RC,1,4,3,1307.8,12,15416,429,1,1258.0,3.959
grasp,RC103,RC,1,5,4,1285.9,11,17844,475,1,1258.0,2.218
grasp,RC103,RC,1,6,5,1296.3,12,8884,258,1,1258.0,3.045
grasp,RC103,RC,1,7,6,1303.7,11,27702,787,1,1258.0,3.633
grasp,RC103,RC,1,8,7,1278.9,11,9367,259,1,1258.0,1.661
grasp,RC103,RC,1,9,8,1310.0,12,11452,321,1,1258.0,4.134
grasp,RC103,RC,1,10,9,1291.5,12,14397,391,1,1258.0,2.663
grasp,RC103,RC,1,11,10,1280.9,11,11989,327,1,1258.0,1.820
grasp,RC103,RC,1,12,11,1302.9,12,16162,464,1,1258.0,3.569
grasp,RC103,RC,1,13,12,1311.9,11,13258,368,1,1258.0,4.285
grasp,RC103,RC,1,14,13,1304.8,12,12928,360,1,1258.0,3.720
grasp,RC103,RC,1,15,14,1302.3,12,13877,391,1,1258.0,3.521
grasp,RC103,RC,1,16,15,1294.8,12,10678,291,1,1258.0,2.925
grasp,RC103,RC,1,17,16,1288.3,12,19735,567,1,1258.0,2.409
grasp,RC103,RC,1,18,17,1282.0,11,14534,392,1,1258.0,1.908
grasp,RC103,RC,1,19,18,1302.1,12,15447,424,1,1258.0,3.506
grasp,RC103,RC,1,20,19,1291.7,11,9305,261,1,1258.0,2.679
grasp,RC103,RC,1,21,20,1293.5,11,15102,424,1,1258.0,2.822
grasp,RC103,RC,1,22,21,1297.4,12,16768,455,1,1258.0,3.132
grasp,RC103,RC,1,23,22,1295.8,12,10015,291,1,1258.0,3.005
grasp,RC103,RC,1,24,23,1297.0,12,16328,468,1,1258.0,3.100
grasp,RC103,RC,1,25,24,1287.3,12,22261,625,1,1258.0,2.329
grasp,RC103,RC,1,26,25,1297.4,12,9193,261,1,1258.0,3.132
grasp,RC103,RC,1,27,26,1289.2,12,15466,440,1,1258.0,2.480
grasp,RC103,RC,1,28,27,1298.2,12,17409,475,1,1258.0,3.196
grasp,RC103,RC,1,29,28,1291.1,11,18736,539,1,1258.0,2.631
grasp,RC103,RC,1,30,29,1296.3,12,21590,604,1,1258.0,3.045
i1,RC103,RC,1,1,0,1544.5,12,0,0,1,1258.0,22.774
rgrasp,RC103,RC,1,1,0,1290.7,11,27740,683,1,1258.0,2.599
rgrasp,RC103,RC,1,2,1,1317.2,12,11151,267,1,1258.0,4.706
rgrasp,RC103,RC,1,3,2,1315.4,12,14155,325,1,1258.0,4.563
rgrasp,RC103,RC,1,4,3,1295.0,12,16918,388,1,1258.0,2.941
rgrasp,RC103,RC,1,5,4,1310.8,12,23678,569,1,1258.0,4.197
rgrasp,RC103,RC,1,6,5,1328.2,12,15429,367,1,1258.0,5.580
rgrasp,RC103,RC,1,7,6,1303.7,11,15822,361,1,1258.0,3.633
rgrasp,RC103,RC,1,8,7,1309.6,12,13979,324,1,1258.0,4.102
rgrasp,RC103,RC,1,9,8,1288.6,12,18574,448,1,1258.0,2.432
rgrasp,RC103,RC,1,10,9,1317.9,12,11083,269,1,1258.0,4.762
rgrasp,RC103,RC,1,11,10,1320.7,12,13313,317,1,1258.0,4.984
rgrasp,RC103,RC,1,12,11,1301.9,12,19231,452,1,1258.0,3.490
rgrasp,RC103,RC,1,13,12,1295.0,12,32151,784,1,1258.0,2.941
rgrasp,RC103,RC,1,14,13,1311.7,12,21207,499,1,1258.0,4.269
rgrasp,RC103,RC,1,15,14,1288.8,11,16634,380,1,1258.0,2.448
rgrasp,RC103,RC,1,16,15,1302.4,12,20073,457,1,1258.0,3.529
rgrasp,RC103,RC,1,17,16,1303.8,12,11566,270,1,1258.0,3.641
rgrasp,RC103,RC,1,18,17,1297.6,11,11147,252,1,1258.0,3.148
rgrasp,RC103,RC,1,19,18,1302.8,12,13742,342,1,1258.0,3.561
rgrasp,RC103,RC,1,20,19,1309.4,12,12963,291,1,1258.0,4.086
rgrasp,RC103,RC,1,21,20,1289.3,12,31891,773,1,1258.0,2.488
rgrasp,RC103,RC,1,22,21,1318.3,12,17630,429,1,1258.0,4.793
rgrasp,RC103,RC,1,23,22,1316.4,12,12869,307,1,1258.0,4.642
rgrasp,RC103,RC,1,24,23,1313.4,12,14493,328,1,1258.0,4.404
rgrasp,RC103,RC,1,25,24,1312.0,12,12471,299,1,1258.0,4.293
rgrasp,RC103,RC,1,26,25,1301.9,12,15364,364,1,1258.0,3.490
rgrasp,RC103,RC,1,27,26,1326.3,12,12816,295,1,1258.0,5.429
rgrasp,RC103,RC,1,28,27,1303.3,11,18241,437,1,1258.0,3.601
rgrasp,RC103,RC,1,29,28,1309.8,12,26172,589,1,1258.0,4.118
rgrasp,RC103,RC,1,30,29,1284.0,11,24107,585,1,1258.0,2.067
tabu,RC103,RC,1,1,0,1305.1,12,7744,1898,1,1258.0,3.744
vnd,RC103,RC,1,1,0,1403.1,12,26,0,1,1258.0,11.534
grasp,RC104,RC,1,1,0,1171.8,11,10864,350,1,1132.3,3.488
grasp,RC104,RC,1,2,1,1159.4,11,7720,251,1,1132.3,2.393
grasp,RC104,RC,1,3,2,1179.2,11,11019,357,1,1132.3,4.142
grasp,RC104,RC,1,4,3,1166.7,10,9076,283,1,1132.3,3.038
grasp,RC104,RC,1,5,4,1165.4,11,12764,410,1,1132.3,2.923
grasp,RC104,RC,1,6,5,1165.3,11,17084,574,1,1132.3,2.914
grasp,RC104,RC,1,7,6,1159.9,11,12217,408,1,1132.3,2.438
grasp,RC104,RC,1,8,7,1157.7,11,7891,251,1,1132.3,2.243
grasp,RC104,RC,1,9,8,1166.4,11,23399,770,1,1132.3,3.012
grasp,RC104,RC,1,10,9,1171.4,11,15611,516,1,1132.3,3.453
grasp,RC104,RC,1,11,10,1171.3,11,13492,436,1,1132.3,3.444
grasp,RC104,RC,1,12,11,1149.9,10,22932,728,1,1132.3,1.554
grasp,RC104,RC,1,13,12,1171.4,11,8764,276,1,1132.3,3.453
grasp,RC104,RC,1,14,13,1160.9,11,21308,714,1,1132.3,2.526
grasp,RC104,RC,1,15,14,1165.0,11,8481,273,1,1132.3,2.888
grasp,RC104,RC,1,16,15,1157.1,11,15949,498,1,1132.3,2.190
grasp,RC104,RC,1,17,16,1168.9,11,8695,283,1,1132.3,3.232
grasp,RC104,RC,1,18,17,1170.4,11,10158,318,1,1132.3,3.365
grasp,RC104,RC,1,19,18,1170.9,11,10759,332,1,1132.3,3.409
grasp,RC104,RC,1,20,19,1163.8,11,13174,432,1,1132.3,2.782
grasp,RC104,RC,1,21,20,1174.0,11,11217,370,1,1132.3,3.683
grasp,RC104,RC,1,22,21,1170.0,11,12697,412,1,1132.3,3.330
grasp,RC104,RC,1,23,22,1160.6,11,11569,376,1,1132.3,2.499
grasp,RC104,RC,1,24,23,1164.4,10,7654,252,1,1132.3,2.835
grasp,RC104,RC,1,25,24,1170.0,11,9055,284,1,1132.3,3.330
grasp,RC104,RC,1,26,25,1173.2,11,8811,278,1,1132.3,3.612
grasp,RC104,RC,1,27,26,1158.9,11,14492,463,1,1132.3,2.349
grasp,RC104,RC,1,28,27,1156.9,10,20846,658,1,1132.3,2.173
grasp,RC104,RC,1,29,28,1158.7,11,8352,271,1,1132.3,2.332
grasp,RC104,RC,1,30,29,1173.4,10,9866,308,1,1132.3,3.630
i1,RC104,RC,1,1,0,1380.6,12,0,0,1,1132.3,21.929
rgrasp,RC104,RC,1,1,0,1169.3,11,13105,318,1,1132.3,3.268
rgrasp,RC104,RC,1,2,1,1175.4,11,12954,305,1,1132.3,3.806
rgrasp,RC104,RC,1,3,2,1169.1,11,20558,458,1,1132.3,3.250
rgrasp,RC104,RC,1,4,3,1167.3,11,22916,543,1,1132.3,3.091
rgrasp,RC104,RC,1,5,4,1175.4,11,15410,358,1,1132.3,3.806
rgrasp,RC104,RC,1,6,5,1172.2,11,16031,375,1,1132.3,3.524
rgrasp,RC104,RC,1,7,6,1174.9,11,10939,252,1,1132.3,3.762
rgrasp,RC104,RC,1,8,7,1153.8,10,32543,773,1,1132.3,1.899
rgrasp,RC104,RC,1,9,8,1162.1,11,13605,320,1,1132.3,2.632
rgrasp,RC104,RC,1,10,9,1162.3,11,24185,589,1,1132.3,2.649
rgrasp,RC104,RC,1,11,10,1164.4,10,14442,347,1,1132.3,2.835
rgrasp,RC104,RC,1,12,11,1174.7,11,13117,313,1,1132.3,3.745
rgrasp,RC104,RC,1,13,12,1175.3,11,24330,582,1,1132.3,3.798
rgrasp,RC104,RC,1,14,13,1167.3,11,23967,554,1,1132.3,3.091
rgrasp,RC104,RC,1,15,14,1174.6,11,14024,326,1,1132.3,3.736
rgrasp,RC104,RC,1,16,15,1179.6,11,30147,719,1,1132.3,4.177
rgrasp,RC104,RC,1,17,16,1173.0,11,21246,524,1,1132.3,3.594
rgrasp,RC104,RC,1,18,17,1170.5,11,19139,446,1,1132.3,3.374
rgrasp,RC104,RC,1,19,18,1178.6,11,21538,517,1,1132.3,4.089
rgrasp,RC104,RC,1,20,19,1164.0,11,12811,310,1,1132.3,2.800
rgrasp,RC104,RC,1,21,20,1164.2,11,27313,667,1,1132.3,2.817
rgrasp,RC104,RC,1,22,21,1168.2,11,23104,516,1,1132.3,3.171
rgrasp,RC104,RC,1,23,22,1177.4,11,15047,343,1,1132.3,3.983
rgrasp,RC104,RC,1,24,23,1164.7,11,16962,399,1,1132.3,2.861
rgrasp,RC104,RC,1,25,24,1158.5,11,27353,649,1,1132.3,2.314
rgrasp,RC104,RC,1,26,25,1170.1,11,47293,1082,1,1132.3,3.338
rgrasp,RC104,RC,1,27,26,1156.3,11,12959,298,1,1132.3,2.120
rgrasp,RC104,RC,1,28,27,1162.5,11,13032,317,1,1132.3,2.667
rgrasp,RC104,RC,1,29,28,1167.8,11,11525,268,1,1132.3,3.135
rgrasp,RC104,RC,1,30,29,1166.9,10,19638,477,1,1132.3,3.056
tabu,RC104,RC,1,1,0,1178.0,12,10147,2163,1,1132.3,4.036
vnd,RC104,RC,1,1,0,1203.8,12,42,0,1,1132.3,6.315
grasp,RC105,RC,1,1,0,1557.2,15,9549,327,1,1513.7,2.874
grasp,RC105,RC,1,2,1,1541.1,15,15460,489,1,1513.7,1.810
grasp,RC105,RC,1,3,2,1541.2,16,10471,338,1,1513.7,1.817
grasp,RC105,RC,1,4,3,1541.4,15,10609,362,1,1513.7,1.830
grasp,RC105,RC,1,5,4,1532.4,16,11874,387,1,1513.7,1.235
grasp,RC105,RC,1,6,5,1539.7,16,10186,350,1,1513.7,1.718
grasp,RC105,RC,1,7,6,1545.4,15,11954,415,1,1513.7,2.094
grasp,RC105,RC,1,8,7,1537.3,15,9772,326,1,1513.7,1.559
grasp,RC105,RC,1,9,8,1555.3,16,14366,502,1,1513.7,2.748
grasp,RC105,RC,1,10,9,1556.5,16,8930,295,1,1513.7,2.828
grasp,RC105,RC,1,11,10,1545.6,16,7700,265,1,1513.7,2.107
grasp,RC105,RC,1,12,11,1542.3,16,9027,299,1,1513.7,1.889
grasp,RC105,RC,1,13,12,1539.0,16,13132,450,1,1513.7,1.671
grasp,RC105,RC,1,14,13,1554.3,15,12816,443,1,1513.7,2.682
grasp,RC105,RC,1,15,14,1540.8,16,20394,655,1,1513.7,1.790
grasp,RC105,RC,1,16,15,1544.4,15,13099,446,1,1513.7,2.028
grasp,RC105,RC,1,17,16,1533.3,15,13600,437,1,1513.7,1.295
grasp,RC105,RC,1,18,17,1546.1,15,10708,373,1,1513.7,2.140
grasp,RC105,RC,1,19,18,1538.4,15,25453,877,1,1513.7,1.632
grasp,RC105,RC,1,20,19,1543.9,16,10077,351,1,1513.7,1.995
grasp,RC105,RC,1,21,20,1546.6,16,12739,447,1,1513.7,2.173
grasp,RC105,RC,1,22,21,1543.8,16,21169,666,1,1513.7,1.989
grasp,RC105,RC,1,23,22,1546.9,16,13240,439,1,1513.7,2.193
grasp,RC105,RC,1,24,23,1544.5,15,17405,552,1,1513.7,2.035
grasp,RC105,RC,1,25,24,1557.1,16,16271,561,1,1513.7,2.867
grasp,RC105,RC,1,26,25,1547.6,15,9058,303,1,1513.7,2.240
grasp,RC105,RC,1,27,26,1541.6,16,20920,703,1,1513.7,1.843
grasp,RC105,RC,1,28,27,1548.6,15,7478,258,1,1513.7,2.306
grasp,RC105,RC,1,29,28,1548.3,16,21094,731,1,1513.7,2.286
grasp,RC105,RC,1,30,29,1555.3,15,7940,265,1,1513.7,2.748
i1,RC105,RC,1,1,0,1838.0,16,0,0,1,1513.7,21.424
rgrasp,RC105,RC,1,1,0,1530.2,15,11293,312,1,1513.7,1.090
rgrasp,RC105,RC,1,2,1,1548.3,16,10787,292,1,1513.7,2.286
rgrasp,RC105,RC,1,3,2,1552.8,16,13164,325,1,1513.7,2.583
rgrasp,RC105,RC,1,4,3,1558.5,16,18623,502,1,1513.7,2.960
rgrasp,RC105,RC,1,5,4,1554.7,15,10569,287,1,1513.7,2.709
rgrasp,RC105,RC,1,6,5,1535.3,16,9256,254,1,1513.7,1.427
rgrasp,RC105,RC,1,7,6,1558.1,16,10312,253,1,1513.7,2.933
rgrasp,RC105,RC,1,8,7,1557.9,17,15537,407,1,1513.7,2.920
rgrasp,RC105,RC,1,9,8,1521.2,15,11539,307,1,1513.7,0.495
rgrasp,RC105,RC,1,10,9,1549.5,17,12538,338,1,1513.7,2.365
rgrasp,RC105,RC,1,11,10,1556.3,16,10604,277,1,1513.7,2.814
rgrasp,RC105,RC,1,12,11,1552.7,15,16101,415,1,1513.7,2.576
rgrasp,RC105,RC,1,13,12,1555.4,16,20852,558,1,1513.7,2.755
rgrasp,RC105,RC,1,14,13,1560.0,17,16317,433,1,1513.7,3.059
rgrasp,RC105,RC,1,15,14,1533.5,15,22247,582,1,1513.7,1.308
rgrasp,RC105,RC,1,16,15,1548.6,15,43401,1157,1,1513.7,2.306
rgrasp,RC105,RC,1,17,16,1551.8,16,15116,413,1,1513.7,2.517
rgrasp,RC105,RC,1,18,17,1544.1,16,20117,496,1,1513.7,2.008
rgrasp,RC105,RC,1,19,18,1542.9,15,22764,599,1,1513.7,1.929
rgrasp,RC105,RC,1,20,19,1551.3,16,10997,296,1,1513.7,2.484
rgrasp,RC105,RC,1,21,20,1547.0,16,14401,387,1,1513.7,2.200
rgrasp,RC105,RC,1,22,21,1556.6,16,20741,525,1,1513.7,2.834
rgrasp,RC105,RC,1,23,22,1550.3,16,14545,392,1,1513.7,2.418
rgrasp,RC105,RC,1,24,23,1554.0,16,12335,313,1,1513.7,2.662
rgrasp,RC105,RC,1,25,24,1560.2,17,13021,336,1,1513.7,3.072
rgrasp,RC105,RC,1,26,25,1549.3,16,10330,284,1,1513.7,2.352
rgrasp,RC105,RC,1,27,26,1557.2,16,25142,619,1,1513.7,2.874
rgrasp,RC105,RC,1,28,27,1547.4,16,21482,604,1,1513.7,2.226
rgrasp,RC105,RC,1,29,28,1548.9,16,17997,482,1,1513.7,2.325
rgrasp,RC105,RC,1,30,29,1536.2,16,16312,430,1,1513.7,1.486
tabu,RC105,RC,1,1,0,1514.9,15,8209,2018,1,1513.7,0.079
vnd,RC105,RC,1,1,0,1599.6,15,30,0,1,1513.7,5.675
grasp,RC106,RC,1,1,0,1398.7,13,16029,546,1,1372.7,1.894
grasp,RC106,RC,1,2,1,1409.1,13,15734,516,1,1372.7,2.652
grasp,RC106,RC,1,3,2,1412.4,14,13392,441,1,1372.7,2.892
grasp,RC106,RC,1,4,3,1398.1,13,14984,462,1,1372.7,1.850
grasp,RC106,RC,1,5,4,1412.6,14,16291,537,1,1372.7,2.907
grasp,RC106,RC,1,6,5,1409.7,13,11211,377,1,1372.7,2.695
grasp,RC106,RC,1,7,6,1418.8,14,15938,514,1,1372.7,3.358
grasp,RC106,RC,1,8,7,1418.1,14,10297,321,1,1372.7,3.307
grasp,RC106,RC,1,9,8,1388.5,13,15929,494,1,1372.7,1.151
grasp,RC106,RC,1,10,9,1413.6,14,12061,407,1,1372.7,2.980
grasp,RC106,RC,1,11,10,1415.2,14,7445,257,1,1372.7,3.096
grasp,RC106,RC,1,12,11,1393.4,13,20822,647,1,1372.7,1.508
grasp,RC106,RC,1,13,12,1404.2,13,15045,517,1,1372.7,2.295
grasp,RC106,RC,1,14,13,1414.2,14,13534,458,1,1372.7,3.023
grasp,RC106,RC,1,15,14,1399.8,13,24291,839,1,1372.7,1.974
grasp,RC106,RC,1,16,15,1417.5,14,10951,370,1,1372.7,3.264
grasp,RC106,RC,1,17,16,1417.3,13,11171,385,1,1372.7,3.249
grasp,RC106,RC,1,18,17,1416.1,14,17293,562,1,1372.7,3.162
grasp,RC106,RC,1,19,18,1406.5,13,15225,512,1,1372.7,2.462
grasp,RC106,RC,1,20,19,1410.3,13,13242,433,1,1372.7,2.739
grasp,RC106,RC,1,21,20,1416.8,14,9729,330,1,1372.7,3.213
grasp,RC106,RC,1,22,21,1419.1,13,8689,298,1,1372.7,3.380
grasp,RC106,RC,1,23,22,1390.1,13,10240,325,1,1372.7,1.268
grasp,RC106,RC,1,24,23,1420.0,14,15085,476,1,1372.7,3.446
grasp,RC106,RC,1,25,24,1419.1,14,14070,472,1,1372.7,3.380
grasp,RC106,RC,1,26,25,1420.3,14,11851,405,1,1372.7,3.468
grasp,RC106,RC,1,27,26,1412.9,13,14614,487,1,1372.7,2.929
grasp,RC106,RC,1,28,27,1408.3,13,17295,593,1,1372.7,2.593
grasp,RC106,RC,1,29,28,1411.4,14,21069,707,1,1372.7,2.819
grasp,RC106,RC,1,30,29,1415.5,14,15125,518,1,1372.7,3.118
i1,RC106,RC,1,1,0,1726.5,14,0,0,1,1372.7,25.774
rgrasp,RC106,RC,1,1,0,1413.4,13,18777,497,1,1372.7,2.965
rgrasp,RC106,RC,1,2,1,1412.1,13,16048,410,1,1372.7,2.870
rgrasp,RC106,RC,1,3,2,1408.6,13,30320,807,1,1372.7,2.615
rgrasp,RC106,RC,1,4,3,1424.7,14,14921,395,1,1372.7,3.788
rgrasp,RC106,RC,1,5,4,1410.4,14,16775,417,1,1372.7,2.746
rgrasp,RC106,RC,1,6,5,1426.3,13,22864,570,1,1372.7,3.905
rgrasp,RC106,RC,1,7,6,1416.7,13,24786,660,1,1372.7,3.205
rgrasp,RC106,RC,1,8,7,1419.7,14,11727,302,1,1372.7,3.424
rgrasp,RC106,RC,1,9,8,1421.9,13,27029,700,1,1372.7,3.584
rgrasp,RC106,RC,1,10,9,1411.3,13,14467,360,1,1372.7,2.812
rgrasp,RC106,RC,1,11,10,1417.3,14,13033,356,1,1372.7,3.249
rgrasp,RC106,RC,1,12,11,1417.2,13,19317,510,1,1372.7,3.242
rgrasp,RC106,RC,1,13,12,1415.8,14,15230,387,1,1372.7,3.140
rgrasp,RC106,RC,1,14,13,1416.2,14,23360,632,1,1372.7,3.169
rgrasp,RC106,RC,1,15,14,1414.0,14,10680,279,1,1372.7,3.009
rgrasp,RC106,RC,1,16,15,1415.8,14,19835,493,1,1372.7,3.140
rgrasp,RC106,RC,1,17,16,1407.2,14,19942,513,1,1372.7,2.513
rgrasp,RC106,RC,1,18,17,1407.3,13,20415,517,1,1372.7,2.521
rgrasp,RC106,RC,1,19,18,1417.1,14,15014,394,1,1372.7,3.235
rgrasp,RC106,RC,1,20,19,1414.0,14,31254,828,1,1372.7,3.009
rgrasp,RC106,RC,1,21,20,1418.2,14,10256,251,1,1372.7,3.315
rgrasp,RC106,RC,1,22,21,1413.2,14,10196,261,1,1372.7,2.950
rgrasp,RC106,RC,1,23,22,1410.6,13,18129,495,1,1372.7,2.761
rgrasp,RC106,RC,1,24,23,1409.3,13,18159,496,1,1372.7,2.666
rgrasp,RC106,RC,1,25,24,1413.2,13,16996,441,1,1372.7,2.950
rgrasp,RC106,RC,1,26,25,1402.7,13,19893,540,1,1372.7,2.185
rgrasp,RC106,RC,1,27,26,1410.4,14,12947,349,1,1372.7,2.746
rgrasp,RC106,RC,1,28,27,1412.7,13,23683,593,1,1372.7,2.914
rgrasp,RC106,RC,1,29,28,1416.6,14,12118,331,1,1372.7,3.198
rgrasp,RC106,RC,1,30,29,1396.8,13,16060,433,1,1372.7,1.756
tabu,RC106,RC,1,1,0,1416.4,14,9442,2379,1,1372.7,3.184
vnd,RC106,RC,1,1,0,1538.3,14,27,0,1,1372.7,12.064
grasp,RC107,RC,1,1,0,1259.8,12,7985,260,1,1207.8,4.305
grasp,RC107,RC,1,2,1,1265.3,12,10522,338,1,1207.8,4.761
grasp,RC107,RC,1,3,2,1259.0,13,10402,342,1,1207.8,4.239
grasp,RC107,RC,1,4,3,1251.8,12,11074,361,1,1207.8,3.643
grasp,RC107,RC,1,5,4,1260.8,13,8899,307,1,1207.8,4.388
grasp,RC107,RC,1,6,5,1250.6,12,16347,544,1,1207.8,3.544
grasp,RC107,RC,1,7,6,1256.9,12,15301,518,1,1207.8,4.065
grasp,RC107,RC,1,8,7,1220.4,12,16873,555,1,1207.8,1.043
grasp,RC107,RC,1,9,8,1244.3,12,17128,581,1,1207.8,3.022
grasp,RC107,RC,1,10,9,1262.7,13,13300,437,1,1207.8,4.545
grasp,RC107,RC,1,11,10,1258.6,13,9589,325,1,1207.8,4.206
grasp,RC107,RC,1,12,11,1272.9,13,10592,252,1,1207.8,5.390
grasp,RC107,RC,1,13,12,1255.9,13,14074,482,1,1207.8,3.982
grasp,RC107,RC,1,14,13,1258.7,13,10756,365,1,1207.8,4.214
grasp,RC107,RC,1,15,14,1274.1,13,7792,262,1,1207.8,5.489
grasp,RC107,RC,1,16,15,1229.2,12,12836,424,1,1207.8,1.772
grasp,RC107,RC,1,17,16,1248.2,13,12230,419,1,1207.8,3.345
grasp,RC107,RC,1,18,17,1259.7,13,10510,336,1,1207.8,4.297
grasp,RC107,RC,1,19,18,1253.4,12,10375,337,1,1207.8,3.775
grasp,RC107,RC,1,20,19,1252.6,13,14981,506,1,1207.8,3.709
grasp,RC107,RC,1,21,20,1238.3,12,13564,441,1,1207.8,2.525
grasp,RC107,RC,1,22,21,1237.2,12,19441,633,1,1207.8,2.434
grasp,RC107,RC,1,23,22,1247.2,12,10156,321,1,1207.8,3.262
grasp,RC107,RC,1,24,23,1263.2,12,9402,329,1,1207.8,4.587
grasp,RC107,RC,1,25,24,1221.5,12,16926,581,1,1207.8,1.134
grasp,RC107,RC,1,26,25,1258.3,12,7460,253,1,1207.8,4.181
grasp,RC107,RC,1,27,26,1246.4,12,19127,649,1,1207.8,3.196
grasp,RC107,RC,1,28,27,1234.7,12,8642,288,1,1207.8,2.227
grasp,RC107,RC,1,29,28,1261.7,13,8579,293,1,1207.8,4.463
grasp,RC107,RC,1,30,29,1254.3,13,14726,488,1,1207.8,3.850
i1,RC107,RC,1,1,0,1587.4,13,0,0,1,1207.8,31.429
rgrasp,RC107,RC,1,1,0,1235.5,12,16171,412,1,1207.8,2.293
rgrasp,RC107,RC,1,2,1,1270.9,12,14229,370,1,1207.8,5.224
rgrasp,RC107,RC,1,3,2,1264.4,12,20442,504,1,1207.8,4.686
rgrasp,RC107,RC,1,4,3,1250.3,12,12966,313,1,1207.8,3.519
rgrasp,RC107,RC,1,5,4,1257.8,13,25187,670,1,1207.8,4.140
rgrasp,RC107,RC,1,6,5,1222.3,12,12513,301,1,1207.8,1.201
rgrasp,RC107,RC,1,7,6,1259.1,12,37438,878,1,1207.8,4.247
rgrasp,RC107,RC,1,8,7,1260.0,12,10309,252,1,1207.8,4.322
rgrasp,RC107,RC,1,9,8,1255.9,12,27970,660,1,1207.8,3.982
rgrasp,RC107,RC,1,10,9,1258.9,12,17429,434,1,1207.8,4.231
rgrasp,RC107,RC,1,11,10,1242.9,12,18698,484,1,1207.8,2.906
rgrasp,RC107,RC,1,12,11,1222.0,12,49365,1255,1,1207.8,1.176
rgrasp,RC107,RC,1,13,12,1245.3,12,14737,370,1,1207.8,3.105
rgrasp,RC107,RC,1,14,13,1252.4,12,14297,362,1,1207.8,3.693
rgrasp,RC107,RC,1,15,14,1240.7,12,16559,426,1,1207.8,2.724
rgrasp,RC107,RC,1,16,15,1255.5,12,17282,422,1,1207.8,3.949
rgrasp,RC107,RC,1,17,16,1259.5,13,11199,270,1,1207.8,4.281
rgrasp,RC107,RC,1,18,17,1260.9,12,19571,485,1,1207.8,4.396
rgrasp,RC107,RC,1,19,18,1260.4,13,12633,316,1,1207.8,4.355
rgrasp,RC107,RC,1,20,19,1262.2,13,11262,284,1,1207.8,4.504
rgrasp,RC107,RC,1,21,20,1246.5,13,12851,320,1,1207.8,3.204
rgrasp,RC107,RC,1,22,21,1241.9,12,18595,485,1,1207.8,2.823
rgrasp,RC107,RC,1,23,22,1260.5,13,32312,775,1,1207.8,4.363
rgrasp,RC107,RC,1,24,23,1224.7,12,27282,709,1,1207.8,1.399
rgrasp,RC107,RC,1,25,24,1265.6,12,17130,432,1,1207.8,4.786
rgrasp,RC107,RC,1,26,25,1258.3,12,10505,253,1,1207.8,4.181
rgrasp,RC107,RC,1,27,26,1248.5,13,16283,405,1,1207.8,3.370
rgrasp,RC107,RC,1,28,27,1253.1,12,24664,646,1,1207.8,3.751
rgrasp,RC107,RC,1,29,28,1258.3,13,24145,626,1,1207.8,4.181
rgrasp,RC107,RC,1,30,29,1252.0,12,15161,379,1,1207.8,3.660
tabu,RC107,RC,1,1,0,1255.5,13,9054,1985,1,1207.8,3.949
vnd,RC107,RC,1,1,0,1330.3,13,43,0,1,1207.8,10.142
grasp,RC108,RC,1,1,0,1155.2,11,8536,260,1,1114.2,3.680
grasp,RC108,RC,1,2,1,1151.5,11,12747,393,1,1114.2,3.348
grasp,RC108,RC,1,3,2,1124.5,11,9819,304,1,1114.2,0.924
grasp,RC108,RC,1,4,3,1153.0,11,9517,303,1,1114.2,3.482
grasp,RC108,RC,1,5,4,1132.2,11,11077,328,1,1114.2,1.616
grasp,RC108,RC,1,6,5,1114.2,11,12206,385,1,1114.2,0.000
grasp,RC108,RC,1,7,6,1151.2,12,8231,264,1,1114.2,3.321
grasp,RC108,RC,1,8,7,1145.2,11,14018,426,1,1114.2,2.782
grasp,RC108,RC,1,9,8,1141.2,11,11761,361,1,1114.2,2.423
grasp,RC108,RC,1,10,9,1119.8,11,20727,646,1,1114.2,0.503
grasp,RC108,RC,1,11,10,1134.4,11,8492,257,1,1114.2,1.813
grasp,RC108,RC,1,12,11,1148.7,11,19336,584,1,1114.2,3.096
grasp,RC108,RC,1,13,12,1134.4,11,11913,384,1,1114.2,1.813
grasp,RC108,RC,1,14,13,1134.3,11,23585,709,1,1114.2,1.804
grasp,RC108,RC,1,15,14,1127.9,11,10923,346,1,1114.2,1.230
grasp,RC108,RC,1,16,15,1161.8,11,9893,317,1,1114.2,4.272
grasp,RC108,RC,1,17,16,1136.7,11,23116,721,1,1114.2,2.019
grasp,RC108,RC,1,18,17,1134.6,11,15086,483,1,1114.2,1.831
grasp,RC108,RC,1,19,18,1145.3,11,17810,566,1,1114.2,2.791
grasp,RC108,RC,1,20,19,1131.7,11,12242,378,1,1114.2,1.571
grasp,RC108,RC,1,21,20,1151.4,11,8919,266,1,1114.2,3.339
grasp,RC108,RC,1,22,21,1138.9,11,13818,417,1,1114.2,2.217
grasp,RC108,RC,1,23,22,1135.6,11,15222,480,1,1114.2,1.921
grasp,RC108,RC,1,24,23,1142.5,11,18321,545,1,1114.2,2.540
grasp,RC108,RC,1,25,24,1146.3,11,9376,298,1,1114.2,2.881
grasp,RC108,RC,1,26,25,1144.4,11,14363,446,1,1114.2,2.710
grasp,RC108,RC,1,27,26,1146.8,11,11922,371,1,1114.2,2.926
grasp,RC108,RC,1,28,27,1141.0,11,13863,435,1,1114.2,2.405
grasp,RC108,RC,1,29,28,1149.1,11,16577,496,1,1114.2,3.132
grasp,RC108,RC,1,30,29,1155.4,11,10695,342,1,1114.2,3.698
i1,RC108,RC,1,1,0,1368.2,11,0,0,1,1114.2,22.797
rgrasp,RC108,RC,1,1,0,1139.4,11,19593,466,1,1114.2,2.262
rgrasp,RC108,RC,1,2,1,1147.6,11,11344,263,1,1114.2,2.998
rgrasp,RC108,RC,1,3,2,1145.9,11,23608,557,1,1114.2,2.845
rgrasp,RC108,RC,1,4,3,1147.5,12,13263,297,1,1114.2,2.989
rgrasp,RC108,RC,1,5,4,1143.7,11,41352,1011,1,1114.2,2.648
rgrasp,RC108,RC,1,6,5,1136.5,11,15585,353,1,1114.2,2.001
rgrasp,RC108,RC,1,7,6,1151.4,11,17701,425,1,1114.2,3.339
rgrasp,RC108,RC,1,8,7,1140.2,11,35464,800,1,1114.2,2.334
rgrasp,RC108,RC,1,9,8,1144.0,11,14313,351,1,1114.2,2.675
rgrasp,RC108,RC,1,10,9,1145.9,11,16358,387,1,1114.2,2.845
rgrasp,RC108,RC,1,11,10,1155.0,11,20154,451,1,1114.2,3.662
rgrasp,RC108,RC,1,12,11,1140.2,11,28208,616,1,1114.2,2.334
rgrasp,RC108,RC,1,13,12,1160.4,12,16105,377,1,1114.2,4.146
rgrasp,RC108,RC,1,14,13,1137.8,11,30531,698,1,1114.2,2.118
rgrasp,RC108,RC,1,15,14,1144.0,11,36400,864,1,1114.2,2.675
rgrasp,RC108,RC,1,16,15,1144.0,11,22155,517,1,1114.2,2.675
rgrasp,RC108,RC,1,17,16,1150.5,11,13517,292,1,1114.2,3.258
rgrasp,RC108,RC,1,18,17,1144.5,11,13201,299,1,1114.2,2.719
rgrasp,RC108,RC,1,19,18,1151.0,11,16393,402,1,1114.2,3.303
rgrasp,RC108,RC,1,20,19,1156.6,11,13017,294,1,1114.2,3.805
rgrasp,RC108,RC,1,21,20,1144.5,11,17258,377,1,1114.2,2.719
rgrasp,RC108,RC,1,22,21,1151.1,11,24570,556,1,1114.2,3.312
rgrasp,RC108,RC,1,23,22,1130.1,11,34138,821,1,1114.2,1.427
rgrasp,RC108,RC,1,24,23,1129.8,11,16741,384,1,1114.2,1.400
rgrasp,RC108,RC,1,25,24,1140.8,11,12858,286,1,1114.2,2.387
rgrasp,RC108,RC,1,26,25,1119.8,11,19448,454,1,1114.2,0.503
rgrasp,RC108,RC,1,27,26,1149.6,11,12807,299,1,1114.2,3.177
rgrasp,RC108,RC,1,28,27,1140.0,11,14693,315,1,1114.2,2.316
rgrasp,RC108,RC,1,29,28,1140.8,11,14477,319,1,1114.2,2.387
rgrasp,RC108,RC,1,30,29,1137.4,11,25587,612,1,1114.2,2.082
tabu,RC108,RC,1,1,0,1143.3,11,21201,4502,1,1114.2,2.612
vnd,RC108,RC,1,1,0,1183.3,11,44,0,1,1114.2,6.202
grasp,RC201,RC,2,1,0,1379.5,5,24864,558,1,1261.8,9.328
grasp,RC201,RC,2,2,1,1392.3,5,23657,551,1,1261.8,10.342
grasp,RC201,RC,2,3,2,1382.6,5,21993,478,1,1261.8,9.574
grasp,RC201,RC,2,4,3,1387.6,5,30576,684,1,1261.8,9.970
grasp,RC201,RC,2,5,4,1390.6,5,27872,631,1,1261.8,10.208
grasp,RC201,RC,2,6,5,1367.0,5,12721,279,1,1261.8,8.337
grasp,RC201,RC,2,7,6,1400.3,5,19658,440,1,1261.8,10.976
grasp,RC201,RC,2,8,7,1381.9,5,15979,370,1,1261.8,9.518
grasp,RC201,RC,2,9,8,1395.3,5,14647,348,1,1261.8,10.580
grasp,RC201,RC,2,10,9,1300.3,6,16659,379,1,1261.8,3.051
grasp,RC201,RC,2,11,10,1390.8,5,14448,333,1,1261.8,10.223
grasp,RC201,RC,2,12,11,1395.8,5,16774,379,1,1261.8,10.620
grasp,RC201,RC,2,13,12,1316.7,6,15089,338,1,1261.8,4.351
grasp,RC201,RC,2,14,13,1387.7,5,24152,545,1,1261.8,9.978
grasp,RC201,RC,2,15,14,1389.6,5,21340,481,1,1261.8,10.128
grasp,RC201,RC,2,16,15,1370.6,5,13505,319,1,1261.8,8.623
grasp,RC201,RC,2,17,16,1402.7,5,13482,306,1,1261.8,11.167
grasp,RC201,RC,2,18,17,1366.5,5,18003,407,1,1261.8,8.298
grasp,RC201,RC,2,19,18,1404.4,5,11182,256,1,1261.8,11.301
grasp,RC201,RC,2,20,19,1384.9,5,21399,491,1,1261.8,9.756
grasp,RC201,RC,2,21,20,1382.1,5,20502,471,1,1261.8,9.534
grasp,RC201,RC,2,22,21,1377.3,6,15903,360,1,1261.8,9.154
grasp,RC201,RC,2,23,22,1356.9,5,30152,671,1,1261.8,7.537
grasp,RC201,RC,2,24,23,1393.7,5,20116,457,1,1261.8,10.453
grasp,RC201,RC,2,25,24,1387.5,6,22601,505,1,1261.8,9.962
grasp,RC201,RC,2,26,25,1376.7,5,14176,322,1,1261.8,9.106
grasp,RC201,RC,2,27,26,1392.2,5,20362,455,1,1261.8,10.334
grasp,RC201,RC,2,28,27,1368.8,5,15784,358,1,1261.8,8.480
grasp,RC201,RC,2,29,28,1384.9,5,22477,513,1,1261.8,9.756
grasp,RC201,RC,2,30,29,1355.7,5,22533,520,1,1261.8,7.442
i1,RC201,RC,2,1,0,2025.4,5,0,0,1,1261.8,60.517
rgrasp,RC201,RC,2,1,0,1404.4,5,14074,289,1,1261.8,11.301
rgrasp,RC201,RC,2,2,1,1354.3,5,27450,575,1,1261.8,7.331
rgrasp,RC201,RC,2,3,2,1359.8,6,36394,746,1,1261.8,7.767
rgrasp,RC201,RC,2,4,3,1373.1,6,13078,270,1,1261.8,8.821
rgrasp,RC201,RC,2,5,4,1378.6,6,15955,326,1,1261.8,9.257
rgrasp,RC201,RC,2,6,5,1359.7,6,17100,362,1,1261.8,7.759
rgrasp,RC201,RC,2,7,6,1391.4,5,16324,341,1,1261.8,10.271
rgrasp,RC201,RC,2,8,7,1333.6,6,14991,317,1,1261.8,5.690
rgrasp,RC201,RC,2,9,8,1373.0,6,15378,311,1,1261.8,8.813
rgrasp,RC201,RC,2,10,9,1355.1,5,29749,628,1,1261.8,7.394
rgrasp,RC201,RC,2,11,10,1376.4,6,25784,532,1,1261.8,9.082
rgrasp,RC201,RC,2,12,11,1393.0,6,13968,296,1,1261.8,10.398
rgrasp,RC201,RC,2,13,12,1369.1,5,25184,519,1,1261.8,8.504
rgrasp,RC201,RC,2,14,13,1374.5,6,22403,468,1,1261.8,8.932
rgrasp,RC201,RC,2,15,14,1374.8,5,24191,505,1,1261.8,8.955
rgrasp,RC201,RC,2,16,15,1366.2,5,28096,602,1,1261.8,8.274
rgrasp,RC201,RC,2,17,16,1367.5,6,19452,404,1,1261.8,8.377
rgrasp,RC201,RC,2,18,17,1369.2,6,12539,268,1,1261.8,8.512
rgrasp,RC201,RC,2,19,18,1361.7,6,21740,451,1,1261.8,7.917
rgrasp,RC201,RC,2,20,19,1366.9,6,23328,480,1,1261.8,8.329
rgrasp,RC201,RC,2,21,20,1401.8,5,14043,304,1,1261.8,11.095
rgrasp,RC201,RC,2,22,21,1354.0,6,15307,316,1,1261.8,7.307
rgrasp,RC201,RC,2,23,22,1355.3,6,26060,562,1,1261.8,7.410
rgrasp,RC201,RC,2,24,23,1359.8,5,35538,742,1,1261.8,7.767
rgrasp,RC201,RC,2,25,24,1343.5,6,21325,440,1,1261.8,6.475
rgrasp,RC201,RC,2,26,25,1389.6,5,14925,310,1,1261.8,10.128
rgrasp,RC201,RC,2,27,26,1329.9,6,17536,362,1,1261.8,5.397
rgrasp,RC201,RC,2,28,27,1369.7,6,13581,276,1,1261.8,8.551
rgrasp,RC201,RC,2,29,28,1367.5,5,15055,312,1,1261.8,8.377
rgrasp,RC201,RC,2,30,29,1397.6,6,15246,319,1,1261.8,10.762
tabu,RC201,RC,2,1,0,1505.1,5,9658,1513,1,1261.8,19.282
vnd,RC201,RC,2,1,0,1541.1,5,37,0,1,1261.8,22.135
grasp,RC202,RC,2,1,0,1170.5,5,15077,296,1,1092.3,7.159
grasp,RC202,RC,2,2,1,1182.9,5,20787,397,1,1092.3,8.294
grasp,RC202,RC,2,3,2,1220.6,5,14366,282,1,1092.3,11.746
grasp,RC202,RC,2,4,3,1220.4,5,16911,332,1,1092.3,11.728
grasp,RC202,RC,2,5,4,1144.1,5,25425,511,1,1092.3,4.742
grasp,RC202,RC,2,6,5,1183.1,5,16772,319,1,1092.3,8.313
grasp,RC202,RC,2,7,6,1193.2,5,19654,395,1,1092.3,9.237
grasp,RC202,RC,2,8,7,1170.0,5,16701,337,1,1092.3,7.113
grasp,RC202,RC,2,9,8,1180.7,5,32805,621,1,1092.3,8.093
grasp,RC202,RC,2,10,9,1212.0,5,23141,462,1,1092.3,10.959
grasp,RC202,RC,2,11,10,1196.6,5,42338,752,1,1092.3,9.549
grasp,RC202,RC,2,12,11,1192.1,5,25196,479,1,1092.3,9.137
grasp,RC202,RC,2,13,12,1222.2,5,18585,351,1,1092.3,11.892
grasp,RC202,RC,2,14,13,1185.9,5,23923,459,1,1092.3,8.569
grasp,RC202,RC,2,15,14,1185.9,5,16760,332,1,1092.3,8.569
grasp,RC202,RC,2,16,15,1193.6,5,22769,431,1,1092.3,9.274
grasp,RC202,RC,2,17,16,1144.1,5,15230,304,1,1092.3,4.742
grasp,RC202,RC,2,18,17,1204.7,5,23981,449,1,1092.3,10.290
grasp,RC202,RC,2,19,18,1191.8,5,29359,566,1,1092.3,9.109
grasp,RC202,RC,2,20,19,1196.2,5,16786,334,1,1092.3,9.512
grasp,RC202,RC,2,21,20,1164.1,5,32122,623,1,1092.3,6.573
grasp,RC202,RC,2,22,21,1218.3,5,19975,384,1,1092.3,11.535
grasp,RC202,RC,2,23,22,1197.1,5,31316,603,1,1092.3,9.594
grasp,RC202,RC,2,24,23,1231.4,5,16545,324,1,1092.3,12.735
grasp,RC202,RC,2,25,24,1198.4,5,26547,535,1,1092.3,9.713
grasp,RC202,RC,2,26,25,1192.1,5,33923,686,1,1092.3,9.137
grasp,RC202,RC,2,27,26,1191.4,5,30740,590,1,1092.3,9.073
grasp,RC202,RC,2,28,27,1229.4,5,14386,293,1,1092.3,12.551
grasp,RC202,RC,2,29,28,1207.7,5,25867,497,1,1092.3,10.565
grasp,RC202,RC,2,30,29,1190.7,5,13721,275,1,1092.3,9.009
i1,RC202,RC,2,1,0,1783.8,4,0,0,1,1092.3,63.307
rgrasp,RC202,RC,2,1,0,1188.7,5,24112,425,1,1092.3,8.825
rgrasp,RC202,RC,2,2,1,1200.6,5,27095,493,1,1092.3,9.915
rgrasp,RC202,RC,2,3,2,1203.4,5,27952,488,1,1092.3,10.171
rgrasp,RC202,RC,2,4,3,1206.1,5,16151,286,1,1092.3,10.418
rgrasp,RC202,RC,2,5,4,1193.5,5,14681,267,1,1092.3,9.265
rgrasp,RC202,RC,2,6,5,1168.9,5,57758,1027,1,1092.3,7.013
rgrasp,RC202,RC,2,7,6,1183.2,5,17797,322,1,1092.3,8.322
rgrasp,RC202,RC,2,8,7,1200.2,5,15423,275,1,1092.3,9.878
rgrasp,RC202,RC,2,9,8,1204.2,5,17880,308,1,1092.3,10.244
rgrasp,RC202,RC,2,10,9,1151.0,5,43745,797,1,1092.3,5.374
rgrasp,RC202,RC,2,11,10,1179.1,5,25400,450,1,1092.3,7.947
rgrasp,RC202,RC,2,12,11,1180.9,5,24005,420,1,1092.3,8.111
rgrasp,RC202,RC,2,13,12,1177.1,5,22189,414,1,1092.3,7.763
rgrasp,RC202,RC,2,14,13,1177.4,5,20217,350,1,1092.3,7.791
rgrasp,RC202,RC,2,15,14,1176.9,5,14480,253,1,1092.3,7.745
rgrasp,RC202,RC,2,16,15,1174.2,5,25910,475,1,1092.3,7.498
rgrasp,RC202,RC,2,17,16,1201.3,5,19786,345,1,1092.3,9.979
rgrasp,RC202,RC,2,18,17,1209.4,5,14130,251,1,1092.3,10.720
rgrasp,RC202,RC,2,19,18,1192.8,5,18623,326,1,1092.3,9.201
rgrasp,RC202,RC,2,20,19,1184.6,5,21468,380,1,1092.3,8.450
rgrasp,RC202,RC,2,21,20,1202.1,5,22166,385,1,1092.3,10.052
rgrasp,RC202,RC,2,22,21,1194.8,5,28872,506,1,1092.3,9.384
rgrasp,RC202,RC,2,23,22,1174.7,5,31634,590,1,1092.3,7.544
rgrasp,RC202,RC,2,24,23,1190.5,5,33192,578,1,1092.3,8.990
rgrasp,RC202,RC,2,25,24,1213.9,5,17783,312,1,1092.3,11.132
rgrasp,RC202,RC,2,26,25,1171.3,5,24669,439,1,1092.3,7.232
rgrasp,RC202,RC,2,27,26,1202.1,5,14362,251,1,1092.3,10.052
rgrasp,RC202,RC,2,28,27,1184.4,5,19206,351,1,1092.3,8.432
rgrasp,RC202,RC,2,29,28,1187.8,5,25165,450,1,1092.3,8.743
rgrasp,RC202,RC,2,30,29,1196.4,5,19088,344,1,1092.3,9.530
tabu,RC202,RC,2,1,0,1223.7,4,10333,1467,1,1092.3,12.030
vnd,RC202,RC,2,1,0,1405.3,4,37,0,1,1092.3,28.655
grasp,RC203,RC,2,1,0,1027.2,4,21689,338,1,923.7,11.205
grasp,RC203,RC,2,2,1,1047.5,4,15987,257,1,923.7,13.403
grasp,RC203,RC,2,3,2,991.0,4,24288,371,1,923.7,7.286
grasp,RC203,RC,2,4,3,1016.4,4,17595,282,1,923.7,10.036
grasp,RC203,RC,2,5,4,1012.6,4,28305,438,1,923.7,9.624
grasp,RC203,RC,2,6,5,1027.5,4,43205,674,1,923.7,11.237
grasp,RC203,RC,2,7,6,1030.8,4,18646,303,1,923.7,11.595
grasp,RC203,RC,2,8,7,1003.8,4,31602,482,1,923.7,8.672
grasp,RC203,RC,2,9,8,999.3,4,30719,474,1,923.7,8.184
grasp,RC203,RC,2,10,9,982.4,4,30415,497,1,923.7,6.355
grasp,RC203,RC,2,11,10,976.1,4,27171,422,1,923.7,5.673
grasp,RC203,RC,2,12,11,998.8,4,32022,498,1,923.7,8.130
grasp,RC203,RC,2,13,12,1028.5,4,26635,444,1,923.7,11.346
grasp,RC203,RC,2,14,13,1019.9,4,21968,358,1,923.7,10.415
grasp,RC203,RC,2,15,14,1020.3,4,16254,278,1,923.7,10.458
grasp,RC203,RC,2,16,15,983.0,4,27367,445,1,923.7,6.420
grasp,RC203,RC,2,17,16,1020.7,4,34140,532,1,923.7,10.501
grasp,RC203,RC,2,18,17,1033.8,4,27502,454,1,923.7,11.919
grasp,RC203,RC,2,19,18,1017.0,4,23403,370,1,923.7,10.101
grasp,RC203,RC,2,20,19,1008.5,4,35782,555,1,923.7,9.180
grasp,RC203,RC,2,21,20,1014.3,4,18065,301,1,923.7,9.808
grasp,RC203,RC,2,22,21,1038.6,4,31462,492,1,923.7,12.439
grasp,RC203,RC,2,23,22,1021.7,4,29282,450,1,923.7,10.610
grasp,RC203,RC,2,24,23,1044.5,4,16159,258,1,923.7,13.078
grasp,RC203,RC,2,25,24,1002.5,4,17670,275,1,923.7,8.531
grasp,RC203,RC,2,26,25,1037.2,4,19471,321,1,923.7,12.288
grasp,RC203,RC,2,27,26,1025.4,4,31201,512,1,923.7,11.010
grasp,RC203,RC,2,28,27,1014.8,4,25627,405,1,923.7,9.863
grasp,RC203,RC,2,29,28,1018.6,4,28099,440,1,923.7,10.274
grasp,RC203,RC,2,30,29,1002.0,4,26326,432,1,923.7,8.477
i1,RC203,RC,2,1,0,1528.8,4,0,0,1,923.7,65.508
rgrasp,RC203,RC,2,1,0,961.7,5,31713,446,1,923.7,4.114
rgrasp,RC203,RC,2,2,1,972.9,5,25293,385,1,923.7,5.326
rgrasp,RC203,RC,2,3,2,1019.0,4,18984,287,1,923.7,10.317
rgrasp,RC203,RC,2,4,3,981.5,4,38721,545,1,923.7,6.257
rgrasp,RC203,RC,2,5,4,979.6,4,28531,410,1,923.7,6.052
rgrasp,RC203,RC,2,6,5,1012.2,4,21995,306,1,923.7,9.581
rgrasp,RC203,RC,2,7,6,990.0,4,47173,671,1,923.7,7.178
rgrasp,RC203,RC,2,8,7,993.9,4,31679,446,1,923.7,7.600
rgrasp,RC203,RC,2,9,8,990.5,5,46462,646,1,923.7,7.232
rgrasp,RC203,RC,2,10,9,1027.4,4,21668,308,1,923.7,11.227
rgrasp,RC203,RC,2,11,10,983.2,4,27074,408,1,923.7,6.441
rgrasp,RC203,RC,2,12,11,990.9,4,17370,256,1,923.7,7.275
rgrasp,RC203,RC,2,13,12,1009.8,4,44808,671,1,923.7,9.321
rgrasp,RC203,RC,2,14,13,1000.1,4,44967,633,1,923.7,8.271
rgrasp,RC203,RC,2,15,14,990.4,4,20873,311,1,923.7,7.221
rgrasp,RC203,RC,2,16,15,994.1,4,31039,466,1,923.7,7.622
rgrasp,RC203,RC,2,17,16,1001.9,4,19231,266,1,923.7,8.466
rgrasp,RC203,RC,2,18,17,1002.4,4,32774,459,1,923.7,8.520
rgrasp,RC203,RC,2,19,18,1011.4,4,28237,398,1,923.7,9.494
rgrasp,RC203,RC,2,20,19,1020.8,4,23148,337,1,923.7,10.512
rgrasp,RC203,RC,2,21,20,1000.8,4,22152,311,1,923.7,8.347
rgrasp,RC203,RC,2,22,21,998.9,4,49327,707,1,923.7,8.141
rgrasp,RC203,RC,2,23,22,1006.8,4,33533,482,1,923.7,8.996
rgrasp,RC203,RC,2,24,23,987.5,5,40937,608,1,923.7,6.907
rgrasp,RC203,RC,2,25,24,994.4,4,19991,291,1,923.7,7.654
rgrasp,RC203,RC,2,26,25,1011.2,5,26212,383,1,923.7,9.473
rgrasp,RC203,RC,2,27,26,1014.7,4,23762,339,1,923.7,9.852
rgrasp,RC203,RC,2,28,27,977.2,4,32372,448,1,923.7,5.792
rgrasp,RC203,RC,2,29,28,980.9,5,41715,597,1,923.7,6.192
rgrasp,RC203,RC,2,30,29,976.6,4,34569,518,1,923.7,5.727
tabu,RC203,RC,2,1,0,1016.9,4,11088,1502,1,923.7,10.090
vnd,RC203,RC,2,1,0,1119.5,4,63,0,1,923.7,21.197
grasp,RC204,RC,2,1,0,799.5,4,23925,340,1,783.5,2.042
grasp,RC204,RC,2,2,1,802.7,4,30008,434,1,783.5,2.451
grasp,RC204,RC,2,3,2,801.8,4,34491,507,1,783.5,2.336
grasp,RC204,RC,2,4,3,799.3,4,32375,481,1,783.5,2.017
grasp,RC204,RC,2,5,4,798.8,4,50536,787,1,783.5,1.953
grasp,RC204,RC,2,6,5,799.4,4,25913,366,1,783.5,2.029
grasp,RC204,RC,2,7,6,798.8,4,28382,415,1,783.5,1.953
grasp,RC204,RC,2,8,7,800.6,4,36324,527,1,783.5,2.183
grasp,RC204,RC,2,9,8,803.6,4,43362,661,1,783.5,2.565
grasp,RC204,RC,2,10,9,817.7,4,22006,308,1,783.5,4.365
grasp,RC204,RC,2,11,10,817.7,4,18271,267,1,783.5,4.365
grasp,RC204,RC,2,12,11,799.8,4,22892,326,1,783.5,2.080
grasp,RC204,RC,2,13,12,805.1,4,25628,371,1,783.5,2.757
grasp,RC204,RC,2,14,13,798.2,4,24506,351,1,783.5,1.876
grasp,RC204,RC,2,15,14,798.3,4,36144,556,1,783.5,1.889
grasp,RC204,RC,2,16,15,799.4,4,41519,589,1,783.5,2.029
grasp,RC204,RC,2,17,16,806.7,4,33752,479,1,783.5,2.961
grasp,RC204,RC,2,18,17,801.3,4,42142,590,1,783.5,2.272
grasp,RC204,RC,2,19,18,807.5,4,25325,356,1,783.5,3.063
grasp,RC204,RC,2,20,19,799.8,4,45826,695,1,783.5,2.080
grasp,RC204,RC,2,21,20,799.3,4,32025,455,1,783.5,2.017
grasp,RC204,RC,2,22,21,798.3,4,25782,372,1,783.5,1.889
grasp,RC204,RC,2,23,22,807.9,4,32068,461,1,783.5,3.114
grasp,RC204,RC,2,24,23,799.3,4,20711,293,1,783.5,2.017
grasp,RC204,RC,2,25,24,798.9,4,23798,354,1,783.5,1.966
grasp,RC204,RC,2,26,25,798.2,4,27344,416,1,783.5,1.876
grasp,RC204,RC,2,27,26,817.2,4,19114,279,1,783.5,4.301
grasp,RC204,RC,2,28,27,799.2,4,19661,297,1,783.5,2.004
grasp,RC204,RC,2,29,28,807.6,4,27970,427,1,783.5,3.076
grasp,RC204,RC,2,30,29,807.6,4,20363,310,1,783.5,3.076
i1,RC204,RC,2,1,0,1254.4,4,0,0,1,783.5,60.102
rgrasp,RC204,RC,2,1,0,822.0,4,19519,254,1,783.5,4.914
rgrasp,RC204,RC,2,2,1,826.6,4,23400,302,1,783.5,5.501
rgrasp,RC204,RC,2,3,2,803.7,4,18668,253,1,783.5,2.578
rgrasp,RC204,RC,2,4,3,807.7,4,43350,566,1,783.5,3.089
rgrasp,RC204,RC,2,5,4,820.8,4,30393,392,1,783.5,4.761
rgrasp,RC204,RC,2,6,5,806.5,4,18395,253,1,783.5,2.936
rgrasp,RC204,RC,2,7,6,800.3,4,21450,279,1,783.5,2.144
rgrasp,RC204,RC,2,8,7,805.1,4,34988,456,1,783.5,2.757
rgrasp,RC204,RC,2,9,8,799.8,4,23040,317,1,783.5,2.080
rgrasp,RC204,RC,2,10,9,826.2,4,27670,394,1,783.5,5.450
rgrasp,RC204,RC,2,11,10,823.9,4,37603,491,1,783.5,5.156
rgrasp,RC204,RC,2,12,11,810.9,4,45259,594,1,783.5,3.497
rgrasp,RC204,RC,2,13,12,799.5,4,21882,302,1,783.5,2.042
rgrasp,RC204,RC,2,14,13,814.6,4,30512,411,1,783.5,3.969
rgrasp,RC204,RC,2,15,14,820.8,4,21256,299,1,783.5,4.761
rgrasp,RC204,RC,2,16,15,812.1,4,37281,481,1,783.5,3.650
rgrasp,RC204,RC,2,17,16,814.1,4,25911,368,1,783.5,3.906
rgrasp,RC204,RC,2,18,17,840.2,4,21512,295,1,783.5,7.237
rgrasp,RC204,RC,2,19,18,822.0,4,26443,351,1,783.5,4.914
rgrasp,RC204,RC,2,20,19,806.9,4,25631,346,1,783.5,2.987
rgrasp,RC204,RC,2,21,20,799.3,4,42664,587,1,783.5,2.017
rgrasp,RC204,RC,2,22,21,820.3,4,28459,401,1,783.5,4.697
rgrasp,RC204,RC,2,23,22,800.4,4,60076,779,1,783.5,2.157
rgrasp,RC204,RC,2,24,23,809.6,4,33232,437,1,783.5,3.331
rgrasp,RC204,RC,2,25,24,799.6,4,33812,441,1,783.5,2.055
rgrasp,RC204,RC,2,26,25,799.0,4,53424,728,1,783.5,1.978
rgrasp,RC204,RC,2,27,26,798.2,4,36985,520,1,783.5,1.876
rgrasp,RC204,RC,2,28,27,817.0,4,21674,277,1,783.5,4.276
rgrasp,RC204,RC,2,29,28,815.2,4,29199,386,1,783.5,4.046
rgrasp,RC204,RC,2,30,29,820.8,4,30631,414,1,783.5,4.761
tabu,RC204,RC,2,1,0,825.7,4,28367,3738,1,783.5,5.386
vnd,RC204,RC,2,1,0,913.1,4,55,0,1,783.5,16.541
grasp,RC205,RC,2,1,0,1260.4,6,12486,261,1,1154.0,9.220
grasp,RC205,RC,2,2,1,1282.2,6,33348,720,1,1154.0,11.109
grasp,RC205,RC,2,3,2,1230.0,6,33984,739,1,1154.0,6.586
grasp,RC205,RC,2,4,3,1287.2,6,12202,265,1,1154.0,11.542
grasp,RC205,RC,2,5,4,1290.6,5,14991,314,1,1154.0,11.837
grasp,RC205,RC,2,6,5,1279.9,6,21490,467,1,1154.0,10.910
grasp,RC205,RC,2,7,6,1255.8,6,15197,321,1,1154.0,8.821
grasp,RC205,RC,2,8,7,1268.0,6,22538,481,1,1154.0,9.879
grasp,RC205,RC,2,9,8,1263.6,6,18722,395,1,1154.0,9.497
grasp,RC205,RC,2,10,9,1267.1,6,35938,790,1,1154.0,9.801
grasp,RC205,RC,2,11,10,1248.0,6,35430,762,1,1154.0,8.146
grasp,RC205,RC,2,12,11,1285.6,6,14113,307,1,1154.0,11.404
grasp,RC205,RC,2,13,12,1273.7,5,17881,383,1,1154.0,10.373
grasp,RC205,RC,2,14,13,1269.2,6,26405,572,1,1154.0,9.983
grasp,RC205,RC,2,15,14,1284.8,5,13402,296,1,1154.0,11.334
grasp,RC205,RC,2,16,15,1253.5,6,16479,365,1,1154.0,8.622
grasp,RC205,RC,2,17,16,1235.4,6,24525,516,1,1154.0,7.054
grasp,RC205,RC,2,18,17,1264.2,6,14263,303,1,1154.0,9.549
grasp,RC205,RC,2,19,18,1291.0,6,16853,365,1,1154.0,11.872
grasp,RC205,RC,2,20,19,1235.9,6,21888,476,1,1154.0,7.097
grasp,RC205,RC,2,21,20,1253.1,6,29609,628,1,1154.0,8.588
grasp,RC205,RC,2,22,21,1247.6,6,16242,356,1,1154.0,8.111
grasp,RC205,RC,2,23,22,1270.3,5,24110,522,1,1154.0,10.078
grasp,RC205,RC,2,24,23,1295.6,5,12893,280,1,1154.0,12.270
grasp,RC205,RC,2,25,24,1261.0,6,21054,452,1,1154.0,9.272
grasp,RC205,RC,2,26,25,1293.3,6,14182,309,1,1154.0,12.071
grasp,RC205,RC,2,27,26,1284.9,5,12364,266,1,1154.0,11.343
grasp,RC205,RC,2,28,27,1241.1,6,41400,892,1,1154.0,7.548
grasp,RC205,RC,2,29,28,1264.7,5,23857,536,1,1154.0,9.593
grasp,RC205,RC,2,30,29,1299.3,5,16647,360,1,1154.0,12.591
i1,RC205,RC,2,1,0,2179.4,5,0,0,1,1154.0,88.856
rgrasp,RC205,RC,2,1,0,1236.8,6,28738,565,1,1154.0,7.175
rgrasp,RC205,RC,2,2,1,1244.0,6,30458,588,1,1154.0,7.799
rgrasp,RC205,RC,2,3,2,1256.4,6,17633,340,1,1154.0,8.873
rgrasp,RC205,RC,2,4,3,1238.6,6,34972,671,1,1154.0,7.331
rgrasp,RC205,RC,2,5,4,1247.1,6,12752,255,1,1154.0,8.068
rgrasp,RC205,RC,2,6,5,1262.6,6,16300,318,1,1154.0,9.411
rgrasp,RC205,RC,2,7,6,1276.1,6,22759,437,1,1154.0,10.581
rgrasp,RC205,RC,2,8,7,1255.3,6,30214,593,1,1154.0,8.778
rgrasp,RC205,RC,2,9,8,1248.2,6,20604,411,1,1154.0,8.163
rgrasp,RC205,RC,2,10,9,1286.6,5,15300,301,1,1154.0,11.490
rgrasp,RC205,RC,2,11,10,1259.6,6,28924,555,1,1154.0,9.151
rgrasp,RC205,RC,2,12,11,1284.2,5,24933,485,1,1154.0,11.282
rgrasp,RC205,RC,2,13,12,1251.0,6,16162,313,1,1154.0,8.406
rgrasp,RC205,RC,2,14,13,1258.6,6,14995,293,1,1154.0,9.064
rgrasp,RC205,RC,2,15,14,1266.9,7,32946,654,1,1154.0,9.783
rgrasp,RC205,RC,2,16,15,1246.6,6,26279,502,1,1154.0,8.024
rgrasp,RC205,RC,2,17,16,1252.1,6,19891,386,1,1154.0,8.501
rgrasp,RC205,RC,2,18,17,1264.7,6,17744,338,1,1154.0,9.593
rgrasp,RC205,RC,2,19,18,1287.2,6,17855,359,1,1154.0,11.542
rgrasp,RC205,RC,2,20,19,1259.4,6,13233,257,1,1154.0,9.133
rgrasp,RC205,RC,2,21,20,1252.1,6,21955,423,1,1154.0,8.501
rgrasp,RC205,RC,2,22,21,1272.7,6,14182,281,1,1154.0,10.286
rgrasp,RC205,RC,2,23,22,1261.0,6,26692,519,1,1154.0,9.272
rgrasp,RC205,RC,2,24,23,1240.6,6,15311,292,1,1154.0,7.504
rgrasp,RC205,RC,2,25,24,1242.8,6,14633,283,1,1154.0,7.695
rgrasp,RC205,RC,2,26,25,1269.6,6,25742,493,1,1154.0,10.017
rgrasp,RC205,RC,2,27,26,1259.4,6,22451,433,1,1154.0,9.133
rgrasp,RC205,RC,2,28,27,1238.0,6,20293,382,1,1154.0,7.279
rgrasp,RC205,RC,2,29,28,1254.5,6,24343,467,1,1154.0,8.709
rgrasp,RC205,RC,2,30,29,1283.1,6,17780,343,1,1154.0,11.187
tabu,RC205,RC,2,1,0,1327.7,5,9160,1448,1,1154.0,15.052
vnd,RC205,RC,2,1,0,1412.9,5,65,0,1,1154.0,22.435
grasp,RC206,RC,2,1,0,1114.0,4,35524,637,1,1051.1,5.984
grasp,RC206,RC,2,2,1,1112.0,4,17669,340,1,1051.1,5.794
grasp,RC206,RC,2,3,2,1115.8,4,15448,283,1,1051.1,6.155
grasp,RC206,RC,2,4,3,1117.1,4,15096,290,1,1051.1,6.279
grasp,RC206,RC,2,5,4,1116.8,4,22163,422,1,1051.1,6.251
grasp,RC206,RC,2,6,5,1106.1,4,17301,314,1,1051.1,5.233
grasp,RC206,RC,2,7,6,1113.1,4,16511,306,1,1051.1,5.899
grasp,RC206,RC,2,8,7,1104.3,4,19535,354,1,1051.1,5.061
grasp,RC206,RC,2,9,8,1106.4,4,29387,530,1,1051.1,5.261
grasp,RC206,RC,2,10,9,1118.1,4,26264,488,1,1051.1,6.374
grasp,RC206,RC,2,11,10,1116.8,4,14061,259,1,1051.1,6.251
grasp,RC206,RC,2,12,11,1116.5,5,23351,419,1,1051.1,6.222
grasp,RC206,RC,2,13,12,1106.4,4,14758,277,1,1051.1,5.261
grasp,RC206,RC,2,14,13,1119.6,4,15647,304,1,1051.1,6.517
grasp,RC206,RC,2,15,14,1104.3,4,36577,673,1,1051.1,5.061
grasp,RC206,RC,2,16,15,1124.0,4,14894,290,1,1051.1,6.936
grasp,RC206,RC,2,17,16,1100.9,4,15868,305,1,1051.1,4.738
grasp,RC206,RC,2,18,17,1104.3,4,26603,495,1,1051.1,5.061
grasp,RC206,RC,2,19,18,1101.4,4,24451,475,1,1051.1,4.785
grasp,RC206,RC,2,20,19,1114.1,4,38137,685,1,1051.1,5.994
grasp,RC206,RC,2,21,20,1097.8,4,19617,354,1,1051.1,4.443
grasp,RC206,RC,2,22,21,1126.4,4,20272,388,1,1051.1,7.164
grasp,RC206,RC,2,23,22,1122.7,4,13826,253,1,1051.1,6.812
grasp,RC206,RC,2,24,23,1107.0,4,16239,298,1,1051.1,5.318
grasp,RC206,RC,2,25,24,1102.6,4,16365,309,1,1051.1,4.900
grasp,RC206,RC,2,26,25,1106.6,4,20495,387,1,1051.1,5.280
grasp,RC206,RC,2,27,26,1092.3,5,16733,321,1,1051.1,3.920
grasp,RC206,RC,2,28,27,1090.4,4,24079,441,1,1051.1,3.739
grasp,RC206,RC,2,29,28,1110.8,5,31168,568,1,1051.1,5.680
grasp,RC206,RC,2,30,29,1113.2,4,24123,442,1,1051.1,5.908
i1,RC206,RC,2,1,0,1743.1,4,0,0,1,1051.1,65.836
rgrasp,RC206,RC,2,1,0,1118.2,5,37813,643,1,1051.1,6.384
rgrasp,RC206,RC,2,2,1,1113.2,4,43285,767,1,1051.1,5.908
rgrasp,RC206,RC,2,3,2,1103.2,5,14946,259,1,1051.1,4.957
rgrasp,RC206,RC,2,4,3,1091.1,5,32859,565,1,1051.1,3.806
rgrasp,RC206,RC,2,5,4,1123.4,5,14924,260,1,1051.1,6.879
rgrasp,RC206,RC,2,6,5,1105.5,4,17239,295,1,1051.1,5.176
rgrasp,RC206,RC,2,7,6,1123.4,4,19409,321,1,1051.1,6.879
rgrasp,RC206,RC,2,8,7,1121.1,4,17288,310,1,1051.1,6.660
rgrasp,RC206,RC,2,9,8,1116.8,4,18825,328,1,1051.1,6.251
rgrasp,RC206,RC,2,10,9,1097.0,4,15388,276,1,1051.1,4.367
rgrasp,RC206,RC,2,11,10,1105.6,4,44398,746,1,1051.1,5.185
rgrasp,RC206,RC,2,12,11,1115.4,4,26127,443,1,1051.1,6.117
rgrasp,RC206,RC,2,13,12,1118.1,4,17214,304,1,1051.1,6.374
rgrasp,RC206,RC,2,14,13,1096.2,4,23995,424,1,1051.1,4.291
rgrasp,RC206,RC,2,15,14,1094.6,4,18386,316,1,1051.1,4.139
rgrasp,RC206,RC,2,16,15,1125.4,5,15614,266,1,1051.1,7.069
rgrasp,RC206,RC,2,17,16,1104.3,4,34584,608,1,1051.1,5.061
rgrasp,RC206,RC,2,18,17,1110.9,4,15266,253,1,1051.1,5.689
rgrasp,RC206,RC,2,19,18,1115.2,5,42791,734,1,1051.1,6.098
rgrasp,RC206,RC,2,20,19,1086.5,5,27734,479,1,1051.1,3.368
rgrasp,RC206,RC,2,21,20,1104.8,5,17360,295,1,1051.1,5.109
rgrasp,RC206,RC,2,22,21,1114.8,4,21693,369,1,1051.1,6.060
rgrasp,RC206,RC,2,23,22,1107.1,4,22701,402,1,1051.1,5.328
rgrasp,RC206,RC,2,24,23,1116.8,4,40234,685,1,1051.1,6.251
rgrasp,RC206,RC,2,25,24,1090.4,5,29280,495,1,1051.1,3.739
rgrasp,RC206,RC,2,26,25,1117.6,4,30451,550,1,1051.1,6.327
rgrasp,RC206,RC,2,27,26,1131.0,4,24202,414,1,1051.1,7.602
rgrasp,RC206,RC,2,28,27,1132.0,4,18142,320,1,1051.1,7.697
rgrasp,RC206,RC,2,29,28,1115.8,4,22581,393,1,1051.1,6.155
rgrasp,RC206,RC,2,30,29,1106.3,5,18977,326,1,1051.1,5.252
tabu,RC206,RC,2,1,0,1130.9,4,10255,1442,1,1051.1,7.592
vnd,RC206,RC,2,1,0,1218.2,4,60,0,1,1051.1,15.898
grasp,RC207,RC,2,1,0,1027.6,4,27076,461,1,962.9,6.719
grasp,RC207,RC,2,2,1,1016.7,4,29274,487,1,962.9,5.587
grasp,RC207,RC,2,3,2,1022.3,4,31046,524,1,962.9,6.169
grasp,RC207,RC,2,4,3,1032.1,4,19154,321,1,962.9,7.187
grasp,RC207,RC,2,5,4,1024.9,4,18261,302,1,962.9,6.439
grasp,RC207,RC,2,6,5,1013.9,4,22601,392,1,962.9,5.297
grasp,RC207,RC,2,7,6,1030.9,4,32495,579,1,962.9,7.062
grasp,RC207,RC,2,8,7,1019.3,4,20496,364,1,962.9,5.857
grasp,RC207,RC,2,9,8,1023.8,4,45936,775,1,962.9,6.325
grasp,RC207,RC,2,10,9,1031.3,4,29657,515,1,962.9,7.104
grasp,RC207,RC,2,11,10,1030.5,4,25808,437,1,962.9,7.020
grasp,RC207,RC,2,12,11,1024.8,4,25662,440,1,962.9,6.428
grasp,RC207,RC,2,13,12,1024.0,4,25686,459,1,962.9,6.345
grasp,RC207,RC,2,14,13,1022.6,4,22268,366,1,962.9,6.200
grasp,RC207,RC,2,15,14,1026.4,4,17727,299,1,962.9,6.595
grasp,RC207,RC,2,16,15,1021.6,4,34167,575,1,962.9,6.096
grasp,RC207,RC,2,17,16,1032.7,4,16609,291,1,962.9,7.249
grasp,RC207,RC,2,18,17,1041.1,4,30056,509,1,962.9,8.121
grasp,RC207,RC,2,19,18,1033.0,4,15847,279,1,962.9,7.280
grasp,RC207,RC,2,20,19,1040.8,4,14560,257,1,962.9,8.090
grasp,RC207,RC,2,21,20,1023.8,4,26786,481,1,962.9,6.325
grasp,RC207,RC,2,22,21,1027.6,4,41999,703,1,962.9,6.719
grasp,RC207,RC,2,23,22,1013.9,4,27559,469,1,962.9,5.297
grasp,RC207,RC,2,24,23,1022.9,4,34351,593,1,962.9,6.231
grasp,RC207,RC,2,25,24,1030.6,4,14628,257,1,962.9,7.031
grasp,RC207,RC,2,26,25,1033.3,4,16548,284,1,962.9,7.311
grasp,RC207,RC,2,27,26,1018.5,4,18879,319,1,962.9,5.774
grasp,RC207,RC,2,28,27,1024.6,4,47268,785,1,962.9,6.408
grasp,RC207,RC,2,29,28,1029.7,4,26058,463,1,962.9,6.937
grasp,RC207,RC,2,30,29,1020.3,4,56581,952,1,962.9,5.961
i1,RC207,RC,2,1,0,1565.7,4,0,0,1,962.9,62.603
rgrasp,RC207,RC,2,1,0,1019.7,4,29337,476,1,962.9,5.899
rgrasp,RC207,RC,2,2,1,1022.1,4,31054,484,1,962.9,6.148
rgrasp,RC207,RC,2,3,2,1030.3,4,24388,379,1,962.9,7.000
rgrasp,RC207,RC,2,4,3,1020.9,4,17082,279,1,962.9,6.023
rgrasp,RC207,RC,2,5,4,1048.4,4,28789,444,1,962.9,8.879
rgrasp,RC207,RC,2,6,5,1025.6,4,23713,384,1,962.9,6.512
rgrasp,RC207,RC,2,7,6,1031.6,4,21803,345,1,962.9,7.135
rgrasp,RC207,RC,2,8,7,1027.7,4,15922,254,1,962.9,6.730
rgrasp,RC207,RC,2,9,8,1030.9,4,23283,370,1,962.9,7.062
rgrasp,RC207,RC,2,10,9,1030.9,4,52262,816,1,962.9,7.062
rgrasp,RC207,RC,2,11,10,1060.4,4,23305,375,1,962.9,10.126
rgrasp,RC207,RC,2,12,11,1027.0,4,39218,609,1,962.9,6.657
rgrasp,RC207,RC,2,13,12,1035.9,4,37781,605,1,962.9,7.581
rgrasp,RC207,RC,2,14,13,1031.6,5,29728,455,1,962.9,7.135
rgrasp,RC207,RC,2,15,14,1023.5,4,60968,938,1,962.9,6.293
rgrasp,RC207,RC,2,16,15,1023.0,4,36854,576,1,962.9,6.242
rgrasp,RC207,RC,2,17,16,1033.6,4,33774,517,1,962.9,7.342
rgrasp,RC207,RC,2,18,17,1036.5,4,32461,515,1,962.9,7.644
rgrasp,RC207,RC,2,19,18,1016.7,4,30051,482,1,962.9,5.587
rgrasp,RC207,RC,2,20,19,1030.9,4,21122,352,1,962.9,7.062
rgrasp,RC207,RC,2,21,20,1015.2,4,16713,274,1,962.9,5.432
rgrasp,RC207,RC,2,22,21,1027.6,5,32068,511,1,962.9,6.719
rgrasp,RC207,RC,2,23,22,1018.3,4,16876,276,1,962.9,5.753
rgrasp,RC207,RC,2,24,23,1016.8,4,19675,321,1,962.9,5.598
rgrasp,RC207,RC,2,25,24,1015.2,4,19569,321,1,962.9,5.432
rgrasp,RC207,RC,2,26,25,1028.3,4,24591,385,1,962.9,6.792
rgrasp,RC207,RC,2,27,26,1022.1,5,53295,819,1,962.9,6.148
rgrasp,RC207,RC,2,28,27,1034.1,5,29610,457,1,962.9,7.394
rgrasp,RC207,RC,2,29,28,1032.7,4,18890,305,1,962.9,7.249
rgrasp,RC207,RC,2,30,29,1030.4,4,33571,520,1,962.9,7.010
tabu,RC207,RC,2,1,0,1034.6,4,18744,2589,1,962.9,7.446
vnd,RC207,RC,2,1,0,1195.0,4,47,0,1,962.9,24.104
grasp,RC208,RC,2,1,0,871.6,3,21873,507,1,776.1,12.305
grasp,RC208,RC,2,2,1,900.4,3,11728,268,1,776.1,16.016
grasp,RC208,RC,2,3,2,887.3,3,18933,416,1,776.1,14.328
grasp,RC208,RC,2,4,3,878.5,3,23239,533,1,776.1,13.194
grasp,RC208,RC,2,5,4,846.3,3,27988,592,1,776.1,9.045
grasp,RC208,RC,2,6,5,885.6,3,17728,411,1,776.1,14.109
grasp,RC208,RC,2,7,6,871.3,3,27102,591,1,776.1,12.266
grasp,RC208,RC,2,8,7,877.9,3,20272,461,1,776.1,13.117
grasp,RC208,RC,2,9,8,871.9,3,21788,478,1,776.1,12.344
grasp,RC208,RC,2,10,9,899.4,3,14753,356,1,776.1,15.887
grasp,RC208,RC,2,11,10,895.4,3,28059,606,1,776.1,15.372
grasp,RC208,RC,2,12,11,875.4,3,11401,270,1,776.1,12.795
grasp,RC208,RC,2,13,12,886.6,3,18581,403,1,776.1,14.238
grasp,RC208,RC,2,14,13,897.1,3,12420,256,1,776.1,15.591
grasp,RC208,RC,2,15,14,883.5,3,15845,363,1,776.1,13.838
grasp,RC208,RC,2,16,15,884.8,3,13476,295,1,776.1,14.006
grasp,RC208,RC,2,17,16,885.8,3,22154,511,1,776.1,14.135
grasp,RC208,RC,2,18,17,864.6,3,21734,468,1,776.1,11.403
grasp,RC208,RC,2,19,18,886.6,3,20976,450,1,776.1,14.238
grasp,RC208,RC,2,20,19,880.4,3,11867,274,1,776.1,13.439
grasp,RC208,RC,2,21,20,884.8,3,22457,533,1,776.1,14.006
grasp,RC208,RC,2,22,21,893.3,3,14000,328,1,776.1,15.101
grasp,RC208,RC,2,23,22,877.7,3,29444,652,1,776.1,13.091
grasp,RC208,RC,2,24,23,882.4,3,19936,422,1,776.1,13.697
grasp,RC208,RC,2,25,24,882.2,3,19319,419,1,776.1,13.671
grasp,RC208,RC,2,26,25,873.0,3,20346,450,1,776.1,12.486
grasp,RC208,RC,2,27,26,863.1,3,12711,271,1,776.1,11.210
grasp,RC208,RC,2,28,27,843.2,3,30647,675,1,776.1,8.646
grasp,RC208,RC,2,29,28,864.3,3,12886,280,1,776.1,11.365
grasp,RC208,RC,2,30,29,883.2,3,14326,340,1,776.1,13.800
i1,RC208,RC,2,1,0,1155.9,3,0,0,1,776.1,48.937
rgrasp,RC208,RC,2,1,0,879.1,4,15183,293,1,776.1,13.271
rgrasp,RC208,RC,2,2,1,883.0,3,14027,275,1,776.1,13.774
rgrasp,RC208,RC,2,3,2,878.3,3,34856,658,1,776.1,13.168
rgrasp,RC208,RC,2,4,3,878.6,4,22649,421,1,776.1,13.207
rgrasp,RC208,RC,2,5,4,882.3,4,23562,461,1,776.1,13.684
rgrasp,RC208,RC,2,6,5,879.0,4,13868,262,1,776.1,13.259
rgrasp,RC208,RC,2,7,6,864.2,4,37845,675,1,776.1,11.352
rgrasp,RC208,RC,2,8,7,870.1,4,35274,649,1,776.1,12.112
rgrasp,RC208,RC,2,9,8,875.5,3,37282,691,1,776.1,12.808
rgrasp,RC208,RC,2,10,9,895.3,3,14246,272,1,776.1,15.359
rgrasp,RC208,RC,2,11,10,872.2,4,23024,443,1,776.1,12.382
rgrasp,RC208,RC,2,12,11,868.1,4,18669,371,1,776.1,11.854
rgrasp,RC208,RC,2,13,12,890.9,3,21727,421,1,776.1,14.792
rgrasp,RC208,RC,2,14,13,864.3,4,39463,790,1,776.1,11.365
rgrasp,RC208,RC,2,15,14,855.1,4,25315,488,1,776.1,10.179
rgrasp,RC208,RC,2,16,15,870.5,3,17173,328,1,776.1,12.163
rgrasp,RC208,RC,2,17,16,840.3,4,31970,593,1,776.1,8.272
rgrasp,RC208,RC,2,18,17,896.3,3,16502,328,1,776.1,15.488
rgrasp,RC208,RC,2,19,18,871.1,4,14024,281,1,776.1,12.241
rgrasp,RC208,RC,2,20,19,849.2,4,27108,502,1,776.1,9.419
rgrasp,RC208,RC,2,21,20,826.9,4,23781,455,1,776.1,6.546
rgrasp,RC208,RC,2,22,21,894.6,4,13755,287,1,776.1,15.269
rgrasp,RC208,RC,2,23,22,874.5,3,23493,451,1,776.1,12.679
rgrasp,RC208,RC,2,24,23,872.9,3,17128,327,1,776.1,12.473
rgrasp,RC208,RC,2,25,24,895.0,3,12560,255,1,776.1,15.320
rgrasp,RC208,RC,2,26,25,901.4,3,23195,426,1,776.1,16.145
rgrasp,RC208,RC,2,27,26,820.3,4,31434,581,1,776.1,5.695
rgrasp,RC208,RC,2,28,27,870.9,3,20958,404,1,776.1,12.215
rgrasp,RC208,RC,2,29,28,878.3,4,21740,424,1,776.1,13.168
rgrasp,RC208,RC,2,30,29,892.5,3,18734,372,1,776.1,14.998
tabu,RC208,RC,2,1,0,915.4,3,12267,1487,1,776.1,17.949
vnd,RC208,RC,2,1,0,949.8,3,41,0,1,776.1,22.381
